{"type":"FeatureCollection","features":[{"type":"Feature","properties":{"kind":"admin1"},"geometry":{"type":"MultiLineString","coordinates":[[[72.0,21.79109380264383],[72.021821,21.800971],[72.021821,21.774319],[72.073904,21.788723],[72.103201,21.775214],[72.166026,21.793931],[72.223806,21.700588],[72.271739,21.690904],[72.298839,21.626288],[72.275157,21.595526],[72.242198,21.48078],[72.2199,21.444729],[72.104503,21.315009],[72.111501,21.296088],[72.097016,21.287665],[72.090831,21.252916],[72.104747,21.205064],[72.0,21.140989077009223]],[[72.847004,20.468313],[72.886485,20.531562],[72.885265,20.619208],[72.902599,20.641913],[72.909434,20.698676],[72.898936,20.732164],[72.946788,20.759467],[72.919444,20.787421],[72.919444,20.821519],[72.900238,20.79914],[72.885753,20.807115],[72.880138,20.829901],[72.900401,20.868109],[72.836925,20.835842],[72.864919,20.897284],[72.836681,20.929918],[72.886485,20.962104],[72.888438,20.982611],[72.832693,20.972357],[72.816091,20.99901],[72.771983,21.023871],[72.766856,21.03856],[72.82309,21.03384],[72.849864,21.048],[72.809581,21.130032],[72.755626,21.109565],[72.741954,21.123236],[72.734548,21.092475],[72.700369,21.074774],[72.728689,21.148098],[72.714041,21.16413],[72.676443,21.153632],[72.671235,21.099799],[72.637869,21.085395],[72.615001,21.105862],[72.630382,21.135972],[72.734548,21.19892],[72.646983,21.253607],[72.645763,21.273383],[72.618419,21.252916],[72.586762,21.341213],[72.645763,21.362779],[72.638682,21.371243],[72.578868,21.367011],[72.564626,21.38581],[72.635102,21.407457],[72.728282,21.465806],[72.747081,21.452867],[72.748546,21.479641],[72.738292,21.482856],[72.583669,21.417426],[72.61964,21.487372],[72.690115,21.540676],[72.773204,21.580512],[72.82309,21.643948],[72.889659,21.64053],[73.116954,21.73725],[73.132009,21.757799],[73.118826,21.764716],[72.926931,21.684963],[72.858165,21.694973],[72.798106,21.673529],[72.733246,21.687486],[72.676443,21.678127],[72.616059,21.685452],[72.550304,21.666693],[72.534679,21.672919],[72.528494,21.695136],[72.566905,21.849351],[72.58546,21.858873],[72.618419,21.925116],[72.65211,21.941067],[72.690115,21.938788],[72.714041,21.982978],[72.734548,21.994045],[72.707774,21.994045],[72.693533,21.972317],[72.623057,21.96662],[72.581798,21.928168],[72.542735,21.910834],[72.50172,21.97602],[72.535899,22.14053],[72.57545,22.194525],[72.634451,22.210395],[72.681895,22.181586],[72.707774,22.185777],[72.74822,22.164049],[72.812266,22.234117],[72.847423,22.240424],[72.897227,22.213039],[72.916026,22.22309],[72.917491,22.27143],[72.905772,22.281399],[72.869477,22.262397],[72.818207,22.273424],[72.756602,22.24372],[72.573741,22.288235],[72.50172,22.240424],[72.466156,22.232571],[72.454845,22.245307],[72.463878,22.263983],[72.413748,22.246324],[72.391856,22.253485],[72.380382,22.312405],[72.404959,22.332953],[72.397227,22.366767],[72.361013,22.343451],[72.328298,22.260728],[72.275157,22.260321],[72.264659,22.295233],[72.240408,22.301907],[72.208507,22.300442],[72.206309,22.273912],[72.148774,22.277899],[72.190684,22.251288],[72.240408,22.288235],[72.239106,22.238918],[72.268321,22.226752],[72.306488,22.22956],[72.317231,22.184882],[72.307628,22.079006],[72.25766,22.012152],[72.220958,22.010972],[72.214366,21.994045],[72.19988,22.006985],[72.163422,21.973212],[72.134288,22.004584],[72.097016,22.007025],[72.128103,21.983547],[72.114919,21.969387],[72.076508,21.979722],[72.104503,21.959215],[72.102061,21.945054],[72.055186,21.953518],[72.028656,21.938788],[72.104503,21.91767],[72.156505,21.925849],[72.145356,21.910834],[72.16977,21.890448],[72.160004,21.865912],[72.169444,21.841376],[72.13087,21.846259],[72.098481,21.88052],[72.057953,21.898749],[72.049327,21.880439],[72.086436,21.865627],[72.104503,21.835761],[72.062836,21.834377],[72.0,21.8560244091574]],[[74.323453,23.036062],[74.23333,23.1559],[74.193125,23.177164],[74.14672,23.15807],[74.121915,23.170214],[74.097524,23.260028],[74.030035,23.297674],[73.959548,23.358833],[73.938464,23.362192],[73.911592,23.334571],[73.885444,23.339222],[73.803485,23.438802],[73.710674,23.415031],[73.666129,23.441825],[73.627165,23.438699],[73.618794,23.451876],[73.631713,23.48774],[73.61652,23.524973],[73.615383,23.60179],[73.594402,23.627395],[73.566394,23.635405],[73.524432,23.603107],[73.504175,23.602642],[73.502728,23.701706],[73.449708,23.719793],[73.411674,23.779221],[73.358138,23.78736],[73.368163,23.899627],[73.42387,23.940942],[73.395965,24.042228],[73.354107,24.104731],[73.338087,24.103025],[73.303671,24.045458],[73.245586,24.015537],[73.207966,24.054036],[73.189466,24.093749],[73.101616,24.15943],[73.077535,24.214336],[73.107507,24.29229],[73.137169,24.335931],[73.19267,24.336138],[73.216648,24.36903],[73.203935,24.391095],[73.165695,24.378383],[73.097275,24.404299],[73.100996,24.485095],[73.091074,24.507212],[72.994542,24.490056],[72.974492,24.464192],[72.958679,24.390062],[72.91124,24.360115],[72.717557,24.390243],[72.667637,24.460936],[72.544544,24.510132],[72.50806,24.506463],[72.482636,24.440266],[72.457004,24.43055],[72.421967,24.481297],[72.413596,24.522974],[72.356028,24.524679],[72.338458,24.552714],[72.288952,24.561214],[72.248748,24.592711],[72.255776,24.606535],[72.328433,24.617154],[72.327503,24.642165],[72.172784,24.634001],[72.099403,24.656557],[72.050931,24.708363],[72.0,24.69840120791623]],[[73.946831,30.204077],[73.944354,30.188288],[73.739716,30.048451],[73.557815,30.012536],[73.370332,29.927322],[73.232873,29.536596],[73.050869,29.228217],[72.962915,29.116829],[72.930359,29.047685],[72.901524,29.022622],[72.354581,28.767186],[72.256499,28.645591],[72.197794,28.44488],[72.149942,28.353774],[72.0,28.236704882605896]],[[72.927466,33.727451],[72.927156,33.749051],[72.844732,33.757061],[72.842872,33.785018],[72.87641,33.817729],[72.824889,33.830287],[72.841477,33.850234],[72.841632,33.877261],[72.793676,33.899585],[72.796932,33.930694],[72.784529,33.944621],[72.760655,33.94351],[72.690168,33.862585],[72.652806,33.857184],[72.615857,33.885193],[72.651876,33.932503],[72.565576,33.951416],[72.525527,34.021231],[72.509714,34.022781],[72.430907,34.011464],[72.348639,33.961131],[72.240635,33.938084],[72.226114,33.901368],[72.241513,33.804914],[72.234434,33.76613],[72.087621,33.790031],[72.022147,33.746261],[72.0,33.70458923150686]],[[73.69173654864524,36.894839057246756],[73.509342,36.87868],[73.331782,36.882091],[73.267496,36.866536],[73.191842,36.877027],[73.042497,36.864263],[72.990511,36.841577],[72.945862,36.852222],[72.867727,36.830415],[72.629602,36.832947],[72.516741,36.800597],[72.454109,36.757964],[72.301974,36.74272],[72.169682,36.711352],[72.149632,36.689338],[72.171646,36.653629],[72.059095,36.627119],[72.054961,36.592858],[72.0,36.572874298401246]],[[74.892307,37.231114],[74.862644,37.244601],[74.78854,37.331159],[74.660383,37.393972],[74.631444,37.381079],[74.521167,37.375601],[74.454814,37.393636],[74.378126,37.393765],[74.343813,37.420999],[74.320869,37.413893],[74.315598,37.426916],[74.303816,37.400173],[74.223924,37.403351],[74.187647,37.338394],[73.836247,37.256745],[73.798213,37.22853],[73.746123,37.230545],[73.709227,37.217006],[73.680494,37.242457],[73.617656,37.233181],[73.601636,37.24088],[73.597295,37.261809],[73.630988,37.295993],[73.690416,37.305218],[73.739096,37.338342],[73.753462,37.428388],[73.6745,37.43105],[73.485261,37.480969],[73.440612,37.479936],[73.378394,37.452547],[73.296332,37.464949],[73.211479,37.40826],[73.170241,37.40826],[73.132104,37.384386],[73.067509,37.315062],[72.995575,37.3093],[72.902247,37.2538],[72.79073,37.220262],[72.657714,37.028826],[72.474987,36.997484],[72.405947,37.007665],[72.259806,36.967305],[72.0,36.79693741734715]],[[72.947207,20.127402],[72.872586,20.101797],[72.80582,20.092546],[72.776881,20.101487],[72.708102,20.072644]],[[72.708102,20.072644],[72.755626,20.215155],[72.741954,20.225043],[72.74822,20.280341],[72.781586,20.352281],[72.818112,20.37877]],[[73.00894206014745,18.0],[73.0088,18.025946],[73.042247,18.048977],[73.043468,18.066962],[73.0088,18.039008],[72.987315,18.066555],[72.967296,18.19599],[72.954845,18.217515],[72.926931,18.223944],[72.939952,18.251288],[72.935069,18.276313],[72.939952,18.286038],[72.953136,18.281317],[72.976736,18.24258],[73.050955,18.227484],[73.063487,18.210354],[73.047618,18.201158],[73.057465,18.185614],[73.071544,18.204088],[73.071544,18.273017],[72.994884,18.283596],[72.968028,18.310614],[72.974783,18.327582],[72.912608,18.361151],[72.910167,18.399237],[72.889659,18.441311],[72.907237,18.523586],[72.946788,18.532416],[73.0088,18.450507],[73.014985,18.469957],[72.98878,18.489936],[72.960297,18.554674],[72.910167,18.558987],[72.855317,18.681138],[72.852387,18.769924],[72.865571,18.799384],[72.912608,18.799994],[72.926931,18.826646],[72.974783,18.779486],[72.969574,18.746975],[72.995128,18.731024],[72.99171,18.779364],[73.016287,18.813625],[72.981293,18.832709],[72.9817,18.871487],[72.946137,18.858303],[72.896821,18.894477],[72.912608,18.923489],[72.928071,18.911363],[72.936778,18.947414],[72.977224,18.948432],[72.988292,18.964423],[72.953624,18.971259],[73.046641,18.995185],[73.056814,19.015326],[72.988292,18.998603],[72.980968,19.046373],[72.991873,19.067206],[72.967296,19.09101],[72.967296,19.163072],[72.935557,19.115058],[72.926931,19.06684],[72.94337,19.055121],[72.934255,19.034084],[72.891449,18.991767],[72.885265,19.025865],[72.869314,19.01142],[72.812511,18.897447],[72.802745,18.957587],[72.775401,18.93651],[72.770356,18.948188],[72.802419,18.999661],[72.802745,19.040188],[72.817068,19.032701],[72.824229,19.053534],[72.809581,19.06684],[72.82309,19.108466],[72.809581,19.146308],[72.82309,19.169257],[72.811209,19.175523],[72.792166,19.150458],[72.781586,19.159654],[72.830089,19.252427],[72.815115,19.253648],[72.775401,19.204657],[72.775645,19.299018],[72.785411,19.31391],[72.839366,19.319078],[72.867035,19.316799],[72.900564,19.290758],[72.972667,19.293687],[73.026622,19.205512],[73.049653,19.217719],[73.03004,19.227729],[73.029145,19.259345],[72.987804,19.300686],[72.898936,19.307034],[72.836925,19.348049],[72.818533,19.330268],[72.802094,19.331936],[72.759776,19.388983],[72.746837,19.467963],[72.754405,19.481757],[72.879161,19.532375],[72.8567,19.541327],[72.795909,19.526801],[72.770681,19.566148],[72.741954,19.580797],[72.734548,19.546617],[72.755626,19.519355],[72.741547,19.516018],[72.722504,19.536282],[72.710785,19.587592],[72.718028,19.606676],[72.686697,19.724799],[72.707774,19.697455],[72.72641,19.705797],[72.714041,19.745836],[72.731293,19.754584],[72.732758,19.779731],[72.728282,19.793647],[72.677908,19.746568],[72.679861,19.800482],[72.649181,19.851996],[72.664236,19.881578],[72.665212,19.952948],[72.684337,19.964016],[72.707774,20.012763],[72.708102,20.072644]],[[72.818112,20.37877],[72.847004,20.468313]],[[72.818112,20.37877],[72.881826,20.392104],[72.87957,20.439467],[72.847004,20.468313]],[[73.126214,33.804345],[73.08849,33.781504],[73.031388,33.771143],[72.975525,33.735486],[72.927466,33.727451]],[[72.927466,33.727451],[72.832795,33.686032],[72.810264,33.661925],[72.804993,33.635053],[72.83388,33.589552],[72.878735,33.571388],[73.010304,33.623839],[73.066321,33.622754],[73.108385,33.564644],[73.096552,33.524982],[73.1042,33.515474],[73.142957,33.496457],[73.182541,33.496328],[73.238558,33.551492],[73.320517,33.687091],[73.228792,33.761299],[73.126214,33.804345]],[[73.166315,20.114871],[73.170035,20.164532],[73.154739,20.177838],[73.114018,20.181663],[73.102236,20.146807],[73.086113,20.139236],[73.045599,20.148874],[73.037434,20.212048],[73.112158,20.254914],[73.123217,20.278142],[73.074124,20.291733],[73.076294,20.327958],[73.065132,20.337338],[72.997643,20.293594],[72.963536,20.295247],[72.942866,20.253544],[72.89243,20.251839],[72.891706,20.227396],[72.939352,20.184298],[72.947207,20.127402]],[[73.166315,20.114871],[73.165901,20.062574],[73.142854,20.026607],[73.103063,20.056244],[73.063789,20.040999],[73.039397,20.059344],[72.997229,20.039811],[72.947207,20.127402]],[[73.49669984346414,34.018076314423254],[73.452706,34.001284],[73.417152,33.962372],[73.36439,33.965576],[73.36098,33.935087],[73.311939,33.867623],[73.192773,33.808531],[73.126214,33.804345]],[[74.12884,21.951761],[74.06104,21.940315],[73.942701,21.874608],[73.809376,21.836471],[73.796044,21.805155],[73.803485,21.739784],[73.839142,21.682191],[73.810927,21.634726],[73.754082,21.618836],[73.757183,21.596305],[73.820848,21.508326],[74.018976,21.558891],[74.108996,21.552612],[74.146513,21.570699],[74.191575,21.545507],[74.279838,21.574032],[74.297202,21.553078],[74.296788,21.520185],[74.240564,21.486131],[74.108686,21.451559],[74.04223,21.461791],[73.960168,21.394379],[73.91862,21.291569],[73.841312,21.265808],[73.808446,21.285885],[73.766898,21.203796],[73.696102,21.164677],[73.639154,21.164522],[73.576936,21.194598],[73.551924,21.190671],[73.5974,21.139899],[73.633986,21.119383],[73.705093,21.118711],[73.7423,21.073107],[73.789843,21.058482],[73.868287,20.974767],[73.902911,20.883868],[73.911179,20.790359],[73.89888,20.750956],[73.81103,20.676904],[73.810306,20.639309],[73.792323,20.606184],[73.699822,20.562414],[73.629956,20.563861],[73.586031,20.615409],[73.481024,20.673725],[73.453532,20.717211],[73.433999,20.716281],[73.404233,20.66985],[73.364132,20.648456],[73.406817,20.630317],[73.413948,20.595978],[73.446401,20.584067],[73.4587,20.538023],[73.360721,20.369377],[73.386663,20.332661],[73.394104,20.270391],[73.377878,20.218637],[73.383149,20.186313],[73.363822,20.178304],[73.262536,20.190938],[73.231014,20.125723],[73.19298,20.111021],[73.166315,20.114871]],[[75.298403,32.332427],[75.35295,32.284387],[75.359048,32.261675],[75.31657,32.210748],[75.294659,32.148892],[75.249908,32.148892],[75.195751,32.128634],[75.173116,32.109721],[75.17415,32.086828],[75.13839,32.093494],[75.102113,32.078095],[75.040825,32.09799],[75.022635,32.094683],[75.030179,32.066416],[74.986151,32.063212],[74.955662,32.032206],[74.889103,32.028899],[74.873186,32.011691],[74.828641,32.025437],[74.783683,31.942858],[74.698417,31.950247],[74.669995,31.904152],[74.550415,31.826999],[74.535119,31.771137],[74.489437,31.711192],[74.555583,31.612232],[74.584522,31.517509],[74.617181,31.458908],[74.532225,31.303207],[74.506387,31.175411],[74.536773,31.115156],[74.616975,31.11526],[74.658833,31.083789],[74.579458,31.042706],[74.564058,31.004362],[74.519306,30.962452],[74.441585,30.946174],[74.401277,30.893103],[74.34247,30.901939],[74.319215,30.893413],[74.304022,30.874034],[74.31136,30.855947],[74.300198,30.83817],[74.256687,30.815278],[74.266712,30.788354],[74.191161,30.717041],[74.163669,30.664899],[74.111476,30.646244],[74.067448,30.610536],[74.057526,30.531367],[74.004402,30.50894],[73.929265,30.419075],[73.899913,30.422124],[73.906114,30.394838],[73.887614,30.396544],[73.85175,30.372669],[73.842345,30.35298],[73.891644,30.329778],[73.911901,30.303784],[73.946831,30.204077]],[[74.516517,29.94719],[74.385568,29.963081],[73.887098,29.984242],[73.898466,30.034911],[73.97133,30.141856],[73.9704,30.196323],[73.946831,30.204077]],[[74.323453,23.036062],[74.343917,22.986918],[74.359317,22.883797],[74.370582,22.87279],[74.400865,22.881601],[74.4266,22.871628],[74.459052,22.822457],[74.37637,22.651047],[74.338026,22.618],[74.272707,22.609654],[74.151474,22.510306],[74.119745,22.504389],[74.050395,22.520538],[74.024867,22.491341],[74.036029,22.468474],[74.098144,22.416927],[74.196536,22.414937],[74.23457,22.403362],[74.245732,22.385611],[74.23426,22.358894],[74.196536,22.332694],[74.136798,22.320912],[74.084915,22.349411],[74.059387,22.320628],[74.066208,22.205622],[74.096387,22.173505],[74.117264,22.102036],[74.140622,22.07147],[74.12884,21.951761]],[[74.12884,21.951761],[74.204908,21.92507],[74.249039,21.929773],[74.284386,21.94494],[74.289967,21.966024],[74.351979,21.986514],[74.407686,22.023049],[74.485614,21.945973],[74.494192,21.917009],[74.488198,21.805078],[74.521167,21.717564],[74.591551,21.667877],[74.660901,21.645294],[74.708133,21.611162],[74.864712,21.616123],[74.903676,21.608991],[74.956076,21.577934],[75.011473,21.57349],[75.067697,21.534732],[75.129916,21.437684],[75.209498,21.40288],[75.31192,21.38146],[75.521106,21.371771],[75.625183,21.385465],[75.814008,21.383372],[75.877777,21.399779],[76.039628,21.365699],[76.082933,21.368076],[76.130475,21.280123],[76.142877,21.193125],[76.131198,21.176279],[76.106187,21.172222],[76.108564,21.153128],[76.166855,21.09432],[76.286641,21.074812],[76.410354,21.096723],[76.436606,21.107808],[76.498308,21.180361],[76.625949,21.208835],[76.653957,21.251313],[76.637111,21.349214],[76.720413,21.403448],[76.77705,21.48011],[76.79369,21.577004],[76.814051,21.600129],[76.917404,21.618086],[77.028818,21.693586],[77.115531,21.724049],[77.178886,21.726168],[77.218987,21.700846],[77.25113,21.731206],[77.332985,21.774459],[77.474062,21.767302],[77.503724,21.732886],[77.548373,21.707435],[77.574935,21.548323],[77.456802,21.548504],[77.431998,21.534216],[77.432204,21.500858],[77.493803,21.391201],[77.519537,21.417659],[77.568423,21.386421],[77.638083,21.398772],[77.67622,21.395103],[77.702989,21.37792],[77.794456,21.424558],[77.871454,21.3981],[77.910211,21.40058],[78.085601,21.462411],[78.144409,21.498662],[78.192675,21.551114],[78.310187,21.586331],[78.340366,21.619895],[78.365997,21.625425],[78.413333,21.606304],[78.427906,21.508481],[78.497152,21.528531],[78.626653,21.479413],[78.696003,21.474762],[78.799563,21.489309],[78.917592,21.513907],[78.932268,21.534681],[78.921932,21.572275],[78.950354,21.590362],[79.081509,21.612867],[79.215765,21.65457],[79.237572,21.709347],[79.258656,21.714256],[79.331933,21.690278],[79.426398,21.687255],[79.486342,21.663484],[79.498331,21.639661],[79.533058,21.619275],[79.551558,21.550029],[79.565201,21.538815],[79.660285,21.585194],[79.758781,21.594083],[79.813144,21.579768],[79.849731,21.52941],[79.896447,21.53251],[79.96528,21.562586],[80.005277,21.548323],[80.080311,21.571578],[80.088683,21.591783],[80.186661,21.63948],[80.248053,21.596796],[80.310168,21.580233],[80.337453,21.525534],[80.402669,21.480214],[80.417552,21.446831],[80.395331,21.414869],[80.402669,21.394328],[80.484421,21.401821],[80.625601,21.326476],[80.679034,21.351152]],[[74.316321,32.791075],[74.306503,32.809911],[74.316989,32.823067],[73.983008,32.969074],[73.943011,33.018192],[73.907354,33.029949],[73.805861,33.015144],[73.640497,33.103304],[73.622513,33.124491],[73.645354,33.143094],[73.654863,33.184694],[73.620756,33.212005],[73.614659,33.232443],[73.583756,33.227637],[73.579829,33.239264],[73.600293,33.246706],[73.593471,33.304299],[73.603186,33.333031],[73.573834,33.387395],[73.60422,33.441577],[73.627578,33.452068],[73.614659,33.519661],[73.635019,33.540796],[73.614659,33.593119],[73.573111,33.633659],[73.600293,33.70859],[73.56722,33.803442],[73.579829,33.910464],[73.518644,34.00777],[73.474099,34.269176],[73.400201,34.375526],[73.425923,34.43033],[73.450121,34.562594],[73.583239,34.588381],[73.605346,34.584924],[73.623444,34.56399],[73.659514,34.633649],[73.648972,34.672458],[73.70871,34.763306],[73.750568,34.789971],[73.819504,34.810486],[73.889577,34.812708],[73.95438,34.862679],[74.017838,34.880663],[74.061453,34.941693],[74.066931,34.981794],[74.100314,35.009647],[74.067551,35.055381],[74.088428,35.085043],[74.124395,35.105093],[74.101864,35.140492],[74.031481,35.146796],[73.992275,35.175268],[73.954069,35.170723],[73.924304,35.198886],[73.864346,35.202302],[73.809618,35.233521],[73.773099,35.234491],[73.738682,35.20979],[73.722146,35.215733],[73.718425,35.264102],[73.687419,35.310146],[73.69021,35.35743],[73.72752,35.417633],[73.784157,35.44714],[73.772065,35.521967],[73.629541,35.543],[73.504795,35.533853],[73.442576,35.561758],[73.40971,35.547754],[73.382528,35.588216],[73.307081,35.600309],[73.290441,35.62284],[73.125593,35.724797],[73.128487,35.796317],[73.154738,35.824895],[73.088386,35.875899],[73.042187,35.856055],[72.971597,35.878121],[72.872172,35.874297],[72.792383,35.837555],[72.655854,35.854143],[72.515604,35.903959],[72.589088,36.016149],[72.529247,36.102604],[72.560253,36.143893],[72.553845,36.18911],[72.585988,36.25784],[72.633427,36.278562],[72.692441,36.271069],[72.718796,36.300111],[72.784528,36.328791],[72.83021,36.370391],[72.876926,36.384292],[72.895736,36.461548],[72.98493,36.472762],[72.982966,36.511261],[73.055003,36.539631],[73.095517,36.606604],[73.0734,36.663603],[73.078154,36.70081],[73.130554,36.709388],[73.176546,36.734865],[73.213443,36.712902],[73.296332,36.71745],[73.416014,36.752073],[73.519884,36.730731],[73.595125,36.735485],[73.622307,36.710163],[73.678634,36.703962],[73.721215,36.727113],[73.761626,36.716055],[73.801934,36.728457],[73.879345,36.71161],[73.887304,36.770522],[73.798937,36.827986],[73.720285,36.851137],[73.711842,36.894139],[73.834077,36.882866],[73.946938,36.83088],[74.035305,36.815583],[74.094319,36.831241],[74.1153,36.889532],[74.129666,36.898421],[74.235706,36.902167],[74.394043,36.994022],[74.43559,37.003221],[74.476622,36.999319],[74.521373,36.958495],[74.537393,36.962241],[74.542354,37.021669],[74.66245,37.054484],[74.719191,37.01645],[74.792571,37.015158],[74.824507,36.994125],[74.860887,36.946893],[74.87236,36.907102],[74.924966,36.970871],[75.100149,36.994125],[75.195131,36.948883],[75.351297,36.915784],[75.394498,36.864263],[75.410518,36.747319],[75.431912,36.722928],[75.49258,36.720705],[75.50798,36.747629],[75.570508,36.766749],[75.64978,36.754037],[75.728741,36.723186],[75.874779,36.619471],[75.981083,36.445444],[76.149284,36.424548],[76.238995,36.319903],[76.318576,36.330083],[76.388856,36.309774],[76.428647,36.239546],[76.469265,36.220013],[76.568277,36.190402],[76.668943,36.190402],[76.718759,36.159913],[76.758653,36.110045],[76.77891,36.039817],[76.77891,35.910264],[76.839061,35.859518],[77.00856,35.819727],[77.068608,35.779936],[77.089589,35.740197],[77.208961,35.709656],[77.348591,35.719785],[77.421351,35.640151],[77.468894,35.651882],[77.508685,35.580155],[77.519608,35.477439],[77.660613,35.458095],[77.760349,35.498093],[77.88985,35.481763],[77.915171,35.494165],[77.954755,35.561706],[78.10162,35.538297],[78.161875,35.623615],[78.229364,35.647489],[78.275769,35.694722],[78.435243,35.760971],[78.545314,35.781125],[78.66479,35.852541],[78.97143,35.887434],[79.028084,35.85237],[79.132534,35.836217],[79.19405,35.886924],[79.183621,35.941322],[79.323664,35.980027],[79.400249,35.961992],[79.423916,35.939823],[79.428257,35.908507],[79.460819,35.885767],[79.623335,35.845651],[79.737537,35.802009],[79.875561,35.78496],[79.918553,35.82225],[79.960285,35.838863],[80.00452,35.838928],[80.111073,35.680006],[80.177905,35.66695],[80.291504,35.607418],[80.326316,35.466782],[80.284419,35.445521],[80.277714,35.345234],[80.255494,35.312678],[80.261281,35.26989],[80.241832,35.223158],[80.202574,35.19085],[80.187958,35.150638],[80.162606,34.950875],[80.077907,34.837333],[80.073872,34.792275],[80.085582,34.776586],[80.049718,34.67313],[79.995768,34.647499],[79.866783,34.658041],[79.81335,34.565385],[79.731495,34.545076],[79.702142,34.520349],[79.701729,34.500298],[79.736766,34.463324],[79.738006,34.44472],[79.712684,34.415316],[79.669586,34.407436],[79.523032,34.426091],[79.509493,34.392165],[79.551557,34.209567],[79.53285,34.184168],[79.488202,34.181894],[79.495023,34.10593],[79.40552,34.021904],[79.375961,34.011413],[79.132255,34.026477],[79.070656,33.995497],[78.935057,34.00715],[78.902811,33.983172],[78.887515,33.946456],[78.89754,33.907466],[78.945393,33.799824],[78.991281,33.75192],[79.012779,33.633685],[79.002547,33.619344],[78.945393,33.634124],[78.89599,33.620094],[78.886895,33.566893],[78.909839,33.494236],[78.917694,33.386258]],[[78.200116,26.823583],[78.169007,26.822162],[78.164976,26.791931],[78.15154,26.783198],[78.101207,26.795109],[78.092939,26.779787],[78.10038,26.742864],[78.0794,26.682919],[78.038472,26.681808],[78.012841,26.69558],[77.90277,26.664032],[77.880652,26.625559],[77.819157,26.605069],[77.831456,26.575768],[77.74402,26.536158],[77.715081,26.506031],[77.616792,26.482983],[77.51437,26.416372],[77.441816,26.413272],[77.431274,26.373662],[77.335776,26.361104],[77.28813,26.299997],[77.209686,26.241964],[77.124729,26.237856],[77.099821,26.221449],[77.082458,26.185275],[77.018896,26.171659],[76.991921,26.135899],[76.907998,26.098588],[76.887535,26.06381],[76.815498,26.018826],[76.804336,25.974436],[76.740153,25.923224],[76.641141,25.920434],[76.620574,25.885061],[76.591945,25.880591],[76.545953,25.848293],[76.517945,25.799252],[76.512674,25.74463],[76.481151,25.732151],[76.551431,25.460126],[76.602901,25.437414],[76.641451,25.384859],[76.705944,25.372638],[76.765888,25.334655],[76.819115,25.344474],[76.869655,25.337937],[76.922778,25.306388],[76.946963,25.318558],[77.001533,25.317551],[77.095791,25.355378],[77.181057,25.342536],[77.208135,25.364809],[77.237074,25.422247],[77.281206,25.442659],[77.327714,25.443202],[77.358514,25.41186],[77.342804,25.367677],[77.365335,25.324424],[77.357894,25.27993],[77.398925,25.212234],[77.382388,25.14291],[77.328851,25.108623],[77.266013,25.130456],[77.200384,25.129345],[77.088039,25.093688],[76.999362,25.08772],[76.869034,25.040151],[76.84733,25.012375],[76.878233,24.935403],[76.881747,24.890522],[76.857562,24.866441],[76.791933,24.851688],[76.782735,24.826754],[76.848054,24.759703],[76.877819,24.743916],[76.956368,24.742599],[77.014555,24.699165],[77.046181,24.649581],[77.060857,24.577854],[77.035226,24.538399],[76.922261,24.496076],[76.8988,24.500081],[76.89632,24.533929],[76.875752,24.565297],[76.828417,24.57664],[76.806713,24.5654],[76.820459,24.3373],[76.894149,24.229658],[76.86273,24.175036],[76.766612,24.160334],[76.66915,24.223586],[76.653957,24.240536],[76.674111,24.294771],[76.660778,24.309602],[76.581713,24.282446],[76.552051,24.22139],[76.511537,24.209091],[76.494794,24.214414],[76.477534,24.253455],[76.45614,24.265031],[76.381519,24.260018],[76.304728,24.283143],[76.214501,24.283764],[76.190213,24.310609],[76.188973,24.35208],[76.173573,24.351486],[76.132749,24.329394],[76.123964,24.312005],[76.116626,24.134031],[76.083243,24.098142],[75.984747,24.036854],[75.9802,24.02595],[76.001801,23.997967],[75.986711,23.964894],[75.899378,23.918334],[75.792511,23.881876],[75.728742,23.916241],[75.720267,23.906474],[75.726675,23.858777],[75.692879,23.789143],[75.653088,23.810382],[75.597071,23.8179],[75.578157,23.875726],[75.501366,23.921744],[75.48607,23.988924],[75.513045,24.036027],[75.529478,24.04259],[75.621772,23.995228],[75.683577,24.024632],[75.729983,24.00068],[75.806154,24.097703],[75.805017,24.119122],[75.763469,24.141007],[75.746416,24.171884],[75.759231,24.211597],[75.794785,24.251647],[75.803983,24.292523],[75.796645,24.314072],[75.75179,24.342261],[75.734427,24.423962],[75.744969,24.468843],[75.765433,24.493363],[75.792201,24.494164],[75.837573,24.46998],[75.873953,24.501089],[75.869406,24.599377],[75.813698,24.663895],[75.813388,24.717665],[75.781866,24.759083],[75.747036,24.78009],[75.648954,24.738335],[75.448036,24.703144],[75.192238,24.731902],[75.175081,24.750531],[75.173634,24.774664],[75.210428,24.821043],[75.186863,24.892899],[75.20247,24.892925],[75.247325,24.852049],[75.297451,24.839389],[75.355018,24.847321],[75.405765,24.890212],[75.405144,24.901891],[75.387264,24.904578],[75.297658,24.887628],[75.245154,24.911425],[75.251355,24.93654],[75.305202,24.926024],[75.320292,24.935248],[75.29156,24.996278],[75.319362,25.059556],[75.235129,25.040229],[75.133326,25.040022],[75.093846,24.977778],[75.103768,24.927497],[75.095396,24.896594],[75.078033,24.888869],[75.048887,24.898481],[74.995144,24.864116],[74.899646,24.897163],[74.861715,24.927032],[74.817067,24.927497],[74.837531,24.859413],[74.83257,24.800528],[74.966515,24.790218],[74.979227,24.777454],[74.956903,24.683016],[74.881145,24.664877],[74.858511,24.671931],[74.810349,24.726734],[74.797636,24.774509],[74.78141,24.781743],[74.769214,24.730971],[74.784304,24.668133],[74.711853,24.523852],[74.720225,24.500314],[74.8335,24.466362],[74.846832,24.435511],[74.766424,24.35872],[74.754021,24.304124],[74.730974,24.26777],[74.74565,24.257279],[74.823888,24.261258],[74.869983,24.236118],[74.900266,24.117391],[74.968479,24.041298],[74.908327,23.896733],[74.903056,23.855263],[74.90657,23.791313],[74.938506,23.721679],[74.934992,23.666411],[74.853344,23.526962],[74.822958,23.500116],[74.631445,23.420354],[74.569537,23.36785],[74.521271,23.289742],[74.53636,23.250907],[74.65842,23.226464],[74.719605,23.169439],[74.611911,23.112672],[74.550003,23.098745],[74.476106,23.062365],[74.387429,23.072597],[74.323453,23.036062]],[[74.367688,32.763531],[74.438691,32.785984],[74.500909,32.746013],[74.573773,32.75255],[74.614081,32.770404],[74.635888,32.82208],[74.671752,32.840581],[74.689115,32.808825],[74.649738,32.723146],[74.656042,32.64067],[74.629584,32.588089],[74.662553,32.498379],[74.689322,32.471352],[74.724978,32.46081],[74.83815,32.474866],[74.906983,32.445178],[75.023668,32.466262],[75.125988,32.411744],[75.196164,32.3973],[75.298403,32.332427]],[[74.516517,29.94719],[74.514346,29.915384],[74.544835,29.887969],[74.547006,29.860813],[74.481893,29.823503],[74.459362,29.763093],[74.468044,29.744386],[74.498326,29.736247],[74.584316,29.770121],[74.60478,29.755032],[74.574808,29.589693],[74.611911,29.53073],[74.610051,29.487787],[74.594858,29.467607],[74.55052,29.465385],[74.537084,29.441382],[74.605193,29.33839],[74.636303,29.33392],[74.65594,29.36596],[74.767251,29.366192],[74.831226,29.403761],[74.925484,29.366011],[74.969616,29.284337],[75.042066,29.285706],[75.079583,29.236329],[75.150173,29.252608],[75.181592,29.273252],[75.214148,29.253693],[75.249702,29.256406],[75.313781,29.298935],[75.331144,29.289815],[75.323082,29.253848],[75.338172,29.234547],[75.388091,29.257646],[75.410002,29.201293],[75.376309,29.170132],[75.393569,29.13631],[75.392949,29.105976],[75.452067,29.023862],[75.518729,28.988825],[75.516249,28.957509],[75.485966,28.926839],[75.593557,28.642671],[75.698563,28.520559],[75.773081,28.469761],[75.772874,28.432528],[75.818246,28.430823],[75.887079,28.403848],[75.957772,28.343464],[76.081382,28.174585],[76.073941,28.158566],[76.032496,28.187815],[75.941442,28.117716],[75.97927,28.084953],[76.007898,28.108362],[76.030016,28.102135],[75.966247,28.001314],[75.986091,27.970619],[75.968004,27.954599],[75.935655,27.95571],[75.926353,27.937597],[75.931521,27.91809],[75.973275,27.888582],[75.987538,27.847887],[76.120346,27.851866],[76.179051,27.807657],[76.209126,27.827397],[76.201375,27.885611],[76.180084,27.909563],[76.15962,28.044283],[76.175227,28.072835],[76.224939,28.069036],[76.253775,28.080198],[76.304728,28.048779],[76.332943,28.051802],[76.343795,28.085883],[76.304418,28.117638],[76.340695,28.13973],[76.299457,28.176446],[76.302557,28.199235],[76.338628,28.189055],[76.36798,28.15637],[76.453453,28.162829],[76.483012,28.11738],[76.441567,28.122108],[76.446528,28.104099],[76.4765,28.084746],[76.445598,28.064696],[76.521769,28.038315],[76.539029,27.985321],[76.559493,27.97129],[76.590498,28.001004],[76.657988,28.016972],[76.646826,28.085521],[76.758137,28.159729],[76.803922,28.219053],[76.842679,28.233936],[76.925258,28.166369],[76.941485,28.135337],[76.920401,28.05157],[76.937351,27.98067],[76.943552,27.865225],[76.91544,27.815253],[76.900867,27.744095],[76.919367,27.70756],[76.893736,27.69632],[76.895699,27.678595],[76.910479,27.670404],[76.973007,27.679293],[77.005874,27.730065],[77.077807,27.746162],[77.032022,27.781354],[77.052486,27.811326],[77.117185,27.793136],[77.158009,27.816959],[77.188085,27.798252],[77.205655,27.817501],[77.229943,27.792722],[77.252784,27.814117],[77.280689,27.80944]],[[76.82728,30.680712],[76.851258,30.681564],[76.860663,30.645236],[76.886604,30.633789],[76.901487,30.598804],[76.893116,30.543795],[76.910376,30.514158],[76.89601,30.486615],[76.90035,30.372022],[76.869241,30.362359],[76.845263,30.417524],[76.82945,30.427084],[76.752866,30.43052],[76.727648,30.420056],[76.716382,30.381247],[76.739017,30.366596],[76.729715,30.349595],[76.539132,30.245131],[76.533138,30.234615],[76.545333,30.217794],[76.590809,30.246681],[76.605278,30.221515],[76.641451,30.197976],[76.624812,30.142837],[76.531381,30.083978],[76.454589,30.101625],[76.409321,30.185884],[76.387824,30.180044],[76.394025,30.149426],[76.373457,30.116973],[76.338938,30.141235],[76.328086,30.138833],[76.326845,30.111883],[76.308138,30.105915],[76.213881,30.137489],[76.201375,30.125603],[76.205819,30.113046],[76.252741,30.088577],[76.216568,30.075193],[76.221942,30.046409],[76.176984,29.945537],[76.193313,29.901069],[76.22556,29.869082],[76.08438,29.802109],[76.043865,29.758158],[75.956945,29.738624],[75.886665,29.749244],[75.851939,29.805029],[75.796955,29.830195],[75.727502,29.810351],[75.717684,29.778028],[75.698563,29.768984],[75.604409,29.764669],[75.45248,29.809214],[75.345303,29.686974],[75.342823,29.662841],[75.321532,29.662583],[75.296727,29.633954],[75.289906,29.611526],[75.301792,29.580494],[75.248565,29.559824],[75.234612,29.561788],[75.217869,29.614678],[75.172084,29.688214],[75.20712,29.707644],[75.207947,29.746841],[75.238333,29.751879],[75.193168,29.832675],[75.160095,29.824278],[75.147692,29.792833],[75.100254,29.826914],[75.092605,29.869314],[75.106558,29.910423],[75.095293,29.92776],[75.067801,29.888357],[74.99566,29.872983],[74.941297,29.909725],[74.918663,29.948379],[74.841458,29.965587],[74.81624,29.98631],[74.710717,29.968378],[74.650669,29.914066],[74.516517,29.94719]],[[74.52362033314897,37.02861027226678],[74.476622,37.083138],[74.38257,37.126572],[74.366137,37.14776],[74.368308,37.167061],[74.456674,37.177318],[74.500083,37.23163],[74.59,37.243361],[74.623279,37.230804],[74.650978,37.259639],[74.676299,37.263721],[74.721464,37.297776],[74.737381,37.296123],[74.794018,37.213931],[74.892307,37.231114]],[[74.892307,37.231114],[74.951528,37.281291],[75.06842,37.312142],[75.091778,37.378443],[75.164125,37.400638],[75.04481060985904,37.5]],[[75.298403,32.332427],[75.390365,32.335494],[75.441938,32.359756],[75.444729,32.330301],[75.5024,32.300587],[75.5733,32.374639],[75.611954,32.395465],[75.698253,32.406033],[75.729362,32.429623],[75.743005,32.464375],[75.797679,32.481118],[75.847391,32.516749]],[[76.739843,33.197406],[76.646566,33.352107],[76.488031,33.502231],[76.246099,33.574094],[76.232681,33.649865],[76.235838,33.728794],[76.166381,33.873232],[76.073332,33.92202],[76.024367,33.982089],[75.879592,33.963696],[75.741656,34.066434],[75.699541,34.117676],[75.69129,34.163725],[75.6634,34.19923],[75.584564,34.210116],[75.469487,34.280052],[75.374549,34.370981],[75.344128,34.469013],[75.34718098607237,34.53693096783997]],[[75.847391,32.516749],[75.865892,32.560571],[75.922632,32.617338],[75.926043,32.641186],[75.901445,32.702862],[75.9093,32.772703],[75.811735,32.884298],[75.803363,32.911997],[75.814629,32.931789],[75.869612,32.940005],[75.954672,32.901377],[76.100813,33.01305],[76.237032,33.063486],[76.294289,33.147899],[76.396712,33.197716],[76.512157,33.217223],[76.542439,33.232856],[76.625949,33.189292],[76.739843,33.197406]],[[75.847391,32.516749],[75.870646,32.499722],[75.912607,32.419055],[75.779282,32.336579],[75.727605,32.287926],[75.613401,32.250926],[75.614641,32.196769],[75.661046,32.188785],[75.639445,32.146849],[75.582188,32.092253],[75.580948,32.076699],[75.699804,32.056106],[75.879741,31.97239],[75.968108,31.841054],[75.927593,31.829944],[75.923252,31.806276],[76.07053,31.564172],[76.158484,31.338553],[76.201065,31.307004],[76.242819,31.31814],[76.275376,31.310441],[76.294496,31.347518],[76.319611,31.353797],[76.322091,31.412812],[76.359918,31.430304],[76.439397,31.299692],[76.469369,31.307986],[76.491693,31.284525],[76.520529,31.289176],[76.542233,31.255689],[76.567244,31.28052],[76.584194,31.259927],[76.582334,31.227422],[76.623571,31.226492],[76.601351,31.177529],[76.5998,31.134896],[76.623055,31.107275],[76.605898,31.0726],[76.615303,31.030148],[76.768162,30.907597]],[[78.380983,32.528041],[78.313391,32.471739],[78.274013,32.491144],[78.304089,32.59615],[78.37778,32.657335],[78.383361,32.714438],[78.366617,32.76521],[78.317732,32.764667],[78.314321,32.735444],[78.253859,32.697901],[78.114643,32.667722],[78.059039,32.618345],[78.008913,32.61031],[77.93853,32.695343],[77.928918,32.762445],[77.857915,32.873007],[77.721075,33.012636],[77.675187,33.000415],[77.55354,32.923417],[77.393964,32.889931],[77.371329,32.867038],[77.348695,32.867245],[77.088453,32.950211],[76.940141,33.034289],[76.768679,33.186812],[76.739843,33.197406]],[[77.585063,30.382926],[77.513336,30.424939],[77.434375,30.421218],[77.452048,30.454782],[77.380528,30.429254],[77.359134,30.449847],[77.241001,30.489328],[77.208135,30.476951],[77.201314,30.500154],[77.134135,30.554363],[77.150258,30.663994],[77.115118,30.722104],[77.001533,30.777347],[76.994608,30.802048],[76.956574,30.820755],[76.905725,30.899303],[76.84702,30.898683],[76.810123,30.934262],[76.768162,30.907597]],[[76.768162,30.907597],[76.801855,30.856153],[76.832758,30.842278],[76.834721,30.82246],[76.814567,30.789129]],[[76.814567,30.789129],[76.741497,30.796493],[76.703773,30.781403],[76.693748,30.763523],[76.780564,30.673451],[76.82728,30.680712]],[[76.814567,30.789129],[76.82728,30.680712]],[[77.551163,18.307875],[77.509099,18.314567],[77.461453,18.281933],[77.437579,18.281908],[77.427347,18.316143],[77.346628,18.351516],[77.341564,18.426292],[77.324304,18.449133],[77.301876,18.460269],[77.264773,18.45306],[77.229012,18.399472],[77.227359,18.322086],[77.117908,18.253847],[77.087729,18.197055],[77.00577,18.178348],[76.949546,18.179976],[76.900247,18.157006],[76.88207130040963,18.0]],[[77.200797,28.876791],[77.220744,28.914385],[77.175476,28.963064],[77.195733,28.997584],[77.133928,29.116363],[77.130724,29.28059],[77.150051,29.313327],[77.132894,29.372213],[77.148191,29.414923],[77.130621,29.426395],[77.065612,29.424845],[77.120285,29.483782],[77.065612,29.503677],[77.072433,29.527888],[77.05817,29.555483],[77.099821,29.589021],[77.087832,29.6585],[77.113877,29.68222],[77.106643,29.702296],[77.137545,29.722786],[77.133928,29.764359],[77.161833,29.771206],[77.180437,29.804253],[77.229943,29.976646],[77.277278,30.0176],[77.28472,30.038089],[77.317896,30.040415],[77.32327,30.064367],[77.403265,30.112839],[77.414324,30.152449],[77.570077,30.27823],[77.585063,30.325204],[77.585063,30.382926]],[[77.327404,28.519707],[77.241311,28.49746],[77.222708,28.477384],[77.239865,28.44754],[77.193562,28.432606],[77.100545,28.475601],[77.070883,28.528569],[77.003393,28.558903],[76.977555,28.534589],[76.872652,28.519422],[76.835031,28.571176],[76.872342,28.62815],[76.915957,28.642154],[76.922261,28.67086],[76.947273,28.696156],[76.934043,28.791886],[76.954404,28.835475],[77.0036,28.854441],[77.036156,28.853278],[77.067989,28.882088],[77.155219,28.861649],[77.200797,28.876791]],[[77.327404,28.519707],[77.297845,28.569393],[77.337533,28.626186],[77.313142,28.707266],[77.227152,28.783592],[77.206275,28.821859],[77.216713,28.843511],[77.200797,28.876791]],[[77.280689,27.80944],[77.313348,27.836079],[77.397581,27.864527],[77.424453,27.890753],[77.469928,27.888065],[77.508169,27.943282],[77.529253,27.952506],[77.503828,28.020228],[77.468068,28.046815],[77.469721,28.112729],[77.503828,28.092859],[77.494939,28.151848],[77.507238,28.170245],[77.538658,28.180993],[77.497006,28.208924],[77.520674,28.217219],[77.538658,28.243057],[77.490805,28.263546],[77.487911,28.298996],[77.466517,28.315223],[77.497006,28.393254],[77.468171,28.396691],[77.465794,28.434285],[77.428173,28.430668],[77.415461,28.464955],[77.37722,28.455344],[77.37691,28.484127],[77.327404,28.519707]],[[77.280689,27.80944],[77.294228,27.722003],[77.332882,27.671024],[77.334122,27.647357],[77.317483,27.621984],[77.340324,27.598445],[77.340117,27.550463],[77.415254,27.45928],[77.44254,27.396183],[77.562325,27.335851],[77.602116,27.329495],[77.610488,27.279291],[77.657307,27.202707],[77.640254,27.177256],[77.60408,27.160668],[77.591368,27.130747],[77.505068,27.104883],[77.503414,27.080466],[77.532767,27.07026],[77.559742,27.0368],[77.618963,27.029953],[77.643044,27.046618],[77.67405,27.006259],[77.701438,27.025276],[77.719215,27.015793],[77.699991,26.988715],[77.628471,26.97316],[77.423316,26.88438],[77.399545,26.855519],[77.397891,26.778883],[77.431894,26.781234],[77.472098,26.836553],[77.510546,26.833324],[77.64139,26.883243],[77.720455,26.933964],[77.821845,26.919365],[77.852644,26.90288],[77.879102,26.915024],[77.976564,26.904379],[78.016251,26.866655],[78.023176,26.905412],[78.066067,26.912311],[78.106892,26.947296],[78.22306,26.937064],[78.246521,26.91784],[78.208074,26.88221],[78.172624,26.868619],[78.200116,26.823583]],[[80.270377,18.71369],[80.241748,18.69749],[80.169712,18.690048],[80.090543,18.69749],[80.001866,18.785624],[79.91691,18.826577],[79.960319,18.867117],[79.964866,18.935356],[79.93355,19.053127],[79.864717,19.048398],[79.861823,19.081084],[79.893656,19.137411],[79.943782,19.169218],[79.928486,19.26053],[79.956495,19.313395],[79.963833,19.426024],[79.927452,19.486227],[79.864924,19.50899],[79.795781,19.594101],[79.735423,19.603352],[79.636101,19.569814],[79.608919,19.55307],[79.600754,19.518938],[79.576363,19.508112],[79.538949,19.533821],[79.404074,19.537826],[79.348883,19.580097],[79.266002,19.589555],[79.245485,19.559524],[79.243281,19.531138],[79.216057,19.504303],[79.218302,19.474351],[79.197731,19.461883],[79.09708,19.531138],[79.058876,19.547063],[79.014032,19.545436],[79.011305,19.557003],[78.98076,19.564233],[78.972679,19.584774],[78.934852,19.598184],[78.921002,19.624668],[78.87594,19.64446],[78.83987,19.736987],[78.780029,19.776674],[78.711713,19.774349],[78.616628,19.815199],[78.533739,19.824656],[78.477722,19.799128],[78.410646,19.824863],[78.383257,19.866152],[78.329204,19.891293],[78.329514,19.838557],[78.363207,19.760448],[78.39938,19.736082],[78.403411,19.719262],[78.392352,19.691977],[78.333441,19.643272],[78.305743,19.574826],[78.302642,19.482765],[78.211898,19.440132],[78.174381,19.374657],[78.181823,19.298512],[78.16787,19.264096],[78.050978,19.265414],[78.024933,19.278591],[77.989069,19.324996],[77.911451,19.330267],[77.865459,19.29735],[77.889954,19.271356],[77.855021,19.228362],[77.832387,19.158934],[77.836727,19.126688],[77.751978,19.045892],[77.766551,18.989358],[77.795283,18.987188],[77.807272,18.95582],[77.839001,18.947009],[77.842412,18.909208],[77.9037,18.861821],[77.912072,18.835362],[77.839311,18.80955],[77.781123,18.703768],[77.736578,18.704052],[77.712394,18.689454],[77.703402,18.669119],[77.70981,18.622688],[77.688519,18.574732],[77.60222,18.55662],[77.559225,18.50763],[77.543929,18.427325],[77.502588,18.381591],[77.552714,18.345831],[77.551163,18.307875]],[[77.551163,18.307875],[77.583306,18.291545],[77.568527,18.233745],[77.600979,18.125121],[77.596535,18.110885],[77.560982,18.095769],[77.559122,18.078354],[77.60346,18.033732],[77.61695152224709,18.0]],[[80.073054,28.820925],[80.055507,28.779096],[80.028015,28.75225],[79.971998,28.732872],[79.93479,28.7476],[79.931483,28.782197],[79.895723,28.775195],[79.887041,28.818009],[79.834125,28.805787],[79.828647,28.82452],[79.841049,28.855293],[79.812627,28.876868],[79.743278,28.88524],[79.725604,28.858911],[79.699353,28.850436],[79.632793,28.863329],[79.600237,28.84904],[79.566544,28.879349],[79.526237,28.878418],[79.443658,28.849583],[79.416683,28.921775],[79.371207,28.969886],[79.29638,28.971565],[79.170599,29.051121],[79.130395,29.115252],[79.055878,29.151761],[78.950354,29.127008],[78.913768,29.105588],[78.898265,29.177367],[78.867672,29.215168],[78.71409,29.29059],[78.730936,29.320071],[78.761115,29.330303],[78.796772,29.320769],[78.816306,29.349992],[78.860024,29.35025],[78.906946,29.388362],[78.919969,29.422184],[78.806384,29.453086],[78.643086,29.537577],[78.589033,29.580107],[78.514825,29.689144],[78.478652,29.721959],[78.361657,29.775496],[78.286519,29.89231],[78.217686,29.953676],[78.177275,29.952591],[78.154951,29.925435],[78.197842,29.748159],[78.189057,29.706688],[78.154951,29.674985],[78.107202,29.654521],[77.966539,29.724413],[77.831456,29.659895],[77.783811,29.741751],[77.750944,29.860193],[77.746397,29.977344],[77.83497,30.131391],[77.946075,30.228336],[77.750634,30.325617],[77.661544,30.394915],[77.618963,30.402021],[77.585063,30.382926]],[[77.585063,30.382926],[77.565323,30.414862],[77.575865,30.428737],[77.664955,30.445971],[77.812956,30.521057],[77.813783,30.546663],[77.773579,30.557644],[77.743296,30.600561],[77.770788,30.635055],[77.74433,30.685388],[77.734925,30.735902],[77.707019,30.759415],[77.705779,30.791454],[77.751875,30.883051],[77.787221,30.873775],[77.793422,30.895737],[77.789082,30.930645],[77.76221,30.949972],[77.749704,30.979918],[77.802104,30.992165],[77.798487,31.041361],[77.928918,31.165256],[77.952793,31.176289],[78.039712,31.17218],[78.186163,31.248093],[78.312977,31.294498],[78.433693,31.268066],[78.500976,31.219568],[78.581695,31.231066],[78.792741,31.20701],[78.833566,31.146833],[78.869533,31.121977],[78.993246,31.130787],[78.993349,31.163395],[78.89261,31.281772]],[[82.800869,23.998716],[82.734516,24.06587],[82.736067,24.11504],[82.673848,24.180333],[82.732863,24.21413],[82.741131,24.277795],[82.764799,24.33004],[82.763455,24.399054],[82.732553,24.427295],[82.743301,24.506696],[82.734413,24.551628],[82.750226,24.567958],[82.796941,24.560904],[82.817612,24.580929],[82.772137,24.668314],[82.723561,24.673559],[82.708161,24.721515],[82.595093,24.687744],[82.441408,24.721437],[82.427145,24.718569],[82.427455,24.658779],[82.409678,24.635628],[82.307049,24.632011],[82.323379,24.693764],[82.265191,24.715443],[82.26302,24.791174],[82.233255,24.758747],[82.208037,24.764303],[82.216408,24.806264],[82.208657,24.843109],[82.122151,24.808098],[82.033164,24.859491],[81.956062,24.871015],[81.873173,24.929977],[81.874,24.980207],[81.842064,25.027077],[81.808061,25.035501],[81.752767,25.020489],[81.726722,25.029842],[81.707602,25.065292],[81.577894,25.084542],[81.579961,25.116503],[81.536967,25.199754],[81.425345,25.164821],[81.469167,25.126942],[81.456868,25.111413],[81.418421,25.104127],[81.369638,25.11162],[81.370775,25.148698],[81.360543,25.156966],[81.309177,25.171926],[81.243238,25.169523],[81.235486,25.089115],[81.174611,25.011083],[81.181433,24.958141],[81.131203,24.945377],[81.09813,24.908609],[81.004699,24.966435],[80.943721,24.953258],[80.900416,24.983902],[80.805022,24.968812],[80.761717,24.983307],[80.79572,25.059944],[80.824349,25.087358],[80.858868,25.187558],[80.856181,25.207997],[80.835407,25.217738],[80.802231,25.209831],[80.777426,25.16309],[80.666425,25.149706],[80.72575,25.104153],[80.717895,25.081984],[80.63883,25.073431],[80.564623,25.152444],[80.552427,25.14738],[80.546433,25.107538],[80.458479,25.117046],[80.470262,25.073741],[80.513877,25.050461],[80.515117,25.040668],[80.47822,25.018344],[80.451968,25.018654],[80.4067,25.063768],[80.40701,25.013357],[80.351303,25.023202],[80.297146,25.012065],[80.271824,25.041082],[80.26986,25.088598],[80.30469,25.08927],[80.354506,25.143814],[80.421996,25.185982],[80.399362,25.244041],[80.375797,25.244118],[80.322054,25.288276],[80.312338,25.368659],[80.283606,25.41447],[80.198134,25.416433],[80.124546,25.350959],[80.087029,25.361631],[80.015302,25.330909],[79.91536,25.259802],[79.840429,25.240682],[79.834848,25.217712],[79.867714,25.170583],[79.86327,25.153245],[79.801672,25.131929],[79.767566,25.156191],[79.648503,25.149266],[79.553728,25.179032],[79.531198,25.168722],[79.479521,25.105548],[79.45854,25.105987],[79.438077,25.141644],[79.399009,25.141334],[79.391981,25.074129],[79.357668,25.071106],[79.332553,25.088986],[79.339065,25.147406],[79.377719,25.18792],[79.441797,25.297268],[79.397769,25.27484],[79.358908,25.278716],[79.310332,25.243808],[79.289559,25.279543],[79.324802,25.349797],[79.311573,25.36455],[79.275916,25.334035],[79.261963,25.295924],[79.290695,25.188773],[79.279533,25.164278],[79.17153,25.181667],[79.125848,25.14384],[79.109001,25.195026],[79.024045,25.174639],[79.008749,25.191589],[79.011333,25.213991],[79.047403,25.256934],[78.99862,25.282695],[78.986735,25.276235],[78.972989,25.228176],[78.937849,25.21965],[78.891133,25.175389],[78.869843,25.180505],[78.867672,25.237736],[78.935472,25.304063],[78.934128,25.346489],[78.959966,25.426536],[78.953145,25.442349],[78.909117,25.441393],[78.919142,25.504593],[78.913147,25.525341],[78.891133,25.538106],[78.85527,25.502087],[78.853099,25.434029],[78.835529,25.419741],[78.800803,25.426872],[78.797185,25.499762],[78.781889,25.524024],[78.726906,25.494465],[78.722565,25.461728],[78.748816,25.426149],[78.731453,25.395918],[78.738274,25.359796],[78.727526,25.346386],[78.652285,25.409457],[78.582108,25.406744],[78.579318,25.369925],[78.530432,25.315664],[78.513585,25.273367],[78.573737,25.212156],[78.617868,25.108881],[78.648874,24.940726],[78.723702,24.848716],[78.736207,24.725545],[78.715433,24.685109],[78.719774,24.656402],[78.740135,24.631003],[78.827054,24.647101],[78.871083,24.625732],[78.922449,24.533309],[78.916248,24.4868],[78.97826,24.467422],[78.972369,24.422566],[78.901985,24.34637],[78.866845,24.272136],[78.809795,24.220227],[78.792121,24.217385],[78.762149,24.235653],[78.746646,24.279423],[78.655902,24.29459],[78.535806,24.388589],[78.489401,24.410784],[78.463252,24.401767],[78.442375,24.337378],[78.423462,24.318258],[78.385531,24.30123],[78.356489,24.309163],[78.329204,24.353682],[78.350494,24.407968],[78.277527,24.453107],[78.269879,24.477679],[78.244351,24.487885],[78.223887,24.519227],[78.264815,24.583487],[78.272256,24.62444],[78.257994,24.64493],[78.261301,24.692653],[78.230708,24.734305],[78.224921,24.79412],[78.16911,24.865459],[78.180376,24.892512],[78.25727,24.940209],[78.324863,25.002169],[78.340676,25.04581],[78.330444,25.081984],[78.366307,25.186008],[78.251172,25.39783],[78.330031,25.464777],[78.370545,25.552678],[78.481753,25.577664],[78.546451,25.572574],[78.616111,25.60761],[78.747576,25.642725],[78.753571,25.674273],[78.727112,25.740212],[78.739825,25.789796],[78.808348,25.84155],[78.953145,26.100319],[78.919969,26.144658],[78.921312,26.172666],[78.956556,26.197807],[78.938159,26.254599],[78.963274,26.278086],[79.028386,26.301108],[79.060839,26.355084],[79.039651,26.375057],[79.052054,26.411489],[79.040995,26.467997],[78.959966,26.596671],[78.926067,26.706225],[78.861264,26.701265],[78.792431,26.762088],[78.761942,26.76524],[78.745406,26.789218],[78.724115,26.776376],[78.710059,26.798881],[78.655282,26.776376],[78.614251,26.776376],[78.595234,26.758393],[78.563505,26.758496],[78.518029,26.783198],[78.461599,26.792267],[78.428112,26.822549],[78.384911,26.826812],[78.371475,26.851049],[78.350598,26.858464],[78.286002,26.854847],[78.254893,26.81733],[78.200116,26.823583]],[[78.964986,33.344254],[79.098028,33.287655],[79.260061,33.291776],[79.340307,33.275132],[79.420084,33.275169],[79.456096,33.250399],[79.423475,33.157825],[79.37317,33.11214],[79.399273,33.026878],[79.339787,33.013257],[79.333586,32.994292],[79.414089,32.972053],[79.564093,32.793928],[79.613913,32.765035],[79.620673,32.728725],[79.57617,32.670646],[79.531201,32.648317],[79.515741,32.60812],[79.443497,32.534773],[79.40682,32.529683],[79.379477,32.57645],[79.320466,32.592267],[79.287412,32.532579],[79.235608,32.504296],[79.191166,32.50427],[79.112928,32.472386],[79.09174,32.390556],[79.075307,32.37079],[79.028178,32.377095],[78.943429,32.346373],[78.911286,32.354745],[78.77145,32.461663],[78.73693,32.545792],[78.750986,32.612791],[78.713262,32.637518],[78.630166,32.578013],[78.408165,32.558376],[78.384807,32.547549],[78.380983,32.528041]],[[78.89261,31.281772],[78.784472,31.288272],[78.740857,31.317728],[78.762561,31.44511],[78.695382,31.488105],[78.699516,31.510016],[78.796978,31.578849],[78.818889,31.607374],[78.758117,31.666595],[78.724011,31.673313],[78.693212,31.71853],[78.695589,31.746694],[78.670887,31.770517],[78.700343,31.821676],[78.744578,31.9642],[78.722151,31.994586],[78.649287,32.036444],[78.513068,32.20757],[78.457981,32.229662],[78.462735,32.281803],[78.434519,32.383761],[78.452193,32.416782],[78.380983,32.528041]],[[80.996017,30.196969],[81.003303,30.212731],[80.976018,30.255209],[80.781663,30.320993],[80.723062,30.392048],[80.596351,30.459796],[80.508295,30.462328],[80.325877,30.546509],[80.252806,30.565009],[80.179839,30.559479],[80.2033,30.60635],[80.16661,30.674408],[80.207021,30.686138],[80.231412,30.724947],[80.224591,30.734094],[80.196066,30.748098],[80.157102,30.79316],[80.092196,30.774505],[80.062534,30.784789],[80.005586,30.847266],[79.903164,30.890209],[79.85035,30.954494],[79.739039,30.979247],[79.630312,30.962504],[79.577809,30.938371],[79.512697,30.966173],[79.47642,31.014025],[79.401592,31.023637],[79.367048,31.111559],[79.319417,31.14228],[79.302162,31.16345],[79.288321,31.225474],[79.25286,31.245437],[79.262024,31.278513],[79.238319,31.329656],[79.131397,31.438433],[79.07021,31.461381],[78.988801,31.343256],[78.959552,31.325117],[78.921008,31.269685],[78.89261,31.281772]],[[79.92397041393858,34.63889560401662],[79.862702,34.521227],[79.793972,34.431025],[79.73513404479533,34.41073613358638]],[[80.996017,30.196969],[80.920827,30.17666],[80.903309,30.180433],[80.883879,30.210405],[80.867911,30.200173],[80.83644,30.170046],[80.849669,30.143381],[80.829825,30.117129],[80.769674,30.077287],[80.715827,30.013311],[80.641413,29.963444],[80.57134,29.946855],[80.549533,29.89368],[80.476152,29.80614],[80.368975,29.757926],[80.354402,29.70488],[80.385201,29.604835],[80.327221,29.548585],[80.320089,29.515822],[80.266242,29.47213],[80.257457,29.450064],[80.217666,29.434639],[80.213739,29.416888],[80.254977,29.316635],[80.280092,29.31015],[80.282779,29.291314],[80.258181,29.202456],[80.218803,29.211086],[80.213739,29.196565],[80.233066,29.139308],[80.220664,29.126079],[80.132607,29.110214],[80.113073,29.072206],[80.099431,28.977276],[80.052922,28.949113],[80.033905,28.915936],[80.036386,28.837026],[80.073054,28.820925]],[[80.534444,28.679555],[80.487624,28.656469],[80.488451,28.562444],[80.408352,28.626342],[80.329701,28.627479],[80.291047,28.689671],[80.257044,28.702745],[80.216426,28.741942],[80.162063,28.753285],[80.11421,28.802584],[80.073054,28.820925]],[[80.96256971557915,18.0],[80.93752,18.086312],[80.959121,18.148247],[80.934523,18.1553],[80.873545,18.137575],[80.857008,18.155559],[80.84719,18.208036],[80.828276,18.215297],[80.799441,18.168736],[80.753449,18.164189],[80.735052,18.173749],[80.732054,18.207261],[80.772259,18.232712],[80.770088,18.259015],[80.696191,18.412287],[80.583433,18.541375],[80.486591,18.606177],[80.409077,18.588866],[80.372076,18.615557],[80.352026,18.592276],[80.319883,18.642247],[80.30314,18.70506],[80.270377,18.71369]],[[80.679034,21.351152],[80.678414,21.301982],[80.637383,21.251701],[80.465197,21.14796],[80.436259,21.024686],[80.441013,20.978823],[80.463337,20.94221],[80.491242,20.93017],[80.533927,20.937508],[80.554701,20.907846],[80.571031,20.682381],[80.509122,20.641324],[80.49486,20.601172],[80.515013,20.588847],[80.571444,20.61608],[80.614646,20.606184],[80.634903,20.51234],[80.614439,20.464307],[80.622397,20.325891],[80.534237,20.269383],[80.441116,20.253312],[80.424373,20.234088],[80.418172,20.148874],[80.53062,20.134869],[80.557181,20.048337],[80.531137,19.920697],[80.460236,19.941031],[80.444837,19.931213],[80.427474,19.888244],[80.4807,19.871139],[80.486075,19.85499],[80.471812,19.830159],[80.408973,19.791996],[80.431608,19.773289],[80.47884,19.766468],[80.500751,19.81091],[80.537751,19.81091],[80.574545,19.72877],[80.667666,19.689005],[80.701359,19.597512],[80.838095,19.543123],[80.893905,19.484444],[80.895352,19.452198],[80.86941,19.419358],[80.805745,19.403338],[80.830963,19.334247],[80.7612,19.298461],[80.720479,19.261564],[80.679965,19.321534],[80.617436,19.318563],[80.575992,19.391969],[80.553461,19.386905],[80.516977,19.345202],[80.480804,19.328562],[80.447317,19.272131],[80.405356,19.250402],[80.366599,19.117386],[80.271824,18.979436],[80.283916,18.920267],[80.349235,18.830918],[80.266036,18.768209],[80.270377,18.71369]],[[89.677813,36.081958],[89.223629,36.263575],[89.110509,36.262257],[88.974911,36.278716],[88.83864,36.371656],[88.711722,36.368401],[88.52238,36.414315],[88.459231,36.448887],[88.276762,36.448577],[88.148759,36.428423],[87.992955,36.427234],[87.887587,36.369098],[87.570914,36.333803],[87.500582,36.336542],[87.345604,36.374059],[87.179878,36.301015],[87.063451,36.292152],[87.000819,36.274091],[86.786982,36.260268],[86.661305,36.220063],[86.474753,36.223939],[86.411294,36.174511],[86.272388,36.145649],[86.21234,36.115935],[86.18676,36.034338],[86.128573,35.98044],[86.087438,35.875588],[85.993232,35.784844],[85.951219,35.764071],[85.728855,35.766086],[85.619766,35.675394],[85.571346,35.656041],[85.548711,35.668986],[85.523855,35.71627],[85.442568,35.752056],[85.36743,35.754924],[85.270796,35.730248],[85.149769,35.749808],[84.923633,35.689321],[84.847462,35.633536],[84.777647,35.600489],[84.563449,35.559484],[84.174325,35.376807],[84.133191,35.377531],[84.009064,35.41851],[83.870674,35.374534],[83.615083,35.359005],[83.564801,35.36071],[83.452612,35.393551],[83.32864,35.397065],[83.226217,35.423471],[83.121779,35.404428],[82.971763,35.490444],[82.978429,35.600773],[82.956828,35.657204],[82.912593,35.682939],[82.825415,35.691775],[82.710435,35.650176],[82.414536,35.685729],[82.318934,35.633743],[82.309788,35.571576],[82.289169,35.544962],[82.066133,35.433651],[82.036988,35.351977],[82.00221,35.319447],[81.711426,35.245653],[81.604198,35.236919],[81.558722,35.244774],[81.461777,35.310248],[81.417387,35.326035],[81.357339,35.332391],[81.210217,35.316914],[81.073532,35.389468],[81.050691,35.383267],[81.037204,35.363501],[81.035188,35.304202],[80.978861,35.293402],[80.875818,35.343424],[80.758203,35.34438],[80.67056,35.381432],[80.486023,35.404248],[80.3444160358267,35.490345411014516]],[[81.084454,30.027876],[81.047281,30.001296],[80.999945,29.928897],[81.031623,29.890682],[81.054567,29.800352],[81.049606,29.750174],[80.965064,29.716869],[80.890598,29.706223],[80.827863,29.676199],[80.78585,29.674468],[80.756807,29.651188],[80.76859,29.576593],[80.74146,29.521583],[80.808484,29.504349],[80.885585,29.430581],[80.854269,29.394847],[80.764559,29.353842],[80.717688,29.24036],[80.687303,29.200828],[80.594182,29.160649],[80.53956,29.090421],[80.492689,28.986784],[80.49734,28.84364],[80.533824,28.766849],[80.534444,28.679555]],[[81.047066,28.389088],[81.000409,28.397002],[80.976018,28.436922],[80.905273,28.440849],[80.88667,28.452786],[80.872252,28.496866],[80.781663,28.514746],[80.727093,28.559679],[80.67862,28.574717],[80.648338,28.619753],[80.563589,28.647038],[80.555837,28.678948],[80.534444,28.679555]],[[82.800869,23.998716],[82.768106,23.928953],[82.670024,23.89557],[82.643049,23.837072],[82.531738,23.775371],[82.077399,23.801364],[82.004948,23.836401],[81.936942,23.840664],[81.83607,23.795395],[81.808681,23.794749],[81.744913,23.824877],[81.681867,23.885132],[81.64125,23.885312],[81.619546,23.867562],[81.629261,23.858286],[81.62492,23.824412],[81.685898,23.706512],[81.655616,23.648479],[81.618925,23.627344],[81.614688,23.591764],[81.591434,23.561172],[81.628331,23.487817],[81.657683,23.487197],[81.759485,23.543524],[81.927537,23.495414],[81.991409,23.400536],[82.025929,23.387694],[82.034404,23.367618],[82.113262,23.368832],[82.186333,23.30943],[82.156567,23.148303],[82.129385,23.096498],[82.070784,23.100347],[81.946141,23.042961],[81.934152,23.017329],[81.940249,22.945835],[81.865319,22.881472],[81.788527,22.852946],[81.779329,22.835816],[81.78522,22.744297],[81.761759,22.716366],[81.76641,22.663992],[81.669568,22.609292],[81.642283,22.550846],[81.53955,22.519995],[81.417801,22.437494],[81.358063,22.497955],[81.234866,22.444496],[81.212129,22.452351],[81.199416,22.481755],[81.164793,22.465296],[81.122522,22.400519],[81.118904,22.294608],[81.095443,22.256704],[81.030641,22.21066],[81.016068,22.129476],[80.986406,22.114542],[81.002219,22.063124],[80.977724,22.05284],[80.934729,22.099943],[80.903414,22.085293],[80.835097,21.950986],[80.837888,21.846135],[80.821558,21.802778],[80.787762,21.761204],[80.754069,21.756476],[80.739806,21.741464],[80.717585,21.585556],[80.721409,21.473212],[80.679034,21.351152]],[[81.084454,30.027876],[81.066607,30.087157],[80.996017,30.196969]],[[81.548645,29.125664],[81.457333,29.070836],[81.410101,29.024017],[81.407827,29.003191],[81.427258,28.962987],[81.528337,28.852658],[81.569368,28.780983],[81.572003,28.769691],[81.531592,28.750649],[81.513144,28.749667],[81.525753,28.76535],[81.513144,28.776978],[81.516554,28.808319],[81.44245,28.898495],[81.338116,28.894283],[81.272125,28.915781],[81.207736,28.907952],[81.095547,28.967121],[81.054102,28.976216],[80.997155,28.947096],[80.992349,28.935263],[81.094875,28.85395],[81.135751,28.866352],[81.161486,28.829972],[81.210837,28.81173],[81.190373,28.859531],[81.218226,28.841392],[81.280341,28.678612],[81.271918,28.636056],[81.1157,28.483946],[81.059373,28.444414],[81.047066,28.389088]],[[81.047066,28.389088],[81.169701,28.361319],[81.190372,28.338116],[81.224323,28.250783],[81.295947,28.167455],[81.276775,28.153787],[81.299409,28.142521],[81.296205,28.12831],[81.338115,28.132728],[81.357907,28.165982],[81.396044,28.160634],[81.435267,28.129783],[81.473455,28.066402],[81.561925,28.025991],[81.615049,27.981239],[81.688946,27.963204],[81.750131,27.909667],[81.855654,27.850937],[81.883198,27.849051],[81.946398,27.905352],[81.975905,27.916953],[82.050212,27.905586]],[[81.267903,30.072053],[81.225719,30.050467],[81.21683,30.008195],[81.194506,30.004475],[81.148101,30.023233],[81.097768,30.016929],[81.084454,30.027876]],[[83.654992,29.160414],[83.583818,29.162149],[83.523718,29.183594],[83.502996,29.261032],[83.437212,29.305241],[83.428168,29.333456],[83.393132,29.356245],[83.38724,29.393504],[83.35701,29.415363],[83.355201,29.460735],[83.327968,29.485023],[83.26394,29.473008],[83.247197,29.494738],[83.26084,29.542048],[83.173558,29.621268],[83.093357,29.615144],[83.079559,29.579643],[83.064935,29.57879],[82.975896,29.66403],[82.931919,29.664185],[82.899725,29.688422],[82.836576,29.659793],[82.815544,29.690127],[82.781076,29.705113],[82.690952,29.780741],[82.681754,29.797717],[82.688988,29.827741],[82.618502,29.839833],[82.541814,29.923239],[82.457065,29.95409],[82.394433,30.003131],[82.347304,30.003441],[82.318882,30.031811],[82.255733,30.039666],[82.210671,30.064419],[82.153827,30.058166],[82.127576,30.124364],[82.155688,30.181363],[82.084994,30.230817],[82.093211,30.31474],[82.073212,30.337219],[81.969032,30.328279],[81.941231,30.353962],[81.887177,30.354996],[81.844389,30.371171],[81.779018,30.358045],[81.614015,30.416904],[81.536811,30.37856],[81.520688,30.331948],[81.509371,30.328382],[81.46281,30.341353],[81.42612,30.372514],[81.387518,30.373909],[81.368036,30.301046],[81.377854,30.232626],[81.357287,30.17356],[81.322405,30.133769],[81.266956,30.125087],[81.275948,30.095373],[81.267903,30.072053]],[[81.548645,29.125664],[81.485187,29.168918],[81.486582,29.259093],[81.473715,29.295189],[81.51826,29.342938],[81.575362,29.36459],[81.616032,29.365443],[81.65913,29.33777],[81.723829,29.348881],[81.72972,29.366838],[81.704915,29.424974],[81.708636,29.468047],[81.725379,29.497605],[81.781034,29.534528],[81.787494,29.592561],[81.777985,29.607805],[81.712977,29.637726],[81.696388,29.687491],[81.733647,29.834277],[81.769614,29.869547],[81.774885,29.896393],[81.760467,29.913084],[81.648588,29.945123],[81.551281,29.939723],[81.505031,29.89616],[81.485962,29.8943],[81.45139,29.920758],[81.452321,29.968714],[81.422968,30.024808],[81.349743,30.02716],[81.267903,30.072053]],[[81.48220784366197,18.0],[81.482913,18.051431],[81.506271,18.085589],[81.524874,18.160287],[81.513816,18.200827],[81.542548,18.262451],[81.643833,18.292372],[81.675563,18.32976],[81.73313,18.349578],[81.792352,18.438436],[81.947071,18.567601],[81.941903,18.593982],[81.908417,18.615944],[81.903352,18.634083],[81.94087,18.650981],[81.989549,18.700203],[82.069854,18.719762],[82.098689,18.770612],[82.138894,18.747254],[82.166179,18.873835],[82.22788,18.933961],[82.224987,19.015196],[82.195014,19.092633],[82.159668,19.122838],[82.168659,19.166246],[82.145715,19.225313],[82.17176,19.316857],[82.135276,19.35577],[82.168659,19.386595],[82.167522,19.405224],[82.150986,19.424732],[82.106441,19.440209],[82.081016,19.488811],[82.038125,19.502479],[82.02903,19.517853],[82.040605,19.637355],[82.027273,19.695594],[82.036161,19.767088],[82.020141,19.781971],[81.960093,19.796337],[81.929397,19.849254],[81.833176,19.903798],[81.813746,19.935088],[81.819327,19.965707],[81.867799,20.046658],[81.9449,20.105569],[82.009289,20.044487],[82.021898,20.011673],[82.046083,20.017874],[82.065927,20.053686],[82.081326,20.057872],[82.148816,20.005704],[82.164732,19.979427],[82.217855,19.972993],[82.304878,19.823312],[82.361102,19.883903],[82.475927,19.872379],[82.579074,19.843156],[82.575249,19.76807],[82.707851,19.843208],[82.713329,19.855533],[82.684493,19.895401],[82.700927,19.968781],[82.695035,20.000537],[82.653384,20.005032],[82.611216,19.988134],[82.565844,20.022267],[82.495874,20.023042],[82.415569,20.066967],[82.435826,20.17373],[82.427145,20.293981],[82.411642,20.326796],[82.420324,20.45162],[82.417533,20.462498],[82.391281,20.458157],[82.380946,20.500971],[82.359035,20.499783],[82.340122,20.542493],[82.367614,20.669255],[82.344152,20.747933],[82.343222,20.86684],[82.359862,20.882395],[82.394899,20.875212],[82.415879,20.833819],[82.463008,20.855394],[82.514581,20.923736],[82.562124,20.954458],[82.606875,21.024143],[82.644082,21.104294],[82.642739,21.140364],[82.656692,21.152611],[82.752603,21.160078],[82.79043,21.145015],[82.96458,21.178527],[83.06938,21.116773],[83.143587,21.120623],[83.198261,21.172558],[83.279393,21.3588],[83.379748,21.339189],[83.384916,21.389444],[83.334583,21.444221],[83.327658,21.499153],[83.351946,21.577262],[83.458916,21.748027],[83.466875,21.799987],[83.486408,21.808462],[83.511213,21.796241],[83.522168,21.83027],[83.557102,21.834921],[83.564853,21.853576],[83.570641,21.923055],[83.512867,21.973052],[83.522168,22.028371],[83.571054,22.05837],[83.54873,22.11294],[83.623661,22.21327],[83.721639,22.25505],[83.841425,22.348584],[83.955734,22.378712],[83.996455,22.440543],[83.970203,22.539348]],[[82.568118,28.985156],[82.50745,29.007403],[82.450658,28.992598],[82.412985,29.002261],[82.400686,29.017454],[82.405027,29.087837],[82.359449,29.106286],[82.283691,29.107862],[82.169021,29.065849],[82.076727,28.979058],[82.014974,29.010994],[81.925263,28.974795],[81.844855,28.981151],[81.580478,29.052465],[81.574122,29.098586],[81.548645,29.125664]],[[81.9232639610085,18.0],[81.99544,18.009986],[82.042362,18.043266],[82.092178,18.04988],[82.131866,18.038848],[82.18088,18.0]],[[82.050212,27.905586],[82.09099,27.94646],[82.166231,27.957674],[82.180545,28.015448],[82.167781,28.041234],[82.114089,28.082395],[82.088199,28.08609],[82.013217,28.159754],[82.042104,28.223807],[82.09502,28.248457],[82.041639,28.322949],[81.98066,28.345221],[81.955649,28.426534],[82.009082,28.464051],[82.019469,28.48777],[81.997094,28.563425],[82.008256,28.593656],[82.043809,28.631715],[82.11688,28.611329],[82.185816,28.624765],[82.212636,28.669051],[82.269428,28.71246],[82.317384,28.76964],[82.484196,28.876842],[82.521919,28.948363],[82.568118,28.985156]],[[82.050212,27.905586],[82.270409,27.760477],[82.347924,27.726009],[82.401926,27.677175],[82.440683,27.666426],[82.652143,27.70415],[82.673891,27.696458]],[[82.2522306260792,18.0],[82.276973,18.04045],[82.336194,18.052749],[82.330303,18.112021],[82.360276,18.13941],[82.31263,18.186978],[82.311286,18.205504],[82.360792,18.291623],[82.350974,18.323042],[82.369887,18.418979],[82.438204,18.519258],[82.502696,18.510628],[82.511274,18.422209],[82.597367,18.325213],[82.582381,18.251057],[82.635711,18.228862],[82.652041,18.240256],[82.669714,18.289297],[82.77162,18.344436],[82.785883,18.369887],[82.779681,18.416731],[82.795391,18.429341],[82.878383,18.409083],[82.888305,18.362497],[82.904118,18.35534],[83.030002,18.381953],[83.043851,18.417042],[83.032999,18.461897],[83.083539,18.525329],[83.076097,18.544166],[83.047572,18.543313],[83.02163,18.587703],[83.028142,18.640852],[83.126534,18.758158],[83.150408,18.766348],[83.201671,18.741621],[83.392047,18.85332],[83.394218,18.869417],[83.374787,18.895049],[83.347295,18.904712],[83.326831,18.929698],[83.299856,18.99158],[83.341404,19.004577],[83.423673,18.964347],[83.449615,18.968455],[83.449098,19.000856],[83.465738,19.018684],[83.456126,19.061085],[83.464187,19.073461],[83.490129,19.051551],[83.503151,19.008788],[83.518344,19.010003],[83.539635,19.051654],[83.581183,19.080412],[83.598443,19.127205],[83.612809,19.129789],[83.701486,19.011889],[83.738073,18.929284],[83.751922,18.948172],[83.749545,19.001114],[83.771869,19.009693],[83.801841,18.999952],[83.854241,18.860038],[83.897133,18.808361],[84.071386,18.81787],[84.162129,18.785314],[84.336072,18.8165],[84.368835,18.849392],[84.391366,18.90094],[84.427229,18.904402],[84.467227,18.953624],[84.469707,19.030647],[84.525208,19.032973],[84.64148,19.10054],[84.669695,19.090153],[84.687059,19.11196],[84.685508,19.157565],[84.763023,19.156376],[84.777761,19.116197]],[[83.147876,28.737058],[82.939,28.81788],[82.757616,28.81775],[82.704079,28.854802],[82.700358,28.906556],[82.656278,28.950042],[82.568118,28.985156]],[[82.673891,27.696458],[82.689351,27.739341],[82.716481,27.760476],[82.844019,27.775928],[82.762422,27.824684],[82.846034,27.902328],[82.919156,27.905842],[82.999048,27.940104],[83.000598,27.957131],[82.972228,28.000229],[82.999358,28.093092],[83.038787,28.129291],[83.010985,28.192879],[83.089068,28.245563]],[[83.85334,27.346194],[83.590432,27.45662],[83.387034,27.470469],[83.355925,27.452486],[83.355821,27.428663],[83.370962,27.410214],[83.362746,27.385616],[83.32435,27.341691],[83.282441,27.330943],[83.249419,27.348099],[83.21924,27.393781],[83.132786,27.444217],[83.010468,27.443391],[82.876264,27.487548],[82.752137,27.494964],[82.72971,27.518166],[82.709246,27.630924],[82.673891,27.696458]],[[83.337063,24.140232],[83.309778,24.084318],[83.259962,24.047783],[83.251797,23.999957],[83.221308,23.954223],[83.116405,23.915104],[82.936468,23.920168],[82.839419,23.989647],[82.800869,23.998716]],[[83.589865,28.003795],[83.575654,28.030305],[83.552761,28.033948],[83.548058,28.069011],[83.4846,28.116424],[83.408997,28.129446],[83.35608,28.174611],[83.279754,28.193525],[83.184463,28.2544],[83.089068,28.245563]],[[83.089068,28.245563],[83.071188,28.288506],[82.956053,28.37093],[82.889184,28.467643],[82.91342,28.500121],[82.901276,28.509268],[82.906599,28.527148],[82.970678,28.551823],[82.975173,28.570169],[82.957913,28.596446],[83.0993,28.648122],[83.143225,28.708816],[83.147876,28.737058]],[[83.654992,29.160414],[83.661178,29.125819],[83.622524,29.075306],[83.609657,28.983089],[83.539222,28.903921],[83.473903,28.7769],[83.292777,28.720263],[83.147876,28.737058]],[[83.523099,24.529666],[83.437832,24.520933],[83.398352,24.493311],[83.397938,24.457215],[83.453956,24.361588],[83.337063,24.140232]],[[83.970203,22.539348],[83.991907,22.589681],[84.056503,22.639316],[84.11128,22.643941],[84.190965,22.70094],[84.228275,22.78308],[84.336899,22.861887],[84.353332,22.896484],[84.331008,22.970304],[84.282225,23.000095],[84.217113,22.995212],[84.151587,23.024357],[84.145386,22.993351],[84.119341,22.995677],[84.089059,23.084819],[84.028908,23.146107],[84.020019,23.187086],[84.038623,23.309404],[84.028287,23.358394],[84.00431,23.388495],[83.960901,23.358704],[83.943951,23.382914],[83.95222,23.474924],[84.014541,23.553989],[83.986326,23.639023],[83.969273,23.643518],[83.923694,23.623494],[83.916253,23.563756],[83.844629,23.588741],[83.788199,23.58546],[83.761534,23.596519],[83.720813,23.676152],[83.735282,23.738345],[83.711821,23.800976],[83.540359,23.956729],[83.523822,23.999491],[83.517518,24.075223],[83.451475,24.119355],[83.337063,24.140232]],[[87.783717,25.214094],[87.749611,25.248227],[87.681191,25.245436],[87.598715,25.266701],[87.57019,25.303469],[87.523475,25.323778],[87.470765,25.284168],[87.423429,25.18854],[87.406686,25.181047],[87.35563,25.197067],[87.302506,25.183915],[87.261372,25.063974],[87.216723,25.072553],[87.185511,25.061985],[87.121329,24.986279],[87.121742,24.863754],[87.068102,24.778488],[87.077507,24.745337],[87.069445,24.668055],[87.042264,24.588396],[86.917827,24.612684],[86.890748,24.564547],[86.889922,24.531604],[86.813234,24.55416],[86.755356,24.588138],[86.702336,24.547778],[86.649213,24.542662],[86.585651,24.561447],[86.49439,24.479798],[86.486019,24.410474],[86.467518,24.399906],[86.456873,24.352312],[86.438683,24.340375],[86.276419,24.434814],[86.272491,24.454451],[86.304634,24.500314],[86.290475,24.551551],[86.223606,24.567932],[86.17441,24.552378],[86.12573,24.580696],[86.107747,24.671647],[86.081495,24.701102],[86.03292,24.712394],[86.046872,24.739601],[86.040154,24.749988],[85.959332,24.703221],[85.911583,24.698467],[85.865901,24.751719],[85.830865,24.770917],[85.746012,24.770039],[85.71852,24.753787],[85.688858,24.66883],[85.64731,24.648573],[85.6624,24.605734],[85.656818,24.557649],[85.578374,24.557804],[85.517085,24.499461],[85.391408,24.50946],[85.280614,24.487265],[85.271312,24.467034],[85.170957,24.430912],[85.157727,24.395643],[85.088998,24.341951],[85.080626,24.393318],[84.981821,24.352803],[84.908854,24.353682],[84.88901,24.372828],[84.876298,24.436442],[84.835163,24.43794],[84.825551,24.484914],[84.798473,24.496593],[84.688195,24.430705],[84.657603,24.37505],[84.588253,24.394429],[84.519213,24.307509],[84.484487,24.302858],[84.366355,24.388124],[84.314368,24.443134],[84.3246,24.502949],[84.305376,24.530803],[84.26879,24.517651],[84.202954,24.52132],[84.190241,24.476594],[84.174118,24.47954],[84.169157,24.505507],[84.156858,24.510985],[84.145386,24.476646],[84.130503,24.469773],[84.107042,24.484552],[84.043894,24.623898],[84.021673,24.639039],[83.988703,24.587905],[83.918423,24.543799],[83.808869,24.542507],[83.767735,24.513775],[83.695905,24.506282],[83.523099,24.529666]],[[83.523099,24.529666],[83.525372,24.62891],[83.510903,24.667435],[83.530953,24.703583],[83.523615,24.746345],[83.444447,24.783423],[83.35484,24.875045],[83.364245,24.998397],[83.323007,25.079012],[83.334273,25.172624],[83.357321,25.212828],[83.774866,25.444959],[83.817654,25.490227],[83.886901,25.517022],[84.143422,25.736207],[84.179803,25.745948],[84.212876,25.728042],[84.222384,25.660837],[84.276024,25.641484],[84.32646,25.663318],[84.312714,25.719722],[84.32615,25.748506],[84.372762,25.765068],[84.438081,25.718689],[84.524174,25.700215],[84.592181,25.738352],[84.612438,25.78685],[84.531616,25.862091],[84.456582,25.869972],[84.41214,25.895939],[84.374313,25.940303],[84.261451,25.931312],[84.225588,25.963583],[84.206054,26.015415],[84.175875,26.022753],[84.150347,26.066006],[84.064874,26.103549],[84.022293,26.18388],[83.988083,26.208556],[83.988497,26.235014],[84.00772,26.25093],[84.18559,26.284856],[84.161716,26.337928],[84.186211,26.394617],[84.086165,26.426062],[84.015988,26.473449],[83.969066,26.45314],[83.926278,26.464638],[83.925865,26.546364],[83.944158,26.549672],[83.963485,26.515927],[83.990564,26.545951],[84.054022,26.564761],[84.099187,26.649588],[84.382994,26.641656],[84.39395,26.65442],[84.306307,26.744363],[84.246362,26.757049],[84.246362,26.853452],[84.226105,26.891511],[84.187761,26.893966],[84.149004,26.876344],[84.070559,26.923602],[84.027151,26.999618],[84.02343,27.059951],[83.941368,27.154028],[83.942401,27.222499],[83.885764,27.280144],[83.892792,27.323966],[83.849177,27.326653],[83.85334,27.346194]],[[84.777761,19.116197],[84.73878,19.14765],[84.719981,19.10163],[84.740489,19.073676],[84.760997,19.10163],[84.78004,19.097073],[84.741059,19.028144],[84.66505,18.930121],[84.63087,18.915717],[84.54184,18.775784],[84.448253,18.68065],[84.423676,18.636461],[84.370453,18.601304],[84.332856,18.553697],[84.281749,18.52558],[84.246918,18.52558],[84.237641,18.510932],[84.271007,18.50019],[84.349946,18.552924],[84.143891,18.374823],[84.113129,18.298285],[84.077403,18.271552],[83.775157,18.139594],[83.613943,18.045152],[83.5712986819751,18.0]],[[84.225291,28.914115],[84.088542,28.874594],[84.01821,28.826561],[83.933616,28.817802],[83.903075,28.781163],[83.793211,28.707085],[83.844578,28.626703],[83.802668,28.593268],[83.793366,28.530326],[83.749338,28.476893],[83.726807,28.420901],[83.693321,28.395502],[83.725722,28.327884],[83.776468,28.261893],[83.780809,28.228406],[83.708824,28.134097],[83.659008,28.029246],[83.589865,28.003795]],[[84.412657,27.758228],[84.391263,27.783886],[84.321189,27.759365],[84.295041,27.797528],[84.285946,27.83719],[84.268376,27.845949],[84.092573,27.862873],[84.017125,27.9084],[83.924004,27.878195],[83.869589,27.886748],[83.825509,27.876257],[83.766546,27.917831],[83.661695,27.919588],[83.636425,27.908994],[83.502118,27.932585],[83.479484,27.920441],[83.438969,27.947984],[83.460518,27.968913],[83.543873,27.966743],[83.575343,27.981755],[83.589865,28.003795]],[[84.225291,28.914115],[84.206725,28.940664],[84.231427,29.025981],[84.175461,29.057401],[84.166211,29.098458],[84.13226,29.143804],[84.161663,29.192534],[84.155462,29.206642],[84.112364,29.209097],[84.08973,29.256613],[84.035211,29.247622],[84.012525,29.270204],[83.975835,29.263745],[83.957955,29.28904],[83.914392,29.289402],[83.79321,29.234754],[83.69549,29.226176],[83.675078,29.208761],[83.654992,29.160414]],[[83.85334,27.346194],[83.87765,27.369907],[83.834087,27.434037],[83.922043,27.449696]],[[83.922043,27.449696],[84.007668,27.440807],[84.099548,27.516874],[84.165746,27.472174],[84.185848,27.438636],[84.239023,27.431143],[84.289408,27.376108],[84.577039,27.329031],[84.631919,27.277044],[84.657654,27.203405],[84.654398,27.125374],[84.62148,27.057988],[84.627268,27.03649],[84.760697,26.999025],[84.817489,27.0106],[84.851751,26.982127],[84.924046,26.955668],[84.952726,26.897636],[85.018045,26.874433],[85.018562,26.845804],[85.122845,26.8657],[85.162016,26.851024],[85.165685,26.786273],[85.194934,26.758885],[85.28728,26.736974],[85.355352,26.759912]],[[83.922043,27.449696],[83.938784,27.461735],[83.941161,27.495273],[83.959661,27.518734],[83.925658,27.527183],[83.938784,27.550515],[84.026427,27.544107],[84.069112,27.557956],[84.10327,27.536847],[84.178976,27.633042],[84.195719,27.626815],[84.226777,27.659733],[84.278298,27.659733],[84.356484,27.696837],[84.384441,27.687664],[84.412037,27.703116],[84.425989,27.728644],[84.412657,27.758228]],[[83.970203,22.539348],[84.067045,22.499583],[84.147763,22.386773],[84.178562,22.364372],[84.230859,22.357344],[84.310957,22.324012],[84.420822,22.330989],[84.497303,22.372201],[84.516733,22.421422],[84.733671,22.427288],[84.80085,22.45018],[84.908337,22.421965],[84.944097,22.445245],[84.988022,22.452222],[85.065537,22.5032],[85.100367,22.393956],[85.104707,22.330834],[85.093339,22.290216],[85.040009,22.21637],[84.986265,22.106661],[85.050344,22.120898],[85.097886,22.113457],[85.220153,22.029147],[85.324126,22.126686],[85.43678,22.164229],[85.550675,22.107591],[85.679143,22.075862],[85.792211,22.129089],[85.801719,22.117022],[85.779085,22.071935],[85.784666,22.011887],[85.834275,21.986126],[85.897321,22.007623],[85.971321,22.097695],[85.988271,22.187535],[85.964603,22.24487],[85.993025,22.316364],[85.986514,22.393621],[85.940625,22.468138],[85.937835,22.49917],[85.997676,22.519143],[86.039844,22.556737],[86.064752,22.545885],[86.102476,22.500126],[86.289545,22.409046],[86.366026,22.330058],[86.401579,22.320007],[86.497181,22.334684],[86.686523,22.218024]],[[85.081867,28.331702],[85.077577,28.435681],[85.109461,28.459298],[85.123155,28.504592],[85.153748,28.524901],[85.16801,28.583192],[85.160982,28.595],[85.054942,28.638692],[85.02528,28.628409],[85.002491,28.594431],[84.954948,28.574303],[84.92849,28.538466],[84.81196,28.54198],[84.755632,28.585414],[84.677756,28.604405],[84.682975,28.650759],[84.632642,28.668794],[84.616209,28.69365],[84.450845,28.73388],[84.422733,28.799173],[84.376586,28.848835],[84.285997,28.873743],[84.225291,28.914115]],[[84.654709,27.841712],[84.621533,27.876412],[84.576988,27.880598],[84.44945,27.807864],[84.465573,27.761923],[84.412657,27.758228]],[[85.504011,27.384711],[85.45435,27.417397],[85.348982,27.437111],[85.272449,27.479512],[85.235862,27.553719],[85.225785,27.628004],[85.202169,27.678337],[85.060783,27.718231],[84.981408,27.713347],[84.872784,27.681773],[84.797801,27.686502],[84.773617,27.730995],[84.668713,27.745361],[84.669179,27.771303],[84.645097,27.805151],[84.654709,27.841712]],[[85.081867,28.331702],[84.964613,28.220991],[84.926424,28.127508],[84.830874,28.081542],[84.771601,27.985372],[84.726591,27.943204],[84.719615,27.92274],[84.749535,27.862512],[84.742352,27.817786],[84.700081,27.809362],[84.654709,27.841712]],[[87.477387,21.613593],[87.341807,21.562405],[87.200938,21.551988],[87.113048,21.507961],[87.063731,21.475002],[86.917654,21.327379],[86.866954,21.256049],[86.83725,21.174709],[86.844005,21.082221],[86.965668,20.805976],[86.953868,20.780585],[86.878754,20.780585],[86.910655,20.756415],[86.986583,20.751858],[86.998709,20.711127],[86.961192,20.712836],[86.940196,20.697984],[86.986501,20.684394],[86.994884,20.670722],[87.043224,20.697984],[87.003591,20.65705],[86.923188,20.621731],[86.751475,20.489163],[86.72462,20.431952],[86.72047,20.368476],[86.769786,20.400702],[86.788748,20.390123],[86.796153,20.437323],[86.809825,20.415107],[86.768321,20.343451],[86.693696,20.293931],[86.701671,20.284654],[86.754649,20.314439],[86.628184,20.235256],[86.495128,20.184068],[86.467133,20.094672],[86.391449,20.020209],[86.404145,20.002631],[86.42628,19.999172],[86.397227,19.982856],[86.275401,20.067369],[86.209158,20.066636],[86.152517,20.143134],[86.14503,20.122016],[86.167735,20.072943],[86.230235,20.035305],[86.289073,20.026435],[86.314952,19.986884],[86.372406,19.964993],[86.268565,19.910346],[86.089041,19.844224],[86.056651,19.856879],[85.846365,19.795844],[85.788829,19.765692],[85.734386,19.763617],[85.624278,19.718573],[85.63795,19.731635],[85.614268,19.727932],[85.549164,19.690619],[85.456798,19.663316],[85.446788,19.690619],[85.430431,19.691718],[85.427013,19.704088],[85.521983,19.739081],[85.514985,19.711127],[85.576508,19.745836],[85.563243,19.756903],[85.570323,19.875637],[85.476817,19.901028],[85.440115,19.896226],[85.319591,19.793647],[85.268077,19.780015],[85.220958,19.736029],[85.20338,19.707261],[85.206554,19.683783],[85.140147,19.596584],[85.151378,19.560289],[85.102875,19.529608],[85.108735,19.506781],[85.124034,19.519355],[85.128754,19.509508],[85.124034,19.478339],[85.202891,19.517157],[85.199229,19.554104],[85.233246,19.554104],[85.193044,19.580797],[85.212901,19.581122],[85.247569,19.60871],[85.233246,19.632554],[85.247569,19.65648],[85.309093,19.642239],[85.350597,19.677639],[85.383067,19.676093],[85.391449,19.690619],[85.405284,19.645941],[85.384613,19.635972],[85.37794,19.614936],[85.336762,19.596096],[85.31837,19.619534],[85.309093,19.595038],[85.288422,19.601264],[85.302908,19.57392],[85.330577,19.576402],[85.576508,19.690619],[85.336681,19.575181],[85.180431,19.475002],[85.069509,19.372138],[84.872081,19.219875],[84.777761,19.116197]],[[86.0546,27.888013],[85.96269,27.891374],[85.951218,27.91623],[85.956593,27.976226],[85.898302,28.036016],[85.889103,28.090276],[85.863368,28.143348],[85.734487,28.221534],[85.699761,28.269102],[85.692939,28.335222],[85.679142,28.332897],[85.675059,28.306387],[85.59894,28.250835],[85.565299,28.275381],[85.475692,28.279102],[85.43156,28.297059],[85.362572,28.259672],[85.312601,28.282771],[85.243406,28.267914],[85.205734,28.278275],[85.173591,28.30432],[85.109409,28.292254],[85.087395,28.304113],[85.081867,28.331702]],[[86.146355,26.601356],[86.115859,26.602563],[86.01137,26.654447],[85.952148,26.642044],[85.866366,26.579929],[85.828538,26.566131],[85.809728,26.603028],[85.780996,26.599204],[85.712887,26.653206],[85.701828,26.796608],[85.598578,26.854383],[85.439622,26.78772],[85.385878,26.788444],[85.355352,26.759912]],[[85.355352,26.759912],[85.36464,26.853193],[85.422311,26.955693],[85.417867,27.029126],[85.506647,27.165629],[85.517499,27.216918],[85.505717,27.264796],[85.440088,27.321847],[85.457606,27.35492],[85.504011,27.384711]],[[86.0546,27.888013],[86.036227,27.843159],[86.030801,27.752337],[85.986101,27.73208],[85.944346,27.665108],[85.845386,27.560049],[85.806732,27.500544],[85.818669,27.439049],[85.79495,27.415898],[85.72498,27.400757],[85.696403,27.35678],[85.538893,27.364222],[85.504011,27.384711]],[[86.516764,27.971432],[86.496921,27.937882],[86.425298,27.909925],[86.362976,27.946099],[86.327733,27.939691],[86.278072,27.983694],[86.217765,27.994985],[86.203038,28.002581],[86.172238,28.071828],[86.186036,28.133529],[86.176011,28.153011],[86.15596,28.156525],[86.068731,28.076763],[86.084699,28.043871],[86.079169,28.001134],[86.098134,27.985631],[86.095602,27.957855],[86.112862,27.926798],[86.0546,27.888013]],[[86.516764,27.971432],[86.564618,27.913671],[86.589733,27.744767],[86.534801,27.638882],[86.4608,27.614206],[86.413465,27.575552],[86.274248,27.45127],[86.241796,27.397424],[86.23084,27.358098],[86.240607,27.307843],[86.20986,27.245779],[86.329232,27.23193],[86.394241,27.182786],[86.330886,27.119198],[86.364114,27.04114],[86.355122,26.988379],[86.286703,26.96099],[86.25766,26.92368],[86.233631,26.915386],[86.175443,26.929881],[86.148726,26.904043],[86.161491,26.780743],[86.199008,26.712375],[86.146355,26.601356]],[[86.935153,26.520289],[86.875968,26.494921],[86.865684,26.472442],[86.821863,26.438129],[86.796438,26.431514],[86.738199,26.44371],[86.713601,26.414565],[86.5579,26.484018],[86.494906,26.527839],[86.353674,26.582616],[86.316002,26.580963],[86.301378,26.609023],[86.263086,26.609075],[86.195855,26.582668],[86.146355,26.601356]],[[86.982093,27.950674],[86.914725,27.945117],[86.893073,27.954186],[86.840466,28.014777],[86.739801,28.021495],[86.731739,28.076918],[86.661976,28.106838],[86.612315,28.080277],[86.569527,28.106606],[86.553559,28.104151],[86.516197,28.012245],[86.516764,27.971432]],[[86.686523,22.218024],[86.728691,22.246472],[86.761867,22.240607],[86.772306,22.283911],[86.833904,22.28833],[86.852508,22.302024],[86.803312,22.348378],[86.789876,22.415635],[86.718149,22.469404],[86.716289,22.505578],[86.750912,22.502684],[86.759387,22.512089],[86.74006,22.55821],[86.702336,22.585883],[86.611386,22.604254],[86.586891,22.680683],[86.524362,22.729414],[86.452325,22.745356],[86.399099,22.784966],[86.410468,22.935784],[86.441473,22.964025],[86.506482,22.988339],[86.450465,23.004203],[86.260503,23.01981],[86.178027,23.005728],[86.001914,23.165098],[85.942486,23.180343],[85.888432,23.163083],[85.871172,23.210702],[85.829831,23.260803],[85.843991,23.307027],[85.880681,23.356301],[85.89484,23.416478],[85.84151,23.430095],[85.823113,23.453866],[85.82549,23.479317],[85.849468,23.493192],[86.004808,23.514224],[86.015866,23.529313],[86.002224,23.585641],[86.039121,23.607164],[86.098342,23.578742],[86.129141,23.578354],[86.126454,23.492468],[86.227946,23.443246],[86.273008,23.453737],[86.336467,23.508436],[86.348352,23.567942],[86.410468,23.616569],[86.646112,23.6969],[86.799798,23.725529],[86.822432,23.776895],[86.815094,23.836685],[86.877209,23.913063],[86.979942,23.863867],[87.015599,23.859603],[87.079677,23.815213],[87.131871,23.803121],[87.166287,23.810227],[87.168457,23.829424],[87.139312,23.873323],[87.205354,23.868879],[87.232536,23.845832],[87.250416,23.905544],[87.282662,23.927945],[87.282972,23.954869],[87.225715,24.027345],[87.235533,24.040419],[87.309017,24.056206],[87.33806,24.001843],[87.397177,24.023392],[87.458156,24.019826],[87.491228,24.055922],[87.488541,24.132429],[87.517273,24.138914],[87.563265,24.112069],[87.594065,24.178447],[87.661554,24.186198],[87.652769,24.21891],[87.624554,24.22294],[87.623727,24.260483],[87.691836,24.296553],[87.733798,24.334691],[87.775759,24.419311],[87.776276,24.464295],[87.80046,24.500779],[87.788988,24.56956],[87.750851,24.593331],[87.782167,24.599817],[87.849243,24.579534],[87.888,24.597362],[87.899989,24.620952],[87.87012,24.634698],[87.895442,24.670303],[87.861128,24.750996],[87.812449,24.775697],[87.81586,24.794663],[87.854204,24.789702],[87.880869,24.915508],[87.844075,25.041547],[87.776276,25.096789],[87.769454,25.173141],[87.783717,25.214094]],[[87.477387,21.613593],[87.43087,21.689322],[87.424463,21.774744],[87.251967,21.822105],[87.225612,21.863575],[87.206801,21.941426],[87.190678,21.956205],[87.120812,21.976928],[87.059213,21.90719],[87.031412,21.907991],[86.995858,21.957032],[87.005677,22.01398],[86.987383,22.066586],[86.892712,22.116583],[86.833904,22.121751],[86.766725,22.167717],[86.70461,22.188698],[86.686523,22.218024]],[[87.648745,26.409993],[87.586984,26.378029],[87.480324,26.423401],[87.416452,26.426967],[87.356404,26.403712],[87.314029,26.343768],[87.2453,26.370226],[87.2191,26.408105],[87.135022,26.394204],[87.10629,26.404746],[87.066706,26.465621],[87.041333,26.580187],[86.972448,26.531973],[86.935153,26.520289]],[[86.982093,27.950674],[87.000199,27.708232],[86.946662,27.48517],[86.906148,27.423959],[86.96077,27.309987],[86.957204,27.29004],[86.928007,27.272703],[86.919325,27.251489],[86.91886,27.1131],[86.958289,27.058297],[86.966816,26.906394],[87.000612,26.901304],[87.154712,26.926832],[87.171248,26.920889],[87.175382,26.903113],[87.154195,26.836683],[87.004126,26.722994],[86.9617,26.604914],[86.968366,26.556777],[86.935153,26.520289]],[[87.678529,27.813351],[87.636077,27.823652],[87.573342,27.805022],[87.551327,27.831894],[87.531587,27.836803],[87.369116,27.803937],[87.385343,27.849412],[87.363845,27.855252],[87.290516,27.816081],[87.232897,27.829724],[87.155796,27.825796],[87.116522,27.844581],[87.030532,27.938089],[86.982093,27.950674]],[[89.060395,22.129869],[89.043712,22.137397],[89.036876,22.085598],[89.057384,22.031236],[89.060883,21.938463],[89.036876,21.925116],[89.013031,21.929429],[89.009532,21.904608],[88.944672,21.938788],[88.928722,21.986558],[88.91391,21.986558],[88.90504,21.969428],[88.924083,21.926337],[88.99586,21.884182],[89.01588,21.853339],[89.043712,21.733344],[89.085216,21.674709],[89.082693,21.617336],[89.053233,21.609809],[89.033946,21.633246],[89.019786,21.606106],[89.000255,21.60342],[88.933849,21.643948],[88.891612,21.65351],[88.858653,21.766832],[88.838227,21.701972],[88.858653,21.636542],[88.844249,21.622219],[88.805837,21.62287],[88.797862,21.640204],[88.81837,21.65762],[88.810883,21.691718],[88.800466,21.661851],[88.77711,21.643541],[88.796641,21.584418],[88.790538,21.568264],[88.762462,21.555854],[88.727875,21.559882],[88.70753,21.578315],[88.722179,21.609198],[88.684906,21.697211],[88.703624,21.810614],[88.694509,21.83983],[88.722179,21.966132],[88.763031,22.017279],[88.754649,22.037584],[88.708507,22.072211],[88.763031,22.130561],[88.726573,22.121161],[88.694835,22.081529],[88.699474,22.053209],[88.730724,22.037177],[88.689952,21.94599],[88.678722,21.936672],[88.63087,21.945461],[88.627452,21.970404],[88.653494,22.018012],[88.639496,22.109524],[88.683116,22.184963],[88.679942,22.204413],[88.660167,22.205024],[88.619151,22.109524],[88.625987,22.048041],[88.60255,22.006415],[88.598399,21.929348],[88.567068,21.850816],[88.564626,21.766832],[88.624034,21.778022],[88.632823,21.750067],[88.612641,21.697496],[88.591807,21.70539],[88.59962,21.637274],[88.595063,21.612128],[88.578136,21.62344],[88.572276,21.557929],[88.54477,21.561998],[88.536469,21.5751],[88.529633,21.553371],[88.543956,21.534084],[88.51295,21.524644],[88.493907,21.534817],[88.487966,21.556545],[88.529633,21.65762],[88.504893,21.741523],[88.532888,21.795315],[88.531016,21.824123],[88.495616,21.876695],[88.514985,21.937201],[88.495616,21.951809],[88.499848,21.933661],[88.474457,21.890326],[88.4935,21.805162],[88.474457,21.800971],[88.45338,21.741767],[88.472179,21.663275],[88.456309,21.62401],[88.393077,21.600246],[88.382823,21.671332],[88.392589,21.698554],[88.355724,21.684963],[88.331228,21.719062],[88.324718,21.701361],[88.348806,21.650295],[88.33546,21.61579],[88.309744,21.610175],[88.298188,21.764106],[88.261567,21.798651],[88.295421,21.676581],[88.283376,21.609198],[88.305837,21.571682],[88.254405,21.554674],[88.237478,21.601711],[88.224376,21.613023],[88.208263,21.602973],[88.181895,21.665229],[88.21046,21.74726],[88.201427,21.774319],[88.209727,21.78856],[88.154063,21.888088],[88.146739,21.959215],[88.156261,21.990871],[88.222423,22.077948],[88.198009,22.167792],[88.081309,22.217353],[88.077322,22.240424],[88.043468,22.224758],[88.009044,22.240424],[87.972667,22.283189],[87.94044,22.413031],[87.906586,22.42475],[87.965343,22.244818],[88.008474,22.204901],[88.132579,22.179145],[88.160981,22.156562],[88.173513,22.116889],[88.164317,22.089789],[88.111176,22.034857],[88.043142,22.017279],[88.050792,21.985012],[87.983653,21.854193],[87.899181,21.794827],[87.867198,21.7508],[87.703787,21.655504],[87.621349,21.650621],[87.477387,21.613593]],[[88.087136,26.5391],[88.074189,26.453942],[88.006648,26.369864],[87.975488,26.366557],[87.928979,26.396426],[87.869809,26.464639],[87.821595,26.437509],[87.756173,26.446914],[87.74222,26.410482],[87.727544,26.403764],[87.68119,26.424228],[87.648745,26.409993]],[[87.678529,27.813351],[87.616802,27.691488],[87.595873,27.674874],[87.560372,27.687122],[87.547866,27.6772],[87.528384,27.614284],[87.479498,27.541317],[87.446167,27.383264],[87.523423,27.299135],[87.71845,27.236813],[87.73974,27.21374],[87.701862,27.149222],[87.60316,27.102222],[87.480583,26.981222],[87.533035,26.883062],[87.600369,26.850842],[87.664448,26.763767],[87.645018,26.656797],[87.648745,26.409993]],[[88.118218,27.860885],[88.029954,27.893337],[87.978433,27.880522],[87.836685,27.908323],[87.756379,27.82037],[87.726821,27.807761],[87.678529,27.813351]],[[87.783717,25.214094],[87.839011,25.288302],[87.798807,25.365946],[87.774829,25.366979],[87.74496,25.399458],[87.768007,25.436277],[87.9558,25.534075],[88.005822,25.501209],[88.067421,25.49108],[88.06494,25.519864],[88.043133,25.547097],[88.056775,25.614122],[88.042823,25.678149],[88.005099,25.710808],[87.94257,25.735329],[87.904123,25.773311],[87.865056,25.843901],[87.805421,25.873666],[87.789195,25.902373],[87.789505,25.919168],[87.8171,25.937073],[87.831363,26.010557],[87.979364,26.145795],[88.016468,26.150885],[88.079823,26.19282],[88.167466,26.277182],[88.302445,26.343896],[88.299551,26.368804],[88.254489,26.396038],[88.278674,26.435002],[88.195268,26.50014],[88.203433,26.547191],[88.121888,26.5305],[88.087136,26.5391]],[[88.004663,27.249163],[88.035122,27.322571],[88.014762,27.378072],[88.041633,27.438068],[88.02334,27.494912],[88.11088,27.639503],[88.159662,27.77412],[88.164623,27.845356],[88.118218,27.860885]],[[88.087136,26.5391],[88.163383,26.705141],[88.167827,26.762915],[88.151394,26.862806],[88.096824,26.959337],[88.055948,27.018042],[88.009491,27.045637],[87.970733,27.10274],[88.004663,27.249163]],[[88.733082,27.148972],[88.66449,27.173355],[88.518039,27.176223],[88.423988,27.099897],[88.357429,27.085117],[88.233095,27.137104],[88.100597,27.143382],[88.069591,27.209037],[88.004663,27.249163]],[[88.892331,27.315543],[88.773578,27.408509],[88.754355,27.464216],[88.757559,27.511448],[88.741642,27.53168],[88.805669,27.655109],[88.853884,27.843676],[88.851558,27.877163],[88.810682,27.927857],[88.81771,27.994881],[88.780141,28.028342],[88.735648,28.055265],[88.652035,28.069399],[88.610488,28.105831],[88.594003,28.106606],[88.50207,28.028885],[88.455768,28.03152],[88.37877,27.982634],[88.115737,27.947262],[88.097496,27.904008],[88.118218,27.860885]],[[88.975323,25.302643],[88.982351,25.274892],[88.929073,25.229417],[88.927884,25.192727],[88.909642,25.189161],[88.924163,25.167871],[88.81709,25.196809],[88.784224,25.160946],[88.634259,25.192262],[88.599119,25.19314],[88.55938,25.170764],[88.475405,25.195104],[88.441299,25.18973],[88.425796,25.051056],[88.37567,24.94561],[88.322753,24.874684],[88.242758,24.880601],[88.232836,24.918273],[88.20245,24.9453],[88.114911,24.916413],[88.140955,24.844583],[88.107779,24.801097],[88.088245,24.796136],[88.07698,24.761177],[88.053209,24.754976],[88.048455,24.711206],[88.027164,24.67573],[88.02179,24.645603],[88.05724,24.634105],[88.081838,24.599869],[88.086023,24.53672],[88.10995,24.500986],[88.401301,24.369418],[88.475405,24.315468],[88.634517,24.294125],[88.660149,24.338257],[88.681801,24.33389],[88.737508,24.287097],[88.749807,24.223251],[88.731456,24.189771]],[[88.731456,24.189771],[88.69379,24.175321],[88.67808,24.154289],[88.674101,24.08264],[88.700921,24.04365],[88.725002,24.038379],[88.701593,23.995281],[88.71415,23.925156],[88.653121,23.869784],[88.593589,23.866916],[88.577621,23.85516],[88.577518,23.818521],[88.552713,23.774984],[88.561188,23.741007],[88.541551,23.638765],[88.566356,23.62874],[88.561705,23.602023],[88.57142,23.592334],[88.609247,23.588794],[88.719421,23.468104],[88.756835,23.498799],[88.770168,23.488826],[88.719266,23.348292],[88.685935,23.293308],[88.69658,23.252354],[88.775697,23.221633],[88.822671,23.237963],[88.959975,23.202693],[88.954704,23.183806],[88.8513,23.07513],[88.838794,22.975808],[88.893468,22.879638],[88.944524,22.848012],[88.936876,22.782331],[88.908144,22.740784],[88.95641,22.584979],[88.950312,22.561983],[88.927988,22.548134],[88.970982,22.527928],[88.998371,22.451241],[88.989586,22.386903],[89.023537,22.294816],[89.00912,22.285618],[89.076196,22.17503],[89.078159,22.150845],[89.060395,22.129869]],[[89.344914,23.920711],[89.269725,23.936885],[89.186732,23.928979],[89.116401,23.955851],[89.06829,23.99652],[89.069995,24.038068],[89.036819,24.095403],[88.959976,24.16713],[88.930986,24.171626],[88.907628,24.151058],[88.82479,24.119174],[88.758283,24.147493],[88.731456,24.189771]],[[88.876116,27.280486],[88.775852,27.240871],[88.738438,27.179789],[88.733082,27.148972]],[[89.368895,26.837359],[89.341657,26.854331],[89.273599,26.843892],[89.212828,26.813041],[89.096504,26.821413],[89.060693,26.881461],[89.021574,26.912674],[88.996614,26.922751],[88.932328,26.919237],[88.924474,26.961663],[88.906645,26.981093],[88.88644,26.978975],[88.851713,26.945437],[88.845615,27.049565],[88.827632,27.097882],[88.733082,27.148972]],[[88.892331,27.315543],[88.876116,27.280486]],[[89.329307,27.119094],[89.283367,27.127027],[89.261818,27.118397],[89.236032,27.073774],[89.190556,27.126252],[89.15707,27.099147],[89.142032,27.100232],[89.120276,27.144545],[89.028912,27.158704],[89.005865,27.224669],[88.97398,27.214722],[88.932536,27.263633],[88.876116,27.280486]],[[89.124655,27.614852],[89.091531,27.625865],[89.064029,27.615946],[88.978366,27.530283],[88.982966,27.492632],[88.95106,27.433144],[88.997019,27.330869],[88.971933,27.312385],[88.950808,27.328229],[88.91516,27.330869],[88.892331,27.315543]],[[89.657829,26.187174],[89.653008,26.22269],[89.61332,26.219383],[89.614406,26.164192],[89.586759,26.169205],[89.562781,26.142591],[89.604225,26.120732],[89.566915,26.098977],[89.567018,26.087091],[89.603864,26.084662],[89.611357,26.072208],[89.559163,26.022237],[89.541697,25.959709],[89.518184,25.962086],[89.485628,25.998724],[89.411266,25.993195],[89.391422,26.015467],[89.335301,25.998569],[89.237633,26.0581],[89.212621,26.098977],[89.11919,26.146622],[89.103377,26.22517],[89.069426,26.287389],[89.068857,26.314261],[89.094799,26.309506],[89.102912,26.327335],[89.055215,26.347023],[89.043743,26.381078],[89.010877,26.390173],[88.94101,26.439421],[88.911968,26.421231],[88.891246,26.385781],[88.912433,26.348935],[88.966021,26.328472],[88.981731,26.291833],[89.007983,26.297156],[89.004365,26.27571],[89.034338,26.265788],[89.039712,26.247185],[89.019455,26.234472],[88.975323,26.224344],[88.946849,26.232922],[88.902718,26.272919],[88.875794,26.277364],[88.824841,26.226566],[88.807995,26.233439],[88.784017,26.279947],[88.747947,26.292505],[88.663404,26.264444],[88.645834,26.27602],[88.702988,26.309661],[88.712238,26.328265],[88.652242,26.391517],[88.656273,26.415133],[88.611521,26.430843],[88.591161,26.461228],[88.526823,26.475388],[88.462383,26.528821],[88.411016,26.545099],[88.397891,26.55869],[88.394377,26.618015],[88.372518,26.611607],[88.315105,26.465052],[88.335621,26.448206],[88.353552,26.484586],[88.461143,26.45389],[88.497626,26.352708],[88.431687,26.362216],[88.336602,26.281808],[88.326267,26.21592],[88.218884,26.18016],[88.163796,26.140473],[88.139922,26.085334],[88.156407,26.061408],[88.151032,26.031332],[88.125866,26.0134],[88.074396,25.908135],[88.087574,25.830983],[88.127726,25.774914],[88.227462,25.804266],[88.259915,25.789021],[88.320273,25.725253],[88.41944,25.653784],[88.423781,25.592237],[88.475405,25.562575],[88.530286,25.500202],[88.593589,25.495086],[88.66635,25.462891],[88.706192,25.491675],[88.742572,25.495189],[88.741952,25.512759],[88.772338,25.501959],[88.814919,25.458602],[88.799623,25.395609],[88.841998,25.332822],[88.880187,25.323468],[88.902873,25.303418],[88.975323,25.302643]],[[89.681534,25.159524],[89.506419,25.16632],[89.350641,25.207649],[89.283879,25.172678],[89.252088,25.201291],[89.226655,25.252157],[89.223476,25.290307],[88.975323,25.302643]],[[89.979503,22.470079],[89.933604,22.423529],[89.920421,22.391832],[89.872895,22.418606],[89.880382,22.342231],[89.838715,22.267768],[89.861339,22.211005],[89.871349,22.091864],[89.846202,22.070624],[89.797211,22.075995],[89.847911,22.033881],[89.846202,21.972317],[89.887218,21.900092],[89.880382,21.884182],[89.850922,21.877509],[89.786388,21.828925],[89.775727,21.827582],[89.76588,21.846747],[89.709158,21.830064],[89.661306,21.849351],[89.652599,21.878852],[89.663341,21.896308],[89.646983,21.925116],[89.618988,21.869859],[89.700694,21.784857],[89.668224,21.750881],[89.631521,21.764065],[89.59547,21.759996],[89.605968,21.719062],[89.586925,21.700832],[89.53712,21.753811],[89.527354,21.812812],[89.564464,21.884182],[89.5713,22.031236],[89.605968,22.113227],[89.567231,22.202826],[89.605968,22.256903],[89.626475,22.336005],[89.580821,22.277248],[89.586192,22.245429],[89.549164,22.205268],[89.579356,22.113227],[89.551443,21.994045],[89.532888,21.984687],[89.523448,22.044623],[89.53712,22.089016],[89.492035,22.188381],[89.493012,22.273505],[89.475759,22.295071],[89.467459,22.22899],[89.475759,22.102607],[89.494151,22.136868],[89.518321,22.081],[89.509125,22.041205],[89.490408,22.023993],[89.521821,21.962307],[89.512543,21.909125],[89.46461,21.859198],[89.469493,21.804389],[89.456228,21.762397],[89.406423,21.717353],[89.36964,21.743313],[89.365896,21.828925],[89.386974,21.90119],[89.352224,21.972317],[89.355968,21.892524],[89.30128,21.809394],[89.283946,21.822089],[89.294688,21.757799],[89.273692,21.698798],[89.297537,21.678127],[89.248709,21.645901],[89.21046,21.65412],[89.204438,21.672675],[89.220714,21.709418],[89.187673,21.81151],[89.154552,21.786851],[89.104666,21.815863],[89.079926,21.897406],[89.091482,22.00023],[89.057384,22.06509],[89.060395,22.129869]],[[89.205843,27.747435],[89.124655,27.614852]],[[89.124655,27.614852],[89.160582,27.577638],[89.211227,27.563072],[89.246263,27.478142],[89.27205,27.458479],[89.370907,27.314173],[89.313029,27.269705],[89.329928,27.210665]],[[89.417364,27.988654],[89.336025,27.869075],[89.22492,27.807813],[89.205843,27.747435]],[[89.531517,27.30699],[89.53007,27.3335],[89.494724,27.358279],[89.498289,27.403082],[89.462271,27.426647],[89.482115,27.560308],[89.405789,27.641776],[89.374163,27.646685],[89.401603,27.674564],[89.38517,27.699782],[89.385325,27.748203],[89.286468,27.719109],[89.205843,27.747435]],[[89.329928,27.210665],[89.35158,27.173355],[89.329307,27.119094]],[[89.329307,27.119094],[89.306622,27.092197],[89.310394,27.047083],[89.337834,27.033828],[89.34047,26.999567],[89.267244,26.930553],[89.319386,26.904482],[89.326982,26.872675],[89.365119,26.874716],[89.368895,26.837359]],[[89.329928,27.210665],[89.506506,27.188883],[89.504491,27.221181],[89.531517,27.30699]],[[89.928754,22.870232],[89.832843,22.93196],[89.81858,22.966712],[89.757137,23.028155],[89.722979,23.089599],[89.685203,23.110088],[89.681379,23.13802],[89.711196,23.119132],[89.756258,23.170602],[89.736621,23.1852],[89.695022,23.171532],[89.680294,23.189257],[89.681224,23.227084],[89.627842,23.240442],[89.667736,23.288863],[89.637867,23.288269],[89.597818,23.353097],[89.598852,23.385059],[89.626757,23.37077],[89.598852,23.473193],[89.548416,23.505775],[89.519115,23.508488],[89.503199,23.486861],[89.497049,23.514172],[89.525988,23.537478],[89.421343,23.674524],[89.352717,23.671811],[89.311479,23.720232],[89.360365,23.853015],[89.344914,23.920711]],[[89.344914,23.920711],[89.490228,23.852834],[89.530174,23.81958],[89.555857,23.814877],[89.619781,23.84379],[89.698071,23.854152],[89.684945,23.9273],[89.702153,23.980035],[89.80008,24.055896],[89.81703,24.083492],[89.830104,24.186069],[89.808296,24.199402],[89.806953,24.226635],[89.75569,24.274513],[89.749282,24.360865],[89.765663,24.561886],[89.789228,24.609919],[89.796049,24.719499],[89.77636,24.757946],[89.701119,24.808228],[89.679054,24.852489],[89.653319,24.968864],[89.681534,25.159524]],[[89.368895,26.837359],[89.442891,26.797022],[89.50542,26.803688],[89.586087,26.784051],[89.611357,26.765964],[89.597507,26.720954],[89.609806,26.712221],[89.685151,26.724571],[89.75467,26.700989]],[[89.417364,27.988654],[89.454675,27.989377],[89.490538,27.97266],[89.515033,27.915351],[89.555702,27.904369],[89.493018,27.839309],[89.484182,27.766962],[89.50356,27.75412],[89.522836,27.77585],[89.551361,27.77784],[89.562833,27.742131],[89.608309,27.715285]],[[90.475232,28.072344],[90.485669,28.124657],[90.515299,28.154287],[90.54822,28.157579],[90.567973,28.1905],[90.597602,28.200376],[90.587726,28.233298],[90.505422,28.249758],[90.45604,28.28268],[90.416535,28.28268],[90.386905,28.299141],[90.353984,28.299141],[90.329504,28.255796],[90.29147,28.261351],[90.261804,28.299141],[90.261804,28.335354],[90.225591,28.358399],[90.176209,28.325478],[90.07086,28.34523],[89.952524,28.308247],[89.91613,28.315601],[89.862918,28.295793],[89.780855,28.228769],[89.755844,28.184379],[89.561489,28.13464],[89.515032,28.081905],[89.458808,28.047798],[89.417364,27.988654]],[[89.531517,27.30699],[89.565314,27.255959],[89.607688,27.248931],[89.614975,27.237588],[89.558492,27.202526],[89.538804,27.170099],[89.600557,27.138551],[89.623501,27.141109]],[[90.002445,27.801223],[89.888085,27.85352],[89.832067,27.839231],[89.768299,27.759908],[89.723754,27.755412],[89.70453,27.743914],[89.709646,27.734302],[89.670062,27.723295],[89.619006,27.728101],[89.608309,27.715285]],[[89.608309,27.715285],[89.625827,27.690739],[89.630478,27.619736],[89.689027,27.538862],[89.75693,27.570126],[89.787522,27.527312],[89.814498,27.522248]],[[89.709646,27.260869],[89.698329,27.263039],[89.683394,27.231826],[89.646963,27.210975],[89.623501,27.141109]],[[89.623501,27.141109],[89.657505,27.071526],[89.68665,27.054189],[89.680449,27.030702],[89.743132,27.030366],[89.763183,26.994838],[89.780856,26.937736],[89.763183,26.893811],[89.782251,26.852005],[89.761943,26.800096]],[[89.858701,26.722057],[89.888498,26.532903],[89.858526,26.471046],[89.843436,26.382163],[89.815221,26.360975],[89.828864,26.327851],[89.781528,26.308679],[89.75879,26.263178],[89.732642,26.250646],[89.735329,26.211708],[89.657829,26.187174]],[[89.808568,25.439507],[89.82323,25.489143],[89.834392,25.634767],[89.783129,25.814446],[89.834392,25.931752],[89.792017,25.949115],[89.825607,25.965703],[89.828656,25.979397],[89.814135,25.99614],[89.789434,25.987976],[89.750211,26.041564],[89.749849,26.083887],[89.718482,26.145537],[89.658175,26.159231],[89.657829,26.187174]],[[89.677813,36.081958],[89.514671,36.053252],[89.466922,36.027052],[89.435141,35.987804],[89.45886,35.916568],[89.511622,35.863909],[89.633733,35.832516],[89.760082,35.83802],[89.792638,35.818047],[89.781321,35.753425],[89.715072,35.642347],[89.722824,35.566253],[89.690681,35.519848],[89.699879,35.497575],[89.743442,35.469256],[89.737551,35.449981],[89.618696,35.387168],[89.491623,35.350401],[89.480461,35.332211],[89.483097,35.266892],[89.454054,35.22462],[89.470229,35.189067],[89.57167,35.073312],[89.560663,34.978847],[89.569189,34.948048],[89.609704,34.93469],[89.778221,34.930426],[89.807986,34.905983],[89.825246,34.84609],[89.812017,34.812294],[89.715847,34.725064],[89.724994,34.696487],[89.761788,34.662742],[89.791088,34.554119],[89.795739,34.408417],[89.840284,34.383328],[89.84447,34.357955],[89.81858,34.317492],[89.786592,34.198533],[89.730575,34.148665],[89.65797,34.130966],[89.635904,34.074484],[89.681069,33.983404],[89.741892,33.909507],[89.887,33.813854],[89.892219,33.755614],[89.952784,33.715513],[89.975108,33.630557],[90.037223,33.605081],[90.097426,33.597278],[90.160213,33.560432],[90.203208,33.500074],[90.192356,33.454496],[90.205688,33.401502],[90.262015,33.3267],[90.30563,33.295074],[90.359632,33.283808],[90.424383,33.288046],[90.582616,33.188646],[90.682558,33.149346],[90.773819,33.139114],[90.841618,33.154617],[90.94001,33.236628],[91.037472,33.234768],[91.127906,33.254327],[91.142478,33.267427],[91.152917,33.314685],[91.177567,33.334555],[91.370733,33.335717],[91.39993,33.31652],[91.368098,33.292025],[91.376469,33.271251],[91.475171,33.140665],[91.542661,33.080333],[91.720324,32.982509],[91.813135,32.968272],[91.924395,32.871508],[91.976846,32.848615],[92.031003,32.853783],[92.10149,32.887812],[92.196109,32.86864],[92.203809,32.858201],[92.187583,32.81531],[92.203241,32.761541],[92.221379,32.744978],[92.256622,32.744436],[92.297447,32.762497],[92.334654,32.752161],[92.372998,32.771152],[92.419093,32.755908],[92.465809,32.769421],[92.649983,32.740431],[92.727291,32.760559],[92.850023,32.728881],[92.997766,32.741516],[93.043964,32.652322],[93.081688,32.665293],[93.195738,32.667154],[93.362395,32.568968],[93.442596,32.563336],[93.475463,32.518816],[93.494893,32.514036],[93.597161,32.564576],[93.734155,32.572457],[93.802006,32.555197],[93.852391,32.499774],[93.930939,32.509618],[94.004629,32.480628],[94.110773,32.478225],[94.178262,32.522253],[94.334997,32.549951],[94.356753,32.614082],[94.38042,32.614134],[94.410599,32.591473],[94.520567,32.631264],[94.582217,32.672192],[94.614928,32.672735],[94.67141,32.62049],[94.721847,32.592869],[94.75523,32.535456],[94.852226,32.50011],[94.924366,32.45603],[94.936769,32.438046],[94.951342,32.337225],[94.968395,32.319578],[95.078259,32.254517],[95.269462,32.240901],[95.317572,32.184263],[95.396224,32.162068],[95.425266,32.09476],[95.406611,32.043522],[95.424336,32.018304],[95.372505,31.999417],[95.355451,31.979935],[95.354314,31.954406],[95.390178,31.887925],[95.406766,31.810668],[95.486864,31.746667],[95.644943,31.760361],[95.725041,31.746357],[95.784779,31.694655],[95.848858,31.714266],[95.952366,31.705404],[96.062075,31.713775],[96.107963,31.688635],[96.124758,31.621533],[96.167288,31.548049],[96.193023,31.534742],[96.235398,31.568874],[96.214624,31.606753],[96.229506,31.702148],[96.212918,31.735117],[96.147754,31.779921],[96.141243,31.797052],[96.144964,31.819453],[96.197054,31.88193],[96.278186,31.90906],[96.307435,31.906192],[96.331619,31.890948],[96.382675,31.818472],[96.464583,31.760671],[96.649533,31.725712],[96.737382,31.679798],[96.763737,31.680909],[96.795415,31.715455],[96.796655,31.737365],[96.748545,31.823898],[96.789679,31.896839],[96.735367,31.951538],[96.737692,31.96885],[96.803787,31.972958],[96.871741,31.994352],[96.914581,31.990141],[96.999795,32.021741],[97.142836,32.012672],[97.175444,32.034402],[97.183505,32.064606],[97.239677,32.065873],[97.276574,32.113802],[97.250995,32.128323],[97.244638,32.164471],[97.276936,32.252295],[97.291664,32.264956],[97.359773,32.260486],[97.388505,32.280769],[97.374863,32.317304],[97.394087,32.353633],[97.393156,32.384974],[97.325977,32.412234],[97.360859,32.500187],[97.576711,32.48148],[97.630868,32.444092],[97.652779,32.454944],[97.666731,32.489258],[97.696342,32.501272],[97.715721,32.54419]],[[91.02911167659116,37.5],[91.073749,37.487945],[91.106357,37.458127],[91.163149,37.300127],[91.234979,37.195404],[91.316318,37.118975],[91.323243,37.043734],[91.287586,37.013503],[91.191364,37.001463],[91.000368,36.931209],[90.891124,36.939477],[90.826425,36.923612],[90.701472,36.807831],[90.688139,36.698484],[90.710463,36.636162],[90.80529,36.558518],[90.972256,36.522319],[91.006724,36.503483],[91.061036,36.313546],[91.135761,36.140637],[91.12372,36.081209],[91.005949,36.052942],[90.894225,36.006614],[90.853401,36.004728],[90.622665,36.111129],[90.292453,36.115548],[90.154218,36.132472],[90.083318,36.221019],[90.029575,36.258847],[90.013762,36.252775],[89.972007,36.104928],[89.946117,36.08002],[89.866794,36.065603],[89.677813,36.081958]],[[89.681534,25.159524],[89.739877,25.248123],[89.736776,25.327782],[89.762253,25.383877],[89.799234,25.402893]],[[90.058307,27.10323],[89.936661,27.139558],[89.885294,27.215187],[89.826952,27.260559],[89.767524,27.271824],[89.709646,27.260869]],[[89.814498,27.522248],[89.810363,27.485299],[89.742512,27.459409],[89.743908,27.401739],[89.690681,27.360527],[89.711351,27.342931],[89.709646,27.260869]],[[89.761943,26.800096],[89.735846,26.755783],[89.75467,26.700989]],[[89.75467,26.700989],[89.817287,26.696201],[89.834961,26.731548],[89.858701,26.722057]],[[89.761943,26.800096],[89.808916,26.799191],[89.816099,26.82596],[89.859043,26.803429],[89.900022,26.815418],[89.905448,26.828053],[89.916817,26.814126],[89.930304,26.85216],[89.966116,26.816968],[89.967666,26.83291],[90.00446,26.855183]],[[89.799234,25.402893],[89.808568,25.439507]],[[90.934821,25.15636],[90.82198,25.142291],[90.753974,25.167561],[90.707672,25.152988],[90.62344,25.171436],[90.364644,25.149991],[90.286923,25.180066],[90.130085,25.211589],[89.908134,25.296907],[89.819044,25.284969],[89.798529,25.340056],[89.799234,25.402893]],[[92.384937,25.004773],[92.510147,25.112938],[92.557483,25.127898],[92.560686,25.150248],[92.649157,25.155442],[92.680369,25.18792],[92.811627,25.234119],[92.786306,25.282462],[92.798295,25.327343],[92.789613,25.348892],[92.701763,25.425528],[92.636754,25.447439],[92.584871,25.491519],[92.678819,25.586733],[92.677889,25.610633],[92.593449,25.586656],[92.476867,25.699879],[92.382403,25.764345],[92.316464,25.727319],[92.227684,25.713754],[92.178384,25.684686],[92.167325,25.689543],[92.167015,25.817132],[92.214661,25.919478],[92.20784,25.939347],[92.179108,25.947745],[92.175697,25.979784],[92.26148,26.055413],[92.270368,26.073215],[92.255175,26.085152],[92.164122,26.088382],[92.054051,26.056834],[91.922483,26.03823],[91.890857,26.043656],[91.825331,26.089261],[91.807141,26.088098],[91.75195,26.048074],[91.718154,25.967692],[91.672472,25.931157],[91.631648,25.93958],[91.645807,26.000093],[91.637849,26.026112],[91.59196,26.034406],[91.472277,25.8901],[91.496565,25.882891],[91.532842,25.901546],[91.527365,25.888084],[91.473518,25.861833],[91.360553,25.843255],[91.269086,25.751607],[91.22206,25.730678],[91.199323,25.76065],[91.195912,25.868938],[91.081604,25.837571],[91.060933,25.85173],[91.031271,25.83571],[91.028997,25.899298],[90.987449,25.922604],[90.97453,25.943636],[90.868387,25.951595],[90.778056,25.925059],[90.766584,25.959734],[90.752942,25.962137],[90.644318,25.931467],[90.626748,25.964126],[90.609591,25.969397],[90.53466,25.910951],[90.551713,25.961258],[90.545306,25.980663],[90.494869,26.009911],[90.397098,26.017146],[90.323924,25.984797],[90.135615,25.959785],[90.041047,25.886301],[89.980172,25.814006],[89.944619,25.72582],[89.949166,25.665798],[90.000533,25.609316],[89.998466,25.580661],[89.96653,25.561489],[89.903381,25.553531],[89.883331,25.465939],[89.808568,25.439507]],[[89.814498,27.522248],[89.907929,27.530645],[89.996709,27.620097],[90.033812,27.63976],[90.035983,27.653299],[90.009421,27.679809],[89.960225,27.692651],[89.964721,27.726732],[90.003685,27.771303],[90.002445,27.801223]],[[90.944493,26.77887],[90.717077,26.767049],[90.587783,26.780072],[90.382627,26.891796],[90.348831,26.896654],[90.284442,26.85707],[90.210907,26.851489],[90.17742,26.832058],[90.152202,26.771752],[90.127191,26.751392],[89.912113,26.716717],[89.858701,26.722057]],[[90.450125,23.049343],[90.422212,23.024977],[90.359787,23.06451],[90.312555,23.065802],[90.292401,23.042935],[90.317619,23.043529],[90.326456,23.02074],[90.299119,22.981543],[90.274469,22.973585],[90.229149,23.00888],[90.211786,23.066293],[90.14347,23.06283],[90.126571,23.028853],[90.063113,22.974774],[89.995313,22.886226],[89.928754,22.870232]],[[89.928754,22.870232],[89.962085,22.827444],[89.928754,22.810029],[89.93232,22.787498],[89.911339,22.768946],[89.928289,22.739],[89.884674,22.700708],[89.929839,22.685618],[89.926429,22.668849],[89.901727,22.663811],[89.955729,22.592911],[89.959915,22.555626],[89.945962,22.516791],[89.979503,22.470079]],[[90.450125,23.049343],[90.510427,22.918199],[90.54005,22.896552],[90.52003,22.880194],[90.476329,22.884101],[90.436046,22.800605],[90.40797,22.794664],[90.424001,22.781684],[90.419932,22.768256],[90.406423,22.763088],[90.394298,22.774848],[90.372569,22.76142],[90.435232,22.733303],[90.444591,22.751654],[90.461681,22.748847],[90.489919,22.720201],[90.512706,22.611477],[90.500173,22.592353],[90.459239,22.579291],[90.442068,22.493638],[90.462657,22.520982],[90.472504,22.575588],[90.505138,22.586249],[90.559744,22.562323],[90.606619,22.465766],[90.586192,22.473212],[90.618419,22.376654],[90.613455,22.314887],[90.557953,22.203355],[90.50115,22.176703],[90.459646,22.091946],[90.43865,22.075995],[90.387462,22.102607],[90.421641,22.198879],[90.40797,22.240424],[90.410899,22.284247],[90.394298,22.288235],[90.39088,22.208808],[90.410492,22.195705],[90.412852,22.178046],[90.392589,22.143012],[90.380056,22.143622],[90.369884,22.08983],[90.308604,21.984036],[90.282888,21.870795],[90.203787,21.804592],[90.164399,21.804267],[90.092947,21.830268],[90.095388,21.859442],[90.112478,21.856269],[90.104991,21.870266],[90.126231,21.90119],[90.126231,21.931952],[90.098481,21.878607],[90.066905,21.85342],[90.024425,21.862454],[90.044932,21.966132],[90.077159,21.987982],[90.105642,22.054267],[90.164073,22.113227],[90.195079,22.109524],[90.216156,22.123236],[90.239106,22.172268],[90.236095,22.198879],[90.205821,22.132961],[90.148285,22.110785],[90.088878,22.051174],[90.052419,21.989],[89.996349,22.00023],[90.010753,22.041205],[90.035411,22.059801],[90.042735,22.131252],[90.07838,22.164049],[90.052582,22.155463],[90.024425,22.089016],[89.982758,22.044623],[89.982758,21.986558],[89.967784,21.974555],[89.934418,21.997707],[89.914561,22.061672],[89.90089,22.201972],[89.875336,22.263983],[89.900157,22.33393],[90.010102,22.49022],[89.979503,22.470079]],[[90.475232,28.072344],[90.429962,28.071664],[90.408282,28.056832],[90.388829,28.008756],[90.34816,27.984675],[90.341339,27.904266],[90.275555,27.895171],[90.212199,27.976613],[90.158249,27.972996],[90.089623,27.867705],[90.015002,27.840627],[90.002445,27.801223]],[[90.00446,26.855183],[90.007561,26.891718],[90.049935,26.931819],[90.059702,26.958355],[90.058307,27.10323]],[[90.00446,26.855183],[90.026681,26.819319],[90.069004,26.809087],[90.134633,26.840429],[90.136803,26.865725],[90.236901,26.996699],[90.234885,27.030831],[90.25044,27.045016],[90.267493,27.105271],[90.331572,27.148602],[90.312762,27.170487]],[[90.058307,27.10323],[90.056912,27.172114],[90.077686,27.176739],[90.14254,27.154648],[90.197523,27.161495],[90.23597,27.135037],[90.312762,27.170487]],[[90.312762,27.170487],[90.336688,27.209321]],[[90.465,27.776238],[90.446087,27.69694],[90.389915,27.672549],[90.319945,27.678027],[90.289662,27.620407],[90.323045,27.542195],[90.362784,27.517365],[90.341804,27.499691],[90.30656,27.498864],[90.238141,27.468272],[90.293228,27.347504],[90.334828,27.3104],[90.343354,27.272237],[90.360252,27.262962],[90.336688,27.209321]],[[90.336688,27.209321],[90.458283,27.135605],[90.516832,27.125683]],[[90.702319,23.554837],[90.675466,23.55093],[90.702159,23.528388],[90.695323,23.50788],[90.666759,23.518215],[90.607758,23.491116],[90.588145,23.534166],[90.592052,23.562486],[90.633311,23.596625],[90.627126,23.603461],[90.558767,23.590399],[90.564464,23.576402],[90.547211,23.563788],[90.514659,23.563788],[90.476329,23.582953],[90.498383,23.557278],[90.576834,23.539496],[90.578949,23.449856],[90.551931,23.384955],[90.322439,23.433295],[90.250336,23.466946],[90.2588,23.444566],[90.38852,23.372382],[90.428477,23.326117],[90.569102,23.294989],[90.606619,23.247219],[90.614513,23.195461],[90.593516,23.219875],[90.599132,23.117499],[90.571951,23.081732],[90.553722,23.078559],[90.558767,23.110663],[90.522797,23.080146],[90.453624,23.072333],[90.450125,23.049343]],[[90.465,27.776238],[90.457559,27.816003],[90.486911,27.854372],[90.491252,27.893001],[90.442056,27.959276],[90.453373,27.992969],[90.429137,28.025215],[90.475232,28.072344]],[[90.724158,27.349003],[90.649175,27.415665],[90.567578,27.449875],[90.560602,27.507934],[90.51306,27.634283],[90.524532,27.735749],[90.50567,27.762466],[90.465,27.776238]],[[90.755278,28.055173],[90.667468,28.090328],[90.575277,28.065833],[90.475232,28.072344]],[[90.516832,27.125683],[90.571609,27.161443],[90.639563,27.155733],[90.60463,27.205704],[90.706433,27.254357],[90.724158,27.349003]],[[90.516832,27.125683],[90.540758,27.093644],[90.582926,27.069459],[90.630262,27.071552],[90.653723,27.060442],[90.678993,27.013726],[90.680388,26.952903],[90.719662,26.944325],[90.775214,26.900555],[90.813506,26.819681],[90.887249,26.814875],[90.948072,26.827407],[90.957839,26.787642],[90.944493,26.77887]],[[90.702319,23.554837],[90.743381,23.590498],[90.740436,23.610368],[90.769943,23.622899],[90.734545,23.659409],[90.751753,23.687986],[90.721522,23.721937],[90.759866,23.80201],[90.75997,23.853557],[90.785188,23.871179],[90.849887,23.880248],[90.891124,23.859526],[90.914172,23.874693],[90.972876,23.964972],[90.982385,24.032332],[91.029669,24.072071],[91.037162,24.093103],[91.017732,24.103826],[91.024863,24.118141],[91.004089,24.16589],[91.033079,24.176122],[91.065997,24.218031],[91.094109,24.206843],[91.094781,24.236454],[91.153434,24.256427]],[[92.265147,21.061103],[92.261485,20.940253],[92.333263,20.767727],[92.325531,20.738715],[92.301036,20.762274],[92.209727,20.930813],[92.18629,21.005845],[92.134125,21.047512],[92.052501,21.154771],[92.045258,21.299547],[91.952973,21.44184],[91.949718,21.458401],[91.96339,21.452135],[91.982921,21.488837],[91.999034,21.499498],[92.017914,21.493109],[91.995372,21.52261],[91.990001,21.561998],[92.022146,21.599351],[92.017914,21.616034],[92.035818,21.640448],[92.035899,21.668158],[92.022797,21.676825],[92.029307,21.704901],[92.025401,21.712836],[92.000743,21.649807],[91.983897,21.650133],[91.983897,21.70539],[91.962657,21.689521],[91.949718,21.715969],[91.952973,21.738349],[91.990001,21.759996],[91.960297,21.763821],[91.990001,21.794827],[91.908702,21.781155],[91.899262,21.789496],[91.911388,21.834703],[91.929373,21.843166],[91.925548,21.86286],[91.949718,21.884182],[91.915701,21.862454],[91.898204,21.944892],[91.88087,21.969184],[91.855235,22.109198],[91.853526,22.143622],[91.867198,22.137397],[91.853282,22.148749],[91.839854,22.116889],[91.812999,22.180325],[91.816905,22.220282],[91.839854,22.246649],[91.83839,22.263088],[91.812022,22.281399],[91.808849,22.306342],[91.874034,22.336005],[91.908051,22.42475],[91.887706,22.42475],[91.877452,22.363349],[91.791352,22.301907],[91.793956,22.286038],[91.826345,22.267768],[91.825938,22.248481],[91.78712,22.237942],[91.771658,22.260321],[91.743663,22.411078],[91.676036,22.534613],[91.548106,22.700344],[91.516368,22.712226],[91.476817,22.761176],[91.462413,22.761908],[91.458344,22.797065],[91.490489,22.904527],[91.462413,22.833441],[91.416759,22.799994],[91.414724,22.75373],[91.346446,22.774848],[91.367442,22.761664],[91.360118,22.743394],[91.290782,22.73843],[91.332774,22.720201],[91.317393,22.697211],[91.244802,22.698391],[91.243419,22.720201],[91.181895,22.726467],[91.199229,22.698798],[91.168956,22.684882],[91.253429,22.660712],[91.264496,22.640815],[91.241569,22.575396],[91.202743,22.54322],[91.127343,22.527026],[91.089201,22.54443],[91.018321,22.683092],[91.003754,22.678656],[91.032237,22.636868],[91.037934,22.588609],[90.985118,22.574368],[90.954926,22.575832],[90.908214,22.617865],[90.876475,22.682807],[90.835948,22.684882],[90.819509,22.726467],[90.794932,22.74136],[90.771007,22.784817],[90.717459,22.940619],[90.640147,23.038031],[90.627126,23.075873],[90.640147,23.18887],[90.667328,23.267646],[90.65089,23.300238],[90.661143,23.322252],[90.628429,23.321519],[90.611339,23.342475],[90.600271,23.449937],[90.608735,23.472724],[90.633311,23.486762],[90.69158,23.486477],[90.715017,23.498358],[90.715831,23.535142],[90.702319,23.554837]],[[90.931639,27.369079],[90.91934,27.353189],[90.833247,27.326162],[90.758006,27.377632],[90.728964,27.3705],[90.724158,27.349003]],[[90.969776,27.389982],[90.954583,27.422668],[90.980938,27.470081],[90.948795,27.502172],[90.939545,27.564933],[90.957477,27.622319],[90.949002,27.678414],[90.917479,27.709756],[90.885853,27.718128],[90.870454,27.790139],[90.796763,27.838275],[90.7794,27.895171],[90.728809,27.924704],[90.755939,27.971833],[90.755278,28.055173]],[[91.436483,27.989375],[91.341432,28.030564],[91.290169,28.091413],[91.269705,28.072861],[91.194671,28.070587],[91.092558,27.971679],[91.051941,27.96279],[90.975149,27.982092],[90.90952,28.032657],[90.755278,28.055173]],[[90.969776,27.389982],[90.931639,27.369079]],[[90.931639,27.369079],[91.003624,27.210975],[90.99055,27.113384],[91.023313,27.048995],[91.077625,27.025017],[91.086926,26.979465],[91.101034,26.967837],[91.150127,26.937503],[91.184233,26.942154]],[[90.934821,25.15636],[91.235702,25.201925],[91.431866,25.13795],[91.480752,25.135263],[91.566121,25.159964],[91.596197,25.128907],[91.638675,25.124049],[91.662033,25.127201],[91.677432,25.152626],[91.710712,25.144668],[91.730142,25.167457],[91.900571,25.177586],[91.956278,25.169783],[92.033999,25.181668],[92.092911,25.164718],[92.116165,25.139449],[92.172699,25.131955],[92.233677,25.084956],[92.303544,25.074285],[92.328142,25.048007],[92.381058,25.023435],[92.384937,25.004773]],[[91.153434,24.256427],[91.183613,24.309188],[91.239217,24.33699],[91.225678,24.357015],[91.248777,24.379158],[91.213689,24.418665],[91.230328,24.429569],[91.225988,24.465406],[91.187644,24.483596],[91.231414,24.563126],[91.184233,24.607232],[91.207177,24.625319],[91.222887,24.674153],[91.202526,24.698622],[91.148266,24.699604],[91.145269,24.814506],[91.12527,24.880058],[91.006569,24.868844],[90.977682,24.8806],[90.912363,24.978941],[90.946211,25.056352],[90.934821,25.15636]],[[90.944493,26.77887],[91.012781,26.784348]],[[91.3096,27.581314],[91.290376,27.575681],[91.287121,27.546458],[91.244901,27.502198],[91.259681,27.476747],[91.244901,27.428688],[91.164234,27.389982],[91.141238,27.422332],[91.097933,27.430238],[91.021142,27.3805],[90.969776,27.389982]],[[91.012781,26.784348],[91.062069,26.804567],[91.198185,26.802344],[91.296577,26.774594],[91.345566,26.794696],[91.388457,26.858465],[91.420187,26.871539],[91.475067,26.865545],[91.520646,26.79759],[91.593716,26.810768],[91.637951,26.798985],[91.702133,26.803481],[91.825123,26.858465],[91.843934,26.84937],[91.863054,26.804773],[91.87866,26.803016],[91.885895,26.83087],[91.874009,26.844306],[91.895507,26.853504],[91.89313,26.881358],[91.925686,26.878671],[91.975088,26.846631],[92.03586,26.854848],[92.072757,26.887766],[92.080371,26.921571]],[[91.184233,26.942154],[91.162581,26.890504],[91.098037,26.882132],[91.089097,26.863787],[91.0106,26.841463],[91.000523,26.813557],[91.012781,26.784348]],[[91.153434,24.256427],[91.260714,24.212941],[91.300453,24.241931],[91.332131,24.241182],[91.280765,24.198782],[91.317041,24.179506],[91.28185,24.169223],[91.273323,24.154366],[91.293632,24.057292],[91.312856,24.02471],[91.308433,23.992501]],[[91.379518,27.16289],[91.345257,27.08783],[91.23715,27.031399],[91.184233,26.942154]],[[91.184233,26.942154],[91.274408,26.941405],[91.303089,26.918021],[91.32593,26.916316],[91.338022,26.892312],[91.324793,26.849318],[91.352595,26.839783],[91.430523,26.923344],[91.432797,26.968147],[91.452847,27.006931],[91.490984,27.017576]],[[91.308433,23.992501],[91.26092,23.977271],[91.216272,23.908387],[91.212758,23.88074],[91.228157,23.84498],[91.194981,23.755166],[91.141754,23.739896],[91.132349,23.720646],[91.136587,23.69889],[91.168936,23.685377],[91.175241,23.670313],[91.166456,23.654087],[91.139687,23.65357],[91.140824,23.6121],[91.195084,23.495182],[91.22733,23.468775],[91.25813,23.373639],[91.287275,23.355552],[91.265778,23.329352],[91.313527,23.101046],[91.337401,23.071074],[91.370887,23.062779],[91.355695,23.224139],[91.372128,23.261889],[91.394349,23.262664],[91.436517,23.214863],[91.439927,23.223519],[91.463595,23.184116],[91.523643,22.995213],[91.576766,22.968806],[91.586068,22.944466],[91.616661,22.978056],[91.706991,22.995368],[91.75598,23.061539],[91.776237,23.06526],[91.795564,23.089496],[91.743681,23.272327],[91.762595,23.321549],[91.817682,23.400924],[91.905118,23.446632],[91.940775,23.495182],[91.915971,23.65016],[91.922688,23.722972],[91.936641,23.72354],[92.019013,23.640057],[92.059631,23.659487],[92.108414,23.718243],[92.150788,23.731653],[92.1943,23.648144],[92.222102,23.707779],[92.238741,23.716848],[92.259737,23.702641]],[[91.308433,23.992501],[91.339055,23.995229],[91.363033,24.099848],[91.517545,24.085198],[91.596507,24.10499],[91.629063,24.215319],[91.68415,24.145478],[91.72115,24.148992],[91.732623,24.164314],[91.723011,24.220977],[91.732933,24.234284],[91.807037,24.221133],[91.813755,24.183124],[91.844244,24.155323],[91.87711,24.158036],[91.905945,24.260639],[91.899847,24.33805],[91.921862,24.34451],[91.972194,24.316062],[91.949974,24.375387],[92.033379,24.36885],[92.08826,24.38164],[92.107587,24.405979],[92.110894,24.514293],[92.14998,24.542183]],[[91.3096,27.581314],[91.297198,27.597179],[91.30712,27.61847],[91.299368,27.740891],[91.316731,27.811817],[91.320142,27.912121],[91.373679,27.957286],[91.403961,27.960283],[91.436483,27.989375]],[[91.392644,27.401842],[91.409852,27.442305],[91.3096,27.581314]],[[91.379518,27.16289],[91.392076,27.243144],[91.471141,27.295233],[91.456878,27.337608],[91.387373,27.380345],[91.392644,27.401842]],[[91.490984,27.017576],[91.496772,27.059227],[91.445871,27.066746],[91.396055,27.114082],[91.421324,27.158239],[91.379518,27.16289]],[[91.727092,27.459942],[91.710919,27.443157],[91.579144,27.409283],[91.524212,27.36926],[91.392644,27.401842]],[[91.628339,27.852694],[91.652834,27.916747],[91.637951,27.939743],[91.578627,27.964702],[91.436483,27.989375]],[[91.490984,27.017576],[91.505764,27.009928],[91.585966,27.051011],[91.631131,27.042148],[91.76673,27.084781],[91.809725,27.137129],[91.89866,27.1555],[91.911527,27.240379],[91.948786,27.185499],[92.005788,27.176112]],[[91.727092,27.459942],[91.657382,27.479151],[91.604465,27.532145],[91.573252,27.619711],[91.579867,27.657977],[91.626686,27.716423],[91.63577,27.782525],[91.605336,27.810658],[91.566023,27.821074],[91.564355,27.851372],[91.628339,27.852694]],[[97.323496,28.217478],[97.229651,28.274606],[97.210531,28.308092],[97.182729,28.314991],[97.11555,28.366564],[97.078446,28.375143],[96.965791,28.330468],[96.716924,28.436539],[96.561518,28.447293],[96.369644,28.378116],[96.301852,28.420711],[96.336459,28.479667],[96.502375,28.644476],[96.501044,28.687631],[96.59801,28.70991],[96.592584,28.757884],[96.576668,28.808527],[96.510832,28.885525],[96.492229,28.948002],[96.452128,28.970378],[96.457605,28.994588],[96.366568,29.036537],[96.294655,28.992324],[96.248588,28.945343],[96.195323,28.941106],[96.175954,29.017354],[96.174625,29.108845],[96.210075,29.145767],[96.316425,29.171864],[96.366241,29.257233],[96.337096,29.279713],[96.26785,29.24173],[96.235293,29.241214],[96.176279,29.286456],[96.141966,29.368467],[95.953735,29.359219],[95.863134,29.323985],[95.79594,29.352886],[95.744781,29.340432],[95.747365,29.273651],[95.717165,29.218284],[95.592335,29.249689],[95.56443,29.245606],[95.550167,29.212482],[95.515337,29.209433],[95.521435,29.137861],[95.487577,29.068994],[95.367406,29.036496],[95.224916,29.059364],[95.199698,29.094246],[95.116912,29.108095],[94.989065,29.153984],[94.776571,29.166696],[94.761482,29.174706],[94.767683,29.213851],[94.756417,29.230517],[94.704224,29.284699],[94.63043,29.319452],[94.582681,29.302915],[94.514778,29.22106],[94.396439,29.207081],[94.372875,29.196307],[94.335771,29.149617],[94.287505,29.147938],[94.270786,29.09793],[94.347311,29.024349],[94.250183,28.933107],[94.173658,28.930164],[94.135396,28.897788],[93.992019,28.844649],[93.981591,28.768131],[93.927786,28.682752],[93.86308,28.704871],[93.781744,28.680504],[93.722475,28.696647],[93.62553,28.67236],[93.446213,28.671894],[93.31717,28.603463],[93.286972,28.520517],[93.186286,28.431995],[93.218073,28.394647],[93.207825,28.340539],[92.974924,28.282306],[92.903817,28.249698],[92.834777,28.183526],[92.790232,28.178901],[92.779174,28.195903],[92.678611,28.133064],[92.65484,28.105831],[92.638924,28.057487],[92.689257,28.048315],[92.736392,27.985909],[92.683674,27.91045],[92.636468,27.89537],[92.574977,27.847806],[92.475109,27.846596],[92.427567,27.821171],[92.392841,27.856027],[92.367933,27.803834],[92.350053,27.802542],[92.329175,27.832928],[92.303854,27.78616],[92.239568,27.865277],[92.126294,27.812722],[92.064878,27.761721],[91.988898,27.769398],[91.952247,27.72482],[91.864914,27.729988],[91.826589,27.807627],[91.729871,27.804136],[91.680131,27.849823],[91.628339,27.852694]],[[92.005788,27.176112],[92.027075,27.19984],[92.03679,27.236478],[92.088776,27.29234],[92.023598,27.44678],[91.975088,27.472433],[91.900591,27.45973],[91.727092,27.459942]],[[92.080371,26.921571],[92.066969,26.994943],[92.049709,27.026827],[91.999893,27.071527],[91.987697,27.104031],[92.005788,27.176112]],[[95.176444,27.033182],[95.199699,27.046799],[95.261193,27.048866],[95.356898,27.115064],[95.423768,27.141289],[95.463145,27.176869],[95.493427,27.250042],[95.534252,27.271772],[95.559573,27.271385],[95.643806,27.230328],[95.799559,27.28588],[95.903738,27.276087],[96.007194,27.365126],[96.009365,27.413443],[95.978256,27.449694],[95.940325,27.446878],[95.887719,27.40179],[95.879554,27.462613],[95.89578,27.497547],[95.886788,27.557],[95.798525,27.62772],[95.775891,27.717327],[95.813408,27.774429],[95.900741,27.86538],[95.973088,27.988809],[95.716773,27.990204],[95.672331,27.977957],[95.543554,27.90207],[95.408368,27.870831],[95.304808,27.895894],[95.247034,27.866155],[94.948138,27.76952],[94.798483,27.701229],[94.66278,27.668699],[94.525941,27.603897],[94.474575,27.593872],[94.44915,27.616196],[94.352929,27.593122],[94.289056,27.615162],[94.243064,27.647977],[94.212265,27.612553],[94.256914,27.548086],[94.243064,27.525969],[93.982512,27.327712],[93.84659,27.198892],[93.827069,27.16705],[93.834924,27.113875],[93.826552,27.095995],[93.694674,27.005949],[93.632042,26.983366],[93.460683,26.947244],[93.419135,26.977294],[93.375004,26.988792],[93.020297,26.953006],[92.964589,26.965719],[92.936167,27.001453],[92.814831,27.050804],[92.698766,27.065919],[92.605748,27.009437],[92.328866,26.935746],[92.21032,26.912337],[92.080371,26.921571]],[[92.14998,24.542183],[92.233781,24.777533],[92.223032,24.891376],[92.252177,24.902977],[92.290418,24.891298],[92.380748,24.836702],[92.477693,24.86391],[92.491543,24.883728],[92.483791,24.928221],[92.384937,25.004773]],[[92.29848,24.23772],[92.230991,24.248029],[92.220242,24.264333],[92.254349,24.337068],[92.257759,24.396005],[92.236262,24.437863],[92.22789,24.495379],[92.14998,24.542183]],[[92.259737,23.702641],[92.270678,23.829114],[92.292072,23.853506],[92.318634,23.850534],[92.313776,23.936446],[92.331967,23.994841],[92.318117,24.035949],[92.325352,24.188343],[92.29848,24.23772]],[[92.259737,23.702641],[92.252797,23.609309],[92.301477,23.431801],[92.348606,23.354105],[92.357494,23.278942],[92.332689,23.226258],[92.327625,23.171429],[92.359871,22.926612],[92.378681,22.900438],[92.426327,22.87106],[92.442037,22.762927],[92.495883,22.695618],[92.500844,22.560536],[92.577015,22.168674],[92.575568,22.143301],[92.537328,22.128625],[92.575879,21.977574]],[[92.265147,21.061103],[92.224272,21.093184],[92.174973,21.175608],[92.185205,21.24041],[92.17828,21.299735],[92.236261,21.417092],[92.284527,21.419055],[92.322664,21.461895],[92.354703,21.451818],[92.389637,21.376526],[92.423123,21.363658],[92.524512,21.361126],[92.570608,21.247283],[92.614326,21.263148],[92.64104,21.308586]],[[94.44975381818182,18.0],[94.492198,18.025946],[94.494884,18.048814],[94.422862,18.242499],[94.341563,18.247504],[94.325857,18.267727],[94.331065,18.303127],[94.389171,18.286038],[94.417003,18.313951],[94.389659,18.362698],[94.350597,18.37523],[94.331065,18.425971],[94.258962,18.509019],[94.244965,18.539252],[94.262218,18.545111],[94.24879,18.638861],[94.148936,18.731024],[94.156423,18.738511],[94.174571,18.725043],[94.211599,18.725531],[94.279307,18.738511],[94.252452,18.752143],[94.228038,18.735541],[94.212413,18.741848],[94.153087,18.821031],[94.148936,18.868232],[94.133556,18.846503],[94.135102,18.820461],[94.11964,18.816636],[94.066905,18.848334],[94.053233,18.840888],[94.038097,18.859117],[94.036632,18.918036],[94.053233,18.93651],[94.041189,18.997626],[94.066091,19.042873],[94.060069,19.063707],[94.094249,19.087348],[94.04656,19.081122],[94.029063,19.095404],[94.039073,19.122056],[94.032725,19.169257],[94.053233,19.221381],[94.045909,19.304674],[94.069672,19.350898],[94.066905,19.388983],[94.025238,19.286566],[94.033376,19.204535],[93.973481,19.146308],[93.947113,19.159654],[93.937266,19.204657],[93.925466,19.210273],[93.910411,19.190985],[93.914887,19.169582],[93.955414,19.126899],[93.952485,19.03205],[93.984386,18.967841],[93.973888,18.922797],[93.937266,18.88935],[93.944102,18.868232],[93.930431,18.858629],[93.9074,18.881781],[93.865733,18.895494],[93.813731,18.943996],[93.73463,18.981187],[93.703868,19.018459],[93.678884,19.019599],[93.642345,19.134223],[93.594005,19.176703],[93.567149,19.231106],[93.487071,19.333726],[93.490896,19.40762],[93.530121,19.432074],[93.552989,19.430569],[93.568044,19.406724],[93.611339,19.403266],[93.636974,19.349066],[93.621349,19.334377],[93.665294,19.305609],[93.71754,19.293402],[93.722911,19.268459],[93.754649,19.247138],[93.834239,19.238186],[93.929942,19.29975],[93.987315,19.386705],[93.984386,19.464057],[93.923839,19.462388],[93.9192,19.48428],[93.937266,19.492011],[93.882091,19.501899],[93.731212,19.632554],[93.756114,19.661078],[93.800059,19.65648],[93.794444,19.67357],[93.827403,19.718573],[93.806814,19.745836],[93.783865,19.691107],[93.761078,19.674872],[93.720958,19.685289],[93.709483,19.713528],[93.718761,19.743598],[93.751638,19.765692],[93.721934,19.768988],[93.693533,19.724799],[93.648448,19.725165],[93.635509,19.759508],[93.60141,19.718573],[93.606456,19.796129],[93.660655,19.870836],[93.679942,19.883368],[93.738048,19.882473],[93.725597,19.905585],[93.745372,19.916571],[93.740001,19.925116],[93.71754,19.93769],[93.70753,19.916571],[93.611339,19.910346],[93.600841,19.888577],[93.58074,19.881334],[93.546723,19.902899],[93.565929,19.916571],[93.518321,19.939602],[93.531912,19.951361],[93.511974,19.970445],[93.531912,19.984849],[93.525645,19.999172],[93.492198,19.964993],[93.47047,19.984849],[93.457042,19.95425],[93.423188,19.965318],[93.382335,20.088528],[93.372081,20.030829],[93.361827,20.026435],[93.340668,20.1022],[93.312755,20.065375],[93.272472,20.047512],[93.190278,20.064439],[93.17628,20.053697],[93.128429,20.094672],[93.17628,19.957506],[93.23585,19.847235],[93.238292,19.82099],[93.201427,19.862779],[93.148123,19.99433],[93.131521,20.006578],[93.109141,19.993801],[93.10613,19.93065],[93.134532,19.848293],[93.168793,19.807318],[93.125011,19.846666],[93.059418,19.951117],[93.038422,20.012926],[92.980724,20.077948],[92.970225,20.129462],[93.042491,20.129462],[93.080089,20.170478],[93.094249,20.14997],[93.120942,20.211982],[93.089203,20.210354],[93.018565,20.14997],[92.990489,20.154934],[93.001231,20.239325],[93.018809,20.256496],[93.04127,20.332017],[93.080821,20.358547],[93.091319,20.381008],[93.100434,20.431098],[93.081879,20.416978],[93.059581,20.36225],[93.043224,20.364936],[93.031016,20.409654],[93.085623,20.532945],[93.073253,20.554633],[93.022634,20.452541],[93.016287,20.324856],[92.936046,20.211982],[92.898448,20.135688],[92.860362,20.124945],[92.772146,20.201483],[92.778168,20.231635],[92.79949,20.259182],[92.864024,20.300767],[92.942882,20.321234],[92.893321,20.329535],[92.846934,20.377346],[92.831554,20.478949],[92.815278,20.504706],[92.792654,20.506252],[92.79656,20.483832],[92.769298,20.455064],[92.758556,20.472113],[92.778982,20.478258],[92.750987,20.498521],[92.720714,20.592231],[92.662852,20.679185],[92.63502,20.697984],[92.708263,20.578681],[92.71697,20.499986],[92.737478,20.44477],[92.731212,20.259182],[92.697113,20.308254],[92.653168,20.41828],[92.539887,20.527533],[92.507009,20.60928],[92.453624,20.668524],[92.381114,20.700141],[92.281016,20.959418],[92.265147,21.061103]],[[93.018436,24.399131],[92.991875,24.380709],[92.930173,24.391638],[92.863407,24.365619],[92.837259,24.367609],[92.783825,24.461556],[92.75778,24.482976],[92.707344,24.369572],[92.622595,24.28074],[92.624455,24.238521],[92.588488,24.221313],[92.480175,24.129225],[92.453303,24.132326],[92.431289,24.152996],[92.414856,24.195707],[92.42302,24.23803],[92.29848,24.23772]],[[92.575879,21.977574],[92.615256,22.008787],[92.650913,22.019174],[92.656184,22.075294],[92.662075,22.094777],[92.67396,22.095242],[92.671067,22.133896],[92.683779,22.154308],[92.771629,22.104182],[92.836121,22.046511],[92.877462,21.957007],[92.906194,22.017314],[92.920974,22.021809],[92.968103,21.987238],[92.979885,22.002276],[92.967172,22.062685],[92.985466,22.095965],[93.025464,22.112915],[93.024533,22.201902],[93.072489,22.20247],[93.119515,22.180973],[93.141735,22.187277],[93.123545,22.230686],[93.169021,22.246912],[93.173672,22.259418],[93.16592,22.386593],[93.153518,22.427521],[93.117861,22.462868],[93.099154,22.51196],[93.110523,22.596348],[93.073936,22.671899],[93.079517,22.77272],[93.115897,22.798403],[93.175532,22.881705],[93.138221,23.005264],[93.152381,23.049938],[93.196512,23.053839],[93.246535,23.004488],[93.272787,23.00591],[93.318262,23.03366],[93.3749,23.129726],[93.377897,23.296822],[93.407249,23.347258],[93.400221,23.454022],[93.432364,23.647317],[93.425956,23.690803],[93.374796,23.739017],[93.355986,23.906991],[93.308134,23.977504],[93.302559,24.035775]],[[92.575879,21.977574],[92.593035,21.886934],[92.575568,21.733972],[92.590245,21.495537],[92.64104,21.308586]],[[92.64104,21.308586],[92.669207,21.296917],[92.854829,21.043264],[92.881184,21.038509],[92.939681,21.079566],[93.132641,21.04409],[93.148558,21.019777],[93.160236,20.918491],[93.17667,20.888777],[93.224005,20.859993],[93.246226,20.806766],[93.412831,20.701088],[93.474016,20.6737],[93.5475,20.680133],[93.602483,20.663416],[93.671523,20.698272],[93.683615,20.715919],[93.651783,20.782685],[93.655813,20.853947],[93.689093,20.891903],[93.72475,20.887692],[93.749761,20.869037],[93.802161,20.762273],[93.854354,20.750878],[93.904584,20.701915]],[[93.449211,25.302125],[93.394331,25.235049],[93.312062,25.065783],[93.262969,25.035992],[93.260075,25.008836],[93.276818,24.973437],[93.239405,24.944808],[93.253357,24.914707],[93.207159,24.847579],[93.199407,24.816522],[93.181114,24.809442],[93.148144,24.823886],[93.117655,24.797195],[93.087063,24.706994],[93.091197,24.682706],[93.106286,24.671931],[93.080035,24.62444],[93.100602,24.577027],[93.064532,24.558915],[93.045721,24.444529],[93.03673,24.414608],[93.011822,24.4128],[93.018436,24.399131]],[[93.302559,24.035775],[93.248706,24.017733],[93.252427,24.049308],[93.232894,24.068841],[93.187418,24.04029],[93.148041,24.061994],[93.105666,24.044941],[93.07094,24.071864],[92.979369,24.104782],[92.997559,24.131318],[93.014302,24.274462],[93.045928,24.326526],[93.02288,24.35425],[93.018436,24.399131]],[[93.302559,24.035775],[93.32219,24.080056],[93.348545,24.088893],[93.439185,23.995229],[93.456652,23.95996],[93.495719,23.959133],[93.543468,23.980889],[93.571063,23.968021],[93.612404,24.009052],[93.711106,24.005461],[93.743042,23.995281],[93.803711,23.936059],[93.912334,23.939005],[93.997911,23.916965],[94.055065,23.887949],[94.099713,23.842628],[94.128859,23.853905]],[[95.176444,27.033182],[95.149779,27.000471],[95.017901,26.928176],[94.966224,26.927142],[94.917132,26.951172],[94.76541,26.788029],[94.668982,26.732115],[94.486564,26.676667],[94.428686,26.616877],[94.420625,26.567474],[94.396543,26.534401],[94.345487,26.489701],[94.30828,26.485412],[94.29102,26.542876],[94.269626,26.55471],[94.195419,26.465465],[94.170407,26.360769],[94.102918,26.303563],[94.00773,26.184397],[94.002666,26.076755],[93.969696,26.027042],[93.98923,25.94622],[93.947785,25.886172],[93.90417,25.85682],[93.779113,25.831033],[93.774773,25.846278],[93.810119,25.903639],[93.796373,25.951595],[93.75865,25.960638],[93.685062,25.926997],[93.677621,25.911442],[93.705836,25.864365],[93.580779,25.763079],[93.524349,25.689285],[93.338313,25.548467],[93.340587,25.529295],[93.396294,25.461392],[93.443733,25.421704],[93.458513,25.380725],[93.449211,25.302125]],[[94.65036,25.44665],[94.599528,25.460772],[94.535863,25.513688],[94.570693,25.621486],[94.570383,25.687631],[94.435301,25.594407],[94.386725,25.541439],[94.325333,25.512035],[94.195109,25.496584],[94.15077,25.52144],[94.084004,25.519528],[94.026747,25.553841],[93.929905,25.554409],[93.769605,25.532085],[93.759373,25.499994],[93.807535,25.47953],[93.808569,25.446096],[93.679068,25.328273],[93.649199,25.261921],[93.605481,25.2058],[93.557835,25.247503],[93.515047,25.259647],[93.449211,25.302125]],[[93.904584,20.701915],[93.903964,20.58107],[93.913782,20.564352],[93.983855,20.544689],[94.011657,20.517947],[94.155938,20.287392],[94.207614,20.166676],[94.25619,20.111357],[94.252676,20.048699],[94.265182,20.016944],[94.341353,19.933073],[94.327917,19.818093],[94.369775,19.730579],[94.430133,19.451345],[94.5555,19.264096],[94.559531,19.236449],[94.542684,19.23309],[94.533589,19.197898],[94.559531,19.114932],[94.57121,19.099248],[94.634462,19.075503],[94.682314,19.024989],[94.718488,18.943728],[94.746496,18.923858],[94.804684,18.837171],[94.797242,18.813064],[94.720141,18.783789],[94.791868,18.697154],[94.785977,18.672375],[94.744016,18.623566],[94.775848,18.535975],[94.763653,18.466315],[94.836595,18.35762]],[[94.007006,22.678022],[94.02747,22.573093],[94.035429,22.433153],[94.02375,22.395119],[94.050725,22.374397],[94.021476,22.312799],[94.050311,22.139786],[94.021476,22.04943],[94.053722,21.95202],[94.016928,21.921944],[94.007317,21.891067],[94.007006,21.790091],[94.130306,21.572999],[94.125345,21.538608],[94.075529,21.436625],[94.057753,21.320379],[94.027987,21.265834],[94.106019,21.208732],[94.119144,21.111373],[94.109739,21.06551],[94.046281,20.957403],[94.039459,20.916631],[94.09589,20.760335],[94.138265,20.692949],[94.108189,20.672304],[94.023026,20.651556],[93.977861,20.655665],[93.904584,20.701915]],[[95.342222,21.608862],[95.301398,21.62142],[95.248481,21.66103],[95.242487,21.711879],[95.152053,21.823268],[95.127662,21.830296],[95.079086,21.827324],[95.052214,21.809987],[94.921163,21.813449],[94.843958,21.8289],[94.684278,21.808566],[94.601906,21.819728],[94.490388,21.767328],[94.409049,21.80376],[94.395717,21.82443],[94.41618,21.989614],[94.405638,22.055657],[94.365744,22.079635],[94.349311,22.110537],[94.279445,22.106325],[94.25619,22.145393],[94.244201,22.275824],[94.295774,22.388866],[94.289987,22.4215],[94.216606,22.5556],[94.120695,22.669573],[94.113253,22.708097],[94.09775,22.711818],[94.063954,22.683784],[94.007006,22.678022]],[[94.128859,23.853905],[94.140125,23.778316],[94.170097,23.694962],[94.142502,23.499289],[94.123485,23.475854],[94.050311,23.499393],[94.049071,23.347955],[94.000289,23.33054],[94.011451,23.277959],[93.998118,23.220004],[94.001735,23.166855],[94.020029,23.052004],[93.992537,22.920255],[94.009177,22.881394],[94.013931,22.814964],[93.994397,22.74316],[94.007006,22.678022]],[[94.128859,23.853905],[94.13506,23.919006],[94.19025,23.995281],[94.29536,24.332599],[94.330707,24.362855],[94.328743,24.394481],[94.361196,24.425409],[94.363676,24.46582],[94.397059,24.495069],[94.418453,24.560311],[94.474987,24.597389],[94.516329,24.704953],[94.555706,24.708855],[94.581544,24.73012],[94.599011,24.813474],[94.654821,24.889154],[94.673528,24.974807],[94.708565,25.02589],[94.706808,25.109941],[94.689135,25.138518],[94.576893,25.173607],[94.553329,25.204147],[94.550125,25.245282],[94.608003,25.394627],[94.65036,25.44665]],[[94.65036,25.44665],[94.692028,25.476327],[94.764375,25.491675],[94.822356,25.559113],[94.860287,25.567174],[94.853466,25.586036],[94.961469,25.717966],[95.008805,25.737138],[95.013456,25.777704],[94.993199,25.880954],[95.00064,25.922036],[95.065856,25.953817],[95.151225,26.049936],[95.137479,26.082957],[95.08818,26.104093],[95.078361,26.171324],[95.094484,26.195043],[95.058724,26.217677],[95.046322,26.24796],[95.043635,26.327696],[95.066062,26.407433],[95.040638,26.475594],[95.109574,26.5513],[95.132622,26.620805],[95.173239,26.633828],[95.204865,26.667572],[95.223262,26.670363],[95.246933,26.648904]],[[94.836595,18.35762],[94.935529,18.418204],[94.965294,18.41159],[95.011596,18.371902],[95.064513,18.360327],[95.084357,18.376863],[95.109161,18.457892],[95.153357,18.471275]],[[94.836595,18.35762],[94.890053,18.236536],[94.87536192086738,18.0]],[[95.153357,18.471275],[95.08446,18.522177],[95.063066,18.561736],[95.079809,18.666975],[95.101513,18.697515],[95.163008,18.716739],[95.204556,18.767847],[95.213031,18.805467],[95.204039,18.848333],[95.184299,18.874946],[95.18833,18.900914],[95.27866,18.964708],[95.290236,19.034472],[95.306875,19.055323],[95.380153,19.068604],[95.432759,19.130357],[95.463558,19.145343],[95.545104,19.165394],[95.736823,19.181801],[95.821779,19.166272],[95.829324,19.213505],[95.852475,19.239756],[95.857229,19.303964],[95.821056,19.377706],[95.800282,19.463593]],[[95.153357,18.471275],[95.382736,18.230748],[95.45414230031027,18.0]],[[95.246933,26.648904],[95.224813,26.742141],[95.235252,26.790613],[95.197425,26.841773],[95.202179,26.866732],[95.229051,26.898255],[95.234322,26.945746],[95.225433,26.974219],[95.179855,27.003727],[95.176444,27.033182]],[[97.058827,27.092076],[97.02677,27.091474],[97.002998,27.114522],[96.842698,27.188522],[96.853757,27.248725],[96.776346,27.330633],[96.705239,27.36076],[96.675887,27.357659],[96.649015,27.336214],[96.5869,27.353577],[96.547316,27.306448],[96.510936,27.292495],[96.407789,27.29818],[96.142586,27.25751],[96.013188,27.190796],[95.91645,27.051373],[95.861466,27.014218],[95.777957,26.995149],[95.699305,26.896189],[95.624271,26.880738],[95.591302,26.823739],[95.574765,26.816142],[95.489809,26.810716],[95.439993,26.735372],[95.392658,26.691757],[95.246933,26.648904]],[[96.320664,23.506653],[96.289761,23.531561],[96.193023,23.50022],[96.138556,23.520348],[96.123983,23.536936],[96.134732,23.589361],[96.125223,23.622589],[96.082022,23.629437],[96.034893,23.585176],[96.007608,23.522466],[95.945286,23.451954],[95.909319,23.379064],[95.909526,23.344648],[95.975155,23.153988],[95.96482,22.76905],[95.955001,22.750291],[95.910249,22.739439],[95.901258,22.707193],[95.990245,22.529271],[95.964613,22.47253],[95.963683,22.392484],[96.012776,22.33179],[95.98611,22.281379],[95.987764,22.216474],[96.007505,22.089427],[96.048122,21.993981],[96.041198,21.923417],[95.973191,21.867219],[95.884308,21.851199],[95.835835,21.705032],[95.772067,21.62607],[95.742714,21.637594],[95.657138,21.626923],[95.561537,21.739578],[95.522573,21.744771],[95.379946,21.707435],[95.342222,21.608862]],[[95.342222,21.608862],[95.324445,21.537471],[95.330233,21.463884],[95.27556,21.445074],[95.141614,21.313867],[95.077329,21.30131],[95.047563,21.314953],[95.021725,21.311206],[94.975009,21.244156],[94.909794,21.225578],[94.848299,21.225578],[94.81936,21.204313],[94.79993,21.143645],[94.814709,20.952985],[94.903386,20.889707],[95.001468,20.88056],[95.04994,20.859554],[95.08167,20.829814],[95.080429,20.791522],[95.059862,20.749199],[95.072678,20.675172],[95.062653,20.609905],[95.109058,20.531951],[95.122494,20.537377],[95.139444,20.594609],[95.185539,20.635252],[95.282484,20.651918],[95.354624,20.699435],[95.439994,20.724756],[95.483816,20.760904],[95.587892,20.757415],[95.619828,20.731965],[95.633057,20.643056],[95.718013,20.497457],[95.757184,20.37563],[95.735893,20.336123],[95.751706,20.27884],[95.802452,20.155979],[95.831391,20.130632],[95.800282,20.061386],[95.780955,20.0472],[95.785296,20.00728],[95.764625,19.974853],[95.783746,19.957542],[95.815578,19.833053],[95.790877,19.814631],[95.767416,19.758898],[95.774754,19.711795],[95.725351,19.609424],[95.7392,19.50713],[95.800282,19.463593]],[[95.800282,19.463593],[95.884101,19.445713],[95.906942,19.473127],[95.952211,19.480775],[96.070136,19.444498],[96.112201,19.415637],[96.162327,19.443],[96.179897,19.484883],[96.398902,19.470001]],[[96.673614,24.141912],[96.590105,24.124884],[96.414611,24.051194],[96.389393,24.028534],[96.389083,24.001326],[96.409961,23.983058],[96.454816,24.02241],[96.485822,24.025123],[96.508042,24.010679],[96.512693,23.951252],[96.559926,23.848751],[96.501014,23.740489],[96.43983,23.68858],[96.431561,23.63879],[96.396525,23.573729],[96.320664,23.506653]],[[96.673304,19.495787],[96.678781,19.524157],[96.656457,19.568418],[96.580183,19.582293],[96.556205,19.606168],[96.570881,19.623686],[96.618217,19.639293],[96.65563,19.677507],[96.658317,19.702725],[96.619664,19.732672],[96.537085,19.849383],[96.454506,19.856644],[96.449751,19.900026],[96.397868,19.964983],[96.374924,20.017176],[96.413268,20.027796],[96.432802,20.019709],[96.452852,20.032757],[96.478897,20.071747],[96.459983,20.090557],[96.453575,20.132389],[96.546593,20.216389],[96.476416,20.423069],[96.499361,20.475701],[96.49626,20.508593],[96.548453,20.520867],[96.546903,20.589415],[96.504012,20.608174],[96.460293,20.667008],[96.456676,20.724136],[96.506389,20.767467],[96.568711,20.769146],[96.587521,20.850304],[96.56468,20.881413],[96.537705,20.885444],[96.505769,20.915649],[96.476106,20.898389],[96.429701,20.928309],[96.393424,20.925932],[96.257929,20.974172],[96.21545,21.007762],[96.21049,21.059542],[96.229713,21.096852],[96.223925,21.134137],[96.240359,21.149975],[96.288521,21.167494],[96.357974,21.161138],[96.373684,21.171344],[96.331516,21.249504],[96.288314,21.459698],[96.33782,21.493675],[96.329139,21.510315],[96.340301,21.537755],[96.460914,21.554111],[96.535018,21.588993],[96.575945,21.594031],[96.624624,21.629481],[96.70462,21.717047],[96.739139,21.711931],[96.788129,21.731077],[96.815311,21.75999],[96.842182,21.739035],[96.879493,21.732576],[96.888588,21.759809],[96.873291,21.813863],[96.851897,21.825903],[96.846833,21.87342],[96.764564,21.987082],[96.736349,22.077206],[96.483651,22.159836],[96.47869,22.223863],[96.436832,22.28386],[96.427014,22.337086],[96.402519,22.365328],[96.324384,22.373803],[96.31746,22.398013],[96.333376,22.487827],[96.294825,22.527514],[96.294205,22.570328],[96.239118,22.644148],[96.238705,22.69045],[96.219275,22.692104],[96.203565,22.739698],[96.271778,22.781607],[96.351463,22.773701],[96.407583,22.794681],[96.429804,22.780238],[96.471249,22.783106],[96.543906,22.818504],[96.605711,22.810029],[96.63527,22.819744],[96.660798,22.8415],[96.666069,22.868346],[96.717435,22.933872],[96.707617,22.957462],[96.622247,22.975988],[96.586074,22.995935],[96.588141,23.037328],[96.554758,23.031385],[96.519411,23.05867],[96.482721,23.038155],[96.346502,23.017536],[96.260822,23.022755],[96.203772,23.060944],[96.206355,23.083759],[96.158193,23.158173],[96.19292,23.212253],[96.205012,23.307673],[96.190129,23.347878],[96.233434,23.343976],[96.249247,23.390666],[96.306504,23.4295],[96.298443,23.46402],[96.320664,23.506653]],[[96.398902,19.470001],[96.524786,19.476951],[96.5838,19.459639],[96.592172,19.431114],[96.634236,19.45026],[96.673304,19.495787]],[[97.14801935274836,18.0],[97.186037,18.065228],[97.203504,18.152665],[97.140252,18.206383],[97.141492,18.260617],[97.122372,18.313611],[97.103148,18.312733],[97.088265,18.289478],[97.072246,18.292579],[97.060463,18.338597],[97.006617,18.372729],[96.976541,18.415672],[96.970443,18.439004],[96.989253,18.538507],[96.982432,18.588039],[96.949876,18.638553],[96.930239,18.645245],[96.881973,18.630853],[96.821305,18.600209],[96.741,18.623954],[96.702656,18.604394],[96.661831,18.65328],[96.615633,18.747719],[96.643021,18.793634],[96.614806,18.856627],[96.684466,18.921765],[96.6516,18.968507],[96.551244,19.052326],[96.505769,19.124699],[96.502461,19.141933],[96.538428,19.179941],[96.518481,19.19609],[96.462567,19.302905],[96.463704,19.354323],[96.423293,19.399669],[96.423603,19.438142],[96.398902,19.470001]],[[96.839902,19.288449],[96.840425,19.319751],[96.846833,19.335461],[96.821615,19.382977],[96.703586,19.446617],[96.673304,19.495787]],[[96.673614,24.141912],[96.620077,24.209039],[96.606744,24.249838],[96.607675,24.355335],[96.65625,24.417192],[96.42474,24.501063],[96.279323,24.479824],[96.235088,24.458714],[96.139796,24.548166],[96.103829,24.636972],[95.988074,24.667177],[95.94787,24.690044],[95.840383,24.964988],[95.969574,25.011419],[96.021561,25.056171],[96.033859,25.040255],[96.015876,24.963438],[96.039234,24.957159],[96.068276,24.985943],[96.073134,25.07803],[96.03882,25.141308],[95.987971,25.199702],[95.977222,25.241354],[95.96854,25.515652],[95.989624,25.567148],[96.043161,25.533713],[96.060835,25.538829],[96.166358,25.632079],[96.181861,25.671663],[96.171009,25.701403],[96.117575,25.760495],[96.077681,25.872866],[96.130081,25.99999],[96.163774,26.031073],[96.169355,26.065438],[96.154886,26.142203],[96.084089,26.262247],[96.078198,26.303046],[96.014119,26.388157],[96.006988,26.417716],[96.019907,26.435518],[96.127911,26.470013],[96.151682,26.499158],[96.132045,26.578791],[96.047192,26.666073],[96.069723,26.694262],[96.198294,26.766196],[96.205115,26.824229],[96.274568,26.857973],[96.292862,26.915903],[96.239015,26.959001],[96.342161,26.963238],[96.449441,26.942361],[96.677644,26.965202],[96.764564,26.98843],[96.965172,26.991324],[96.990287,27.002797],[97.058827,27.092076]],[[97.647345,23.868524],[97.6411,23.833171],[97.617122,23.817229],[97.471291,23.785267],[97.420338,23.750153],[97.377447,23.749817],[97.309544,23.705194],[97.259831,23.70336],[97.226965,23.679744],[97.173428,23.675945],[97.097567,23.645405],[97.019639,23.6468],[96.994524,23.707752],[96.912255,23.726769],[96.878252,23.721627],[96.783168,23.750695],[96.780377,23.772606],[96.892929,23.823404],[96.916286,23.873013],[96.912255,23.927971],[96.886107,23.989828],[96.833294,23.965488],[96.729838,24.028094],[96.699349,24.070081],[96.696248,24.117831],[96.673614,24.141912]],[[97.869123,19.57049],[97.838814,19.647199],[97.758715,19.67035],[97.726779,19.656268],[97.611954,19.686576],[97.560123,19.742361],[97.586013,19.827343],[97.554077,19.843673],[97.519299,19.898992],[97.447313,19.881991],[97.391761,19.953123],[97.367825,19.945774],[97.33993,19.898992],[97.263449,19.893101],[97.23606,19.912454],[97.22588,19.972476],[97.167847,19.988729],[97.157305,19.881732],[97.144231,19.865635],[97.135394,19.72784],[97.026925,19.666784],[96.937577,19.585006],[96.895047,19.500309],[96.926828,19.43592],[96.926725,19.405353],[96.900628,19.355046],[96.839902,19.288449]],[[97.372899,18.548617],[97.316365,18.677672],[97.126558,18.688472],[97.11462,18.700332],[97.053487,18.827017],[97.011733,18.874585],[97.012508,18.911249],[96.975869,18.955381],[96.957266,19.069224],[96.932306,19.117903],[96.86368,19.173378],[96.836239,19.26022],[96.839902,19.288449]],[[97.323496,28.217478],[97.328663,28.190012],[97.292903,28.095082],[97.355122,28.023045],[97.362253,27.994881],[97.340032,27.951809],[97.333521,27.894164],[97.292903,27.87755],[97.276367,27.910339],[97.222933,27.899719],[97.06532,27.773991],[97.056742,27.746783],[96.990906,27.726629],[96.883523,27.636325],[96.862129,27.599298],[96.888484,27.507185],[96.881352,27.444114],[97.095499,27.191261],[97.104388,27.156018],[97.134773,27.127338],[97.119167,27.087288],[97.058827,27.092076]],[[98.115002,28.143888],[98.048619,28.199624],[97.991052,28.214015],[97.992912,28.268922],[97.94475,28.298842],[97.897518,28.355325],[97.85907,28.37013],[97.797265,28.34393],[97.765329,28.352431],[97.740008,28.38261],[97.699597,28.48803],[97.670451,28.511284],[97.613607,28.481984],[97.546221,28.538466],[97.527721,28.529526],[97.488137,28.441934],[97.445349,28.382971],[97.447829,28.297602],[97.436667,28.286414],[97.384371,28.284838],[97.369591,28.25347],[97.323496,28.217478]],[[97.74223064308053,18.0],[97.720061,18.053059],[97.694222,18.061508],[97.69908,18.090654],[97.684301,18.146103],[97.617948,18.241678],[97.643269,18.27302],[97.637585,18.306326],[97.573816,18.333094],[97.560587,18.328262],[97.528341,18.26532],[97.486483,18.29214],[97.452583,18.333611],[97.443075,18.403348],[97.351401,18.551169],[97.372899,18.548617]],[[97.372899,18.548617],[97.427469,18.489519],[97.509531,18.491276],[97.617948,18.553158],[97.742798,18.569255],[97.75179,18.582484],[97.759748,18.622792],[97.720371,18.817638],[97.723368,18.851977],[97.657842,18.925719],[97.703318,18.964373],[97.727812,19.037082],[97.810804,19.11222],[97.812561,19.208467],[97.764089,19.266396],[97.768016,19.277119],[97.798299,19.281408],[97.806154,19.301097],[97.767086,19.397525],[97.84212,19.479381],[97.839847,19.555319],[97.869123,19.57049]],[[100.0,21.68605564211055],[99.95026,21.721156],[99.917963,21.82916],[99.96566,21.963002],[99.934344,22.018864],[99.942406,22.045529],[99.847838,22.055037],[99.84174,22.02708],[99.821018,22.017779],[99.723659,22.070592],[99.683868,22.039018],[99.633536,22.084751],[99.538968,22.106714],[99.490392,22.104337],[99.438612,22.124232],[99.364922,22.098859],[99.252887,22.102786],[99.166381,22.132087],[99.14447,22.153533],[99.175062,22.168674],[99.159353,22.184694],[99.243689,22.341221],[99.243068,22.393156],[99.282756,22.411915],[99.35779,22.495476],[99.344148,22.533251],[99.355,22.608544],[99.307871,22.719596],[99.307974,22.745176],[99.35903,22.77489],[99.414428,22.856901],[99.413394,22.930746],[99.42993,22.936741],[99.484501,22.910256],[99.5153,22.90881],[99.538038,22.926431],[99.534627,22.949324],[99.490392,23.012007],[99.493079,23.057379],[99.403265,23.068335],[99.333812,23.129623],[99.314072,23.126471],[99.284823,23.088153],[99.21661,23.057379],[99.194183,23.095775],[99.05507,23.109598],[99.026441,23.160448],[98.859009,23.179387],[98.860146,23.212279],[98.910686,23.297597],[98.896526,23.32328],[98.853428,23.324882],[98.890118,23.367903],[98.889602,23.406789],[98.86397,23.466605],[98.848881,23.480403],[98.799995,23.480738],[98.780874,23.532854],[98.796274,23.557917],[98.850224,23.590628],[98.856012,23.610007],[98.800305,23.692715],[98.793173,23.758473],[98.663672,23.796947],[98.674524,23.936886],[98.658815,23.961123],[98.856219,24.083802],[98.873479,24.114498],[98.865727,24.145685],[98.818082,24.128968],[98.716176,24.121345],[98.585227,24.075715],[98.503269,24.121268],[98.434952,24.13026],[98.395575,24.128063],[98.330669,24.099486],[98.181531,24.118658],[98.10505,24.101527],[97.889973,24.022617],[97.817832,23.958151],[97.76781,23.946472],[97.696806,23.887122],[97.647345,23.868524]],[[97.647345,23.868524],[97.624666,23.846711],[97.609887,23.883143],[97.516456,23.942829],[97.707658,24.125299],[97.723058,24.171265],[97.701561,24.210926],[97.724091,24.241519],[97.718407,24.277667],[97.64451,24.302394],[97.638205,24.328103],[97.689572,24.346474],[97.688331,24.367713],[97.662596,24.390063],[97.639859,24.439285],[97.519556,24.430784],[97.513872,24.461686],[97.538573,24.597259],[97.536093,24.745028],[97.66394,24.829778],[97.748483,24.82647],[97.772977,24.854686],[97.724091,24.897215],[97.708278,24.927291],[97.703628,25.073923],[97.754064,25.113559],[97.800986,25.237634],[97.82362,25.261612],[97.860311,25.244093],[97.888939,25.205646],[97.90992,25.207558],[97.976272,25.272257],[98.03353,25.301299],[98.075698,25.376075],[98.108357,25.388891],[98.111975,25.448474],[98.099779,25.500047],[98.134196,25.534618],[98.140087,25.611461],[98.232381,25.586553],[98.276616,25.552447],[98.332633,25.566968],[98.357231,25.592754],[98.375214,25.649288],[98.413248,25.692076],[98.418726,25.724219],[98.461307,25.794654],[98.498101,25.830724],[98.526833,25.838786],[98.610032,25.800597],[98.677832,25.843282],[98.692404,25.87899],[98.616233,25.979397],[98.582437,25.982291],[98.54554,26.105643],[98.563007,26.131223],[98.619334,26.145744],[98.624295,26.108485],[98.644449,26.097891],[98.680829,26.12497],[98.70553,26.174941],[98.677005,26.23933],[98.642175,26.254523],[98.657781,26.311625],[98.713488,26.38945],[98.721137,26.538898],[98.755553,26.625043],[98.731989,26.713513],[98.750385,26.792009],[98.714522,26.862031],[98.736329,26.898256],[98.712662,26.995149],[98.737776,27.048686],[98.731368,27.068788],[98.691371,27.092404],[98.672561,27.175603],[98.707701,27.337247],[98.697365,27.368925],[98.674421,27.386598],[98.668323,27.475249],[98.679279,27.577336],[98.647239,27.611727],[98.578406,27.591728],[98.522182,27.656298],[98.492313,27.64343],[98.410251,27.684254],[98.400019,27.675728],[98.383276,27.555787],[98.363949,27.532171],[98.328602,27.522869],[98.294703,27.536615],[98.254395,27.648133],[98.204372,27.727301],[98.211504,27.760322],[98.197861,27.780631],[98.196621,27.823187],[98.162411,27.842849],[98.140087,27.878558],[98.176674,27.898117],[98.177294,27.912923],[98.107117,27.973074],[98.122517,28.015449],[98.127994,28.105469],[98.115002,28.143888]],[[97.715721,32.54419],[97.620636,32.588011],[97.603273,32.621523],[97.565704,32.624934],[97.430673,32.70033],[97.384165,32.779188],[97.377343,32.861741],[97.360962,32.897036],[97.400288,32.957704],[97.468707,32.982535],[97.49992,33.008296],[97.504261,33.045606],[97.476459,33.120304],[97.495062,33.187458],[97.575161,33.264016],[97.615675,33.328379],[97.701148,33.356543],[97.737476,33.396463],[97.659083,33.420286],[97.611644,33.448682],[97.559968,33.447907],[97.521314,33.462609],[97.497233,33.487569],[97.477389,33.562241],[97.419511,33.583558],[97.390521,33.611385],[97.394707,33.736675],[97.36768,33.838142],[97.383545,33.869871],[97.610249,33.930875],[97.624047,33.940099],[97.636604,33.99622],[97.658463,34.004798],[97.69567,34.005237],[97.73143,33.960899],[97.751119,33.859432],[97.875504,33.881912],[97.996117,33.952605],[98.034926,33.959788],[98.227679,33.934131],[98.263026,33.900825],[98.270209,33.858605],[98.288967,33.846927],[98.397436,33.863773],[98.457949,33.840105],[98.579596,33.742695],[98.653751,33.665723],[98.627861,33.615881],[98.663363,33.58981],[98.694731,33.52121],[98.729199,33.496974],[98.750283,33.46173],[98.778498,33.350264],[98.774157,33.291198],[98.852085,33.174875],[98.906862,33.139347],[99.100649,33.072452],[99.199971,33.017029],[99.225293,32.998916],[99.289371,32.88714],[99.363217,32.877218],[99.427296,32.844275],[99.524913,32.830399],[99.714048,32.74273],[99.762624,32.846988],[99.763658,32.91148],[99.778747,32.929747],[99.840966,32.957007],[99.860241,33.027648],[99.875899,33.0246],[99.95083,32.944139],[100.0,32.94419829386287]],[[97.715721,32.54419],[97.817833,32.513261],[97.856487,32.519126],[97.886821,32.497629],[98.014152,32.464505],[98.080556,32.404689],[98.123086,32.400297],[98.205768,32.355648],[98.220186,32.252192],[98.309586,32.128711],[98.374699,32.080419],[98.393509,32.040138],[98.452988,31.984095],[98.444978,31.908001],[98.419037,31.879889],[98.435263,31.838419],[98.425651,31.813407],[98.468543,31.766873],[98.501512,31.749768],[98.558718,31.677111],[98.569054,31.631842],[98.592153,31.598821],[98.884952,31.354081],[98.767801,31.230368],[98.68269,31.315918],[98.6491,31.316693],[98.621195,31.288917],[98.611377,31.25618],[98.620265,31.187942],[98.60378,31.169751],[98.651581,31.155463],[98.693129,31.124741],[98.726202,31.059732],[98.803044,30.990977],[98.798032,30.940902],[98.775088,30.902223],[98.787697,30.88088],[98.898594,30.778716],[98.954301,30.747865],[98.960709,30.727195],[98.953268,30.708229],[98.905467,30.682494],[98.905364,30.663813],[98.931822,30.579555],[98.932752,30.490697],[98.960709,30.459976],[98.986754,30.144362],[99.03409,30.055323],[99.036777,29.975612],[99.056311,29.915332],[99.005461,29.820092],[99.001017,29.784978],[99.014711,29.767925],[99.001017,29.757047],[98.986754,29.650904],[99.041996,29.562459],[99.062512,29.308289],[99.108814,29.223772]],[[98.477801,19.705629],[98.439603,19.68774],[98.307312,19.689988],[98.237548,19.664692],[98.219152,19.676991],[98.213261,19.717764],[98.172023,19.731562],[98.111355,19.77714],[98.072907,19.777295],[98.045622,19.807629],[98.024538,19.802978],[98.004591,19.723913],[98.008312,19.639112],[97.869123,19.57049]],[[98.08666042919766,18.0],[98.094302,18.060603],[98.127272,18.096596],[98.105051,18.152536],[98.108048,18.207158],[98.092183,18.232557],[98.11921,18.308831],[98.10009,18.348544],[98.153472,18.398722],[98.17192,18.440606],[98.199567,18.43903],[98.209489,18.451587],[98.157968,18.485177],[98.11549,18.539799],[98.117505,18.598348],[98.099935,18.637106],[98.120606,18.769733],[98.09885,18.776994],[98.083502,18.830427],[98.121226,18.921016],[98.108358,18.997084],[98.132388,19.046125],[98.119675,19.08651],[98.147736,19.109377],[98.158588,19.149658],[98.203908,19.1648],[98.247368,19.141829],[98.336561,19.034885],[98.42007,19.026617],[98.457588,19.007264],[98.483529,19.036978],[98.545592,19.024524],[98.616234,19.042791],[98.651271,19.08328],[98.649565,19.127437],[98.588897,19.20397],[98.611273,19.285645],[98.592463,19.383391],[98.608276,19.478992],[98.57696,19.514055],[98.549985,19.608209],[98.482599,19.664097],[98.477801,19.705629]],[[99.108814,29.223772],[98.980243,29.193154],[98.972181,29.159022],[99.007735,29.043731],[98.932442,28.986345],[98.917094,28.961488],[98.908878,28.91237],[98.950891,28.859376],[98.94562,28.842012],[98.911978,28.822143],[98.873479,28.811808],[98.85069,28.820076],[98.783046,29.001589],[98.646155,28.964382],[98.635303,28.941386],[98.638713,28.878651],[98.654526,28.855164],[98.678659,28.749124],[98.589207,28.670292],[98.594013,28.583165],[98.635768,28.500302],[98.644294,28.443897],[98.613547,28.367571],[98.575823,28.317548],[98.489885,28.248069],[98.447562,28.231714],[98.409994,28.250602],[98.336768,28.335428],[98.299768,28.354807],[98.247678,28.220035],[98.115002,28.143888]],[[99.508734,20.152805],[99.441403,20.101617],[99.295675,20.062497],[99.236454,20.102728],[99.177749,20.121796],[99.073466,20.101229],[99.036466,20.075158],[99.016829,20.041],[99.000913,19.821013],[98.973834,19.78807],[98.899317,19.748615],[98.883711,19.745463],[98.851878,19.784039],[98.80785,19.806544],[98.749248,19.763498],[98.623778,19.737504],[98.598353,19.709082],[98.532621,19.675854],[98.477801,19.705629]],[[99.314796,18.5298],[99.217334,18.593852],[99.227566,18.63478],[99.185863,18.682788],[99.183073,18.703717],[99.143179,18.703768],[99.048352,18.654546],[99.010629,18.667672],[98.926551,18.529102],[98.775088,18.443138],[98.700002,18.422648],[98.708683,18.401203],[98.691475,18.366476],[98.706823,18.337305],[98.680933,18.301416],[98.793278,18.237337],[98.799789,18.172431],[98.816377,18.143389],[98.80419871169687,18.0]],[[99.09198249316975,18.0],[99.063132,18.056469],[99.059101,18.128196],[99.01683,18.247026],[99.052693,18.267516],[99.101889,18.270255],[99.116772,18.301571],[99.146434,18.319657],[99.163488,18.366244],[99.236455,18.475979],[99.302549,18.493497],[99.314796,18.5298]],[[99.108814,29.223772],[99.10406,29.092281],[99.121061,28.964666],[99.096618,28.83594],[99.124575,28.749667],[99.117702,28.708713],[99.130776,28.664633],[99.154341,28.640733],[99.172376,28.592648],[99.165503,28.554769],[99.180489,28.504772],[99.162557,28.438161],[99.226946,28.339407],[99.273662,28.307316],[99.274747,28.277318],[99.38151,28.184533],[99.398925,28.126501],[99.416444,28.254761],[99.388642,28.334317],[99.397995,28.456558],[99.371123,28.500767],[99.373449,28.518931],[99.393138,28.54278],[99.510443,28.587558],[99.541346,28.696027],[99.590852,28.74083],[99.608215,28.794367],[99.628679,28.814624],[99.718854,28.842271],[99.725365,28.761552],[99.744951,28.727239],[99.828408,28.672565],[99.840552,28.614662],[99.858536,28.591873],[99.904631,28.583475],[99.945094,28.55973],[100.0,28.45735083307586]],[[99.399856,18.998427],[99.371434,18.97538],[99.37903,18.943573],[99.368643,18.897348],[99.324253,18.862208],[99.347352,18.851304],[99.365232,18.764927],[99.33433,18.696068],[99.340531,18.658965],[99.322703,18.629173],[99.3519,18.613464],[99.352985,18.599382],[99.314796,18.5298]],[[99.687383,19.429796],[99.684076,19.448917],[99.65462,19.469406],[99.631056,19.507931],[99.589766,19.471809],[99.570078,19.402718],[99.58372,19.366338],[99.58124,19.298822],[99.555918,19.243399],[99.543206,19.160769],[99.56305,19.150769],[99.563567,19.129608],[99.533749,19.072867],[99.497111,19.067855],[99.436908,19.005946],[99.399856,18.998427]],[[99.399856,18.998427],[99.384146,19.055762],[99.329782,19.116663],[99.31061,19.17821],[99.342288,19.268566],[99.323168,19.337089],[99.33247,19.369516],[99.311541,19.432871],[99.313866,19.463308],[99.294436,19.499379],[99.323168,19.542761],[99.297588,19.593042],[99.275522,19.60206],[99.261259,19.641385],[99.31831,19.701459],[99.346319,19.708513],[99.382906,19.798404],[99.417064,19.813881],[99.385696,19.889536],[99.419854,19.957387],[99.449052,19.974983],[99.500676,19.973096],[99.525688,19.961495],[99.553128,19.915477],[99.579845,19.956482],[99.589146,20.014438],[99.546307,20.027796],[99.502537,20.071514],[99.556073,20.106267],[99.5646,20.124147],[99.508734,20.152805]],[[99.508734,20.152805],[99.525842,20.196184],[99.486258,20.245484],[99.466414,20.322172],[99.420629,20.375553],[99.439956,20.382168],[99.502898,20.345219],[99.651932,20.306824],[99.78717,20.334083],[99.837709,20.416843],[99.877913,20.435136],[99.942044,20.444025],[99.96473,20.408626],[100.0,20.38353282404092]],[[100.0,18.400742993170173],[99.967004,18.382082],[99.909747,18.288729],[99.867527,18.274957],[99.813525,18.219689],[99.723815,18.070887],[99.643768,18.022337],[99.603254,18.034558],[99.58662593549928,18.0]],[[100.0,19.42461561305788],[99.952897,19.386414],[99.921064,19.391323],[99.910212,19.414733],[99.921994,19.466771],[99.909282,19.482635],[99.746191,19.455789],[99.687383,19.429796]],[[100.0,18.916639477776638],[99.964472,18.939568],[99.937497,18.983053],[99.845306,18.999538],[99.822672,19.050853],[99.781383,19.066175],[99.709397,19.229085],[99.710483,19.323084],[99.687383,19.429796]],[[88.050548,21.70539],[88.119314,21.859524],[88.146739,21.869859],[88.167003,21.765448],[88.163422,21.705471],[88.132579,21.684963],[88.144379,21.657782],[88.139415,21.630316],[88.051768,21.641588],[88.042247,21.668158],[88.050548,21.70539]],[[88.080903,21.849351],[88.071056,21.873603],[88.077322,21.904608],[88.094249,21.937893],[88.118907,21.945014],[88.132579,21.920478],[88.125011,21.888658],[88.080903,21.849351]],[[88.636241,21.921373],[88.650157,21.927436],[88.670584,21.907416],[88.649181,21.842353],[88.646332,21.787909],[88.591807,21.804389],[88.584972,21.826606],[88.598643,21.869859],[88.636241,21.921373]],[[88.872895,21.595526],[88.911306,21.566881],[88.90797,21.530707],[88.838715,21.531928],[88.830821,21.577379],[88.841319,21.614],[88.872895,21.595526]],[[89.115733,21.781155],[89.139008,21.766832],[89.144705,21.739325],[89.132498,21.721625],[89.102306,21.736762],[89.051524,21.793199],[89.063813,21.841457],[89.045665,21.91706],[89.067638,21.904364],[89.092784,21.793402],[89.115733,21.781155]],[[90.332205,21.938788],[90.37143,21.994778],[90.394298,22.00023],[90.341563,21.860297],[90.322927,21.843899],[90.318614,21.892808],[90.332205,21.938788]],[[90.387462,22.048041],[90.381114,22.023098],[90.33961,21.972317],[90.358653,22.022691],[90.387462,22.048041]],[[90.435232,22.041205],[90.486176,21.976793],[90.476329,21.945014],[90.415538,21.900539],[90.402354,21.906887],[90.394298,21.938788],[90.411876,21.97602],[90.415538,22.038316],[90.435232,22.041205]],[[90.510427,23.069037],[90.515636,23.051947],[90.469493,23.007636],[90.45574,23.062812],[90.510427,23.069037]],[[90.524099,23.322252],[90.487071,23.319037],[90.437266,23.361802],[90.429698,23.385159],[90.539399,23.350002],[90.577647,23.323635],[90.586192,23.301744],[90.529552,23.333564],[90.524099,23.322252]],[[90.544444,22.061672],[90.538341,22.068508],[90.483653,22.03498],[90.503103,22.09634],[90.613455,22.164049],[90.593516,22.102607],[90.586192,22.130561],[90.559744,22.023749],[90.538341,22.00023],[90.509044,21.999416],[90.503591,22.024115],[90.544444,22.061672]],[[90.593516,21.986558],[90.606619,21.938788],[90.590831,21.935126],[90.580821,21.912502],[90.565603,21.91767],[90.540782,21.875922],[90.503591,21.862454],[90.531505,21.876695],[90.510427,21.897854],[90.521983,21.938788],[90.593516,21.986558]],[[90.61964,22.42475],[90.60141,22.429185],[90.601573,22.44831],[90.633149,22.431627],[90.658702,22.379543],[90.661143,22.355902],[90.647472,22.383775],[90.640391,22.366034],[90.640147,22.308743],[90.61964,22.42475]],[[90.645254,22.849289],[90.678233,22.808336],[90.590956,22.813919],[90.531559,22.769237],[90.534612,22.728775],[90.520993,22.711765],[90.492849,22.753241],[90.45574,22.767401],[90.473399,22.865139],[90.592296,22.881903],[90.645254,22.849289]],[[90.647472,22.42475],[90.653494,22.483466],[90.667328,22.439032],[90.647472,22.42475]],[[90.667328,22.95303],[90.633311,22.95303],[90.667328,22.918199],[90.636241,22.921332],[90.599132,22.959174],[90.524099,22.95303],[90.508067,22.975775],[90.528005,23.007636],[90.56129,23.03262],[90.586192,23.034898],[90.667328,22.95303]],[[90.790553,22.495333],[90.855024,22.434665],[90.835022,22.339616],[90.836192,22.178168],[90.77475,22.075914],[90.757335,22.061672],[90.750011,22.075995],[90.691661,22.007025],[90.647472,21.994045],[90.639415,22.016099],[90.681814,22.102607],[90.625987,22.027167],[90.610037,22.024115],[90.603526,22.044013],[90.633311,22.123114],[90.622244,22.145087],[90.631847,22.182115],[90.678477,22.282782],[90.687999,22.377631],[90.681814,22.445258],[90.647472,22.548285],[90.558767,22.602932],[90.556326,22.674709],[90.58546,22.768052],[90.650564,22.787421],[90.684095,22.694373],[90.746979,22.596907],[90.76694,22.517531],[90.790553,22.495333]],[[90.941742,22.205024],[90.951182,22.21247],[90.956716,22.198879],[90.956716,22.144843],[90.948985,22.121649],[90.929373,22.116889],[90.920258,22.160061],[90.935557,22.21247],[90.941742,22.205024]],[[90.952891,22.226752],[90.937185,22.232733],[90.97641,22.363349],[90.994395,22.302069],[90.952891,22.226752]],[[90.97641,22.185777],[90.977061,22.239203],[90.982921,22.259182],[90.996918,22.253485],[90.997813,22.235093],[90.97641,22.185777]],[[91.148847,22.357057],[91.171397,22.319648],[91.186785,22.227757],[91.141468,22.146201],[91.063294,22.089848],[91.022472,22.094875],[91.005111,22.116822],[91.059093,22.192043],[91.074801,22.38859],[91.092257,22.391338],[91.148847,22.357057]],[[91.158619,22.503423],[91.199988,22.514694],[91.21083,22.495521],[91.201017,22.472196],[91.159533,22.450674],[91.11371,22.461415],[91.123562,22.489146],[91.158619,22.503423]],[[91.467557,22.58631],[91.556361,22.47821],[91.555179,22.402031],[91.507519,22.396797],[91.476052,22.413317],[91.446517,22.453242],[91.423786,22.525302],[91.446765,22.576304],[91.467557,22.58631]],[[91.887706,21.866156],[91.862804,21.789984],[91.83253,21.725816],[91.823985,21.742621],[91.839854,21.825507],[91.83253,21.876695],[91.867198,21.931952],[91.887706,21.866156]],[[91.935557,21.759996],[91.938731,21.71483],[91.983897,21.609198],[91.970225,21.523586],[91.961111,21.506171],[91.894542,21.506781],[91.899669,21.486029],[91.877126,21.481024],[91.855235,21.519477],[91.874034,21.581855],[91.847911,21.688788],[91.853526,21.725816],[91.872325,21.754828],[91.89796,21.743313],[91.887706,21.684963],[91.909516,21.726793],[91.901215,21.774319],[91.935557,21.781155],[91.935557,21.759996]],[[92.964041,20.036689],[93.014659,19.905585],[93.024913,19.827826],[93.001231,19.906643],[92.909434,20.06509],[92.911957,20.084703],[92.946462,20.070502],[92.964041,20.036689]],[[93.505219,19.807318],[93.516856,19.777167],[93.511974,19.745836],[93.440684,19.81094],[93.402843,19.95307],[93.442638,19.938137],[93.49879,19.88703],[93.505219,19.807318]],[[93.745372,18.799994],[93.759044,18.755561],[93.731944,18.689683],[93.693126,18.673774],[93.645274,18.679348],[93.497813,18.840888],[93.484141,18.874986],[93.577159,18.881903],[93.621755,18.910346],[93.663341,18.873196],[93.742442,18.872301],[93.745372,18.799994]],[[93.970714,19.416938],[93.965831,19.363023],[93.917166,19.318305],[93.889415,19.299628],[93.875173,19.31391],[93.862804,19.307766],[93.856944,19.278876],[93.802745,19.276679],[93.749848,19.333319],[93.725352,19.386868],[93.738048,19.403266],[93.730479,19.419257],[93.669119,19.446479],[93.641775,19.492011],[93.656586,19.497382],[93.649181,19.513129],[93.688162,19.559475],[93.723643,19.556383],[93.819998,19.471503],[93.880219,19.479193],[93.970714,19.416938]]]}}]}