{
  "type": "FeatureCollection",
  "features": [
    {
      "type": "Feature",
      "id": 1,
      "properties": {
        "area_ha": 63333.9,
        "area_km2": 633.339,
        "mean_index": 0.736,
        "max_index": 0.8882,
        "mean_slope_deg": 28.9,
        "max_slope_deg": 70.0,
        "min_dist_road_m": 0,
        "builtup_ha": 307.8,
        "cropland_ha": 1471.95,
        "ntl_sum": 33091.172,
        "exposure_score": 100.0,
        "lon": 88.32504,
        "lat": 27.24562,
        "rank_area": 1,
        "rank_exposure": 1,
        "past_slides": 369
      },
      "geometry": {
        "type": "Point",
        "coordinates": [
          88.32504,
          27.24562
        ]
      }
    },
    {
      "type": "Feature",
      "id": 2,
      "properties": {
        "area_ha": 1403.37,
        "area_km2": 14.0337,
        "mean_index": 0.7297,
        "max_index": 0.8703,
        "mean_slope_deg": 26.5,
        "max_slope_deg": 60.3,
        "min_dist_road_m": 0,
        "builtup_ha": 45.27,
        "cropland_ha": 16.92,
        "ntl_sum": 936.347,
        "exposure_score": 99.9,
        "lon": 88.63893,
        "lat": 27.38811,
        "rank_area": 2,
        "rank_exposure": 2,
        "past_slides": 32
      },
      "geometry": {
        "type": "Point",
        "coordinates": [
          88.63893,
          27.38811
        ]
      }
    },
    {
      "type": "Feature",
      "id": 3,
      "properties": {
        "area_ha": 691.11,
        "area_km2": 6.9111,
        "mean_index": 0.7203,
        "max_index": 0.8474,
        "mean_slope_deg": 32.0,
        "max_slope_deg": 61.9,
        "min_dist_road_m": 0,
        "builtup_ha": 0.18,
        "cropland_ha": 2.97,
        "ntl_sum": 217.142,
        "exposure_score": 97.5,
        "lon": 88.72481,
        "lat": 27.23368,
        "rank_area": 3,
        "rank_exposure": 17,
        "past_slides": 0
      },
      "geometry": {
        "type": "Point",
        "coordinates": [
          88.72481,
          27.23368
        ]
      }
    },
    {
      "type": "Feature",
      "id": 4,
      "properties": {
        "area_ha": 579.96,
        "area_km2": 5.7996,
        "mean_index": 0.7273,
        "max_index": 0.871,
        "mean_slope_deg": 30.2,
        "max_slope_deg": 56.1,
        "min_dist_road_m": 0,
        "builtup_ha": 19.89,
        "cropland_ha": 151.2,
        "ntl_sum": 368.229,
        "exposure_score": 99.8,
        "lon": 88.64232,
        "lat": 27.36208,
        "rank_area": 4,
        "rank_exposure": 3,
        "past_slides": 20
      },
      "geometry": {
        "type": "Point",
        "coordinates": [
          88.64232,
          27.36208
        ]
      }
    },
    {
      "type": "Feature",
      "id": 5,
      "properties": {
        "area_ha": 436.77,
        "area_km2": 4.3677,
        "mean_index": 0.7256,
        "max_index": 0.8528,
        "mean_slope_deg": 31.6,
        "max_slope_deg": 63.0,
        "min_dist_road_m": 0,
        "builtup_ha": 1.71,
        "cropland_ha": 1.44,
        "ntl_sum": 171.73,
        "exposure_score": 99.3,
        "lon": 88.51025,
        "lat": 27.42544,
        "rank_area": 5,
        "rank_exposure": 6,
        "past_slides": 8
      },
      "geometry": {
        "type": "Point",
        "coordinates": [
          88.51025,
          27.42544
        ]
      }
    },
    {
      "type": "Feature",
      "id": 6,
      "properties": {
        "area_ha": 248.31,
        "area_km2": 2.4831,
        "mean_index": 0.7161,
        "max_index": 0.8203,
        "mean_slope_deg": 33.7,
        "max_slope_deg": 57.2,
        "min_dist_road_m": 1003,
        "builtup_ha": 0.0,
        "cropland_ha": 2.61,
        "ntl_sum": 73.563,
        "exposure_score": 80.1,
        "lon": 88.57836,
        "lat": 27.54383,
        "rank_area": 6,
        "rank_exposure": 107,
        "past_slides": 5
      },
      "geometry": {
        "type": "Point",
        "coordinates": [
          88.57836,
          27.54383
        ]
      }
    },
    {
      "type": "Feature",
      "id": 7,
      "properties": {
        "area_ha": 236.52,
        "area_km2": 2.3652,
        "mean_index": 0.7217,
        "max_index": 0.8286,
        "mean_slope_deg": 23.6,
        "max_slope_deg": 58.7,
        "min_dist_road_m": 0,
        "builtup_ha": 18.09,
        "cropland_ha": 0.36,
        "ntl_sum": 1116.905,
        "exposure_score": 99.8,
        "lon": 88.49375,
        "lat": 27.19328,
        "rank_area": 7,
        "rank_exposure": 4,
        "past_slides": 6
      },
      "geometry": {
        "type": "Point",
        "coordinates": [
          88.49375,
          27.19328
        ]
      }
    },
    {
      "type": "Feature",
      "id": 8,
      "properties": {
        "area_ha": 230.22,
        "area_km2": 2.3022,
        "mean_index": 0.7018,
        "max_index": 0.8075,
        "mean_slope_deg": 31.5,
        "max_slope_deg": 65.0,
        "min_dist_road_m": 0,
        "builtup_ha": 1.71,
        "cropland_ha": 7.02,
        "ntl_sum": 96.014,
        "exposure_score": 99.1,
        "lon": 88.34415,
        "lat": 27.32586,
        "rank_area": 8,
        "rank_exposure": 7,
        "past_slides": 0
      },
      "geometry": {
        "type": "Point",
        "coordinates": [
          88.34415,
          27.32586
        ]
      }
    },
    {
      "type": "Feature",
      "id": 9,
      "properties": {
        "area_ha": 180.36,
        "area_km2": 1.8036,
        "mean_index": 0.7026,
        "max_index": 0.8036,
        "mean_slope_deg": 24.5,
        "max_slope_deg": 48.6,
        "min_dist_road_m": 0,
        "builtup_ha": 3.69,
        "cropland_ha": 4.5,
        "ntl_sum": 136.4,
        "exposure_score": 99.4,
        "lon": 88.56221,
        "lat": 27.31358,
        "rank_area": 9,
        "rank_exposure": 5,
        "past_slides": 5
      },
      "geometry": {
        "type": "Point",
        "coordinates": [
          88.56221,
          27.31358
        ]
      }
    },
    {
      "type": "Feature",
      "id": 10,
      "properties": {
        "area_ha": 165.6,
        "area_km2": 1.656,
        "mean_index": 0.6912,
        "max_index": 0.7949,
        "mean_slope_deg": 34.2,
        "max_slope_deg": 54.5,
        "min_dist_road_m": 660,
        "builtup_ha": 0.54,
        "cropland_ha": 7.02,
        "ntl_sum": 65.924,
        "exposure_score": 92.0,
        "lon": 88.21145,
        "lat": 27.28835,
        "rank_area": 10,
        "rank_exposure": 46,
        "past_slides": 1
      },
      "geometry": {
        "type": "Point",
        "coordinates": [
          88.21145,
          27.28835
        ]
      }
    },
    {
      "type": "Feature",
      "id": 11,
      "properties": {
        "area_ha": 164.52,
        "area_km2": 1.6452,
        "mean_index": 0.6786,
        "max_index": 0.7804,
        "mean_slope_deg": 31.5,
        "max_slope_deg": 57.3,
        "min_dist_road_m": 1501,
        "builtup_ha": 0.18,
        "cropland_ha": 18.18,
        "ntl_sum": 68.59,
        "exposure_score": 82.3,
        "lon": 88.25985,
        "lat": 27.34588,
        "rank_area": 11,
        "rank_exposure": 92,
        "past_slides": 0
      },
      "geometry": {
        "type": "Point",
        "coordinates": [
          88.25985,
          27.34588
        ]
      }
    },
    {
      "type": "Feature",
      "id": 12,
      "properties": {
        "area_ha": 160.38,
        "area_km2": 1.6038,
        "mean_index": 0.7103,
        "max_index": 0.8033,
        "mean_slope_deg": 29.6,
        "max_slope_deg": 60.1,
        "min_dist_road_m": 0,
        "builtup_ha": 0.81,
        "cropland_ha": 2.52,
        "ntl_sum": 76.292,
        "exposure_score": 98.4,
        "lon": 88.41849,
        "lat": 27.312,
        "rank_area": 12,
        "rank_exposure": 13,
        "past_slides": 4
      },
      "geometry": {
        "type": "Point",
        "coordinates": [
          88.41849,
          27.312
        ]
      }
    },
    {
      "type": "Feature",
      "id": 13,
      "properties": {
        "area_ha": 159.39,
        "area_km2": 1.5939,
        "mean_index": 0.7297,
        "max_index": 0.8173,
        "mean_slope_deg": 25.9,
        "max_slope_deg": 48.3,
        "min_dist_road_m": 3513,
        "builtup_ha": 0.0,
        "cropland_ha": 4.95,
        "ntl_sum": 42.199,
        "exposure_score": 70.3,
        "lon": 88.29174,
        "lat": 27.38837,
        "rank_area": 13,
        "rank_exposure": 200,
        "past_slides": 0
      },
      "geometry": {
        "type": "Point",
        "coordinates": [
          88.29174,
          27.38837
        ]
      }
    },
    {
      "type": "Feature",
      "id": 14,
      "properties": {
        "area_ha": 150.93,
        "area_km2": 1.5093,
        "mean_index": 0.7116,
        "max_index": 0.8377,
        "mean_slope_deg": 28.4,
        "max_slope_deg": 58.5,
        "min_dist_road_m": 0,
        "builtup_ha": 0.9,
        "cropland_ha": 0.45,
        "ntl_sum": 41.276,
        "exposure_score": 98.0,
        "lon": 88.51864,
        "lat": 27.49467,
        "rank_area": 14,
        "rank_exposure": 14,
        "past_slides": 0
      },
      "geometry": {
        "type": "Point",
        "coordinates": [
          88.51864,
          27.49467
        ]
      }
    },
    {
      "type": "Feature",
      "id": 15,
      "properties": {
        "area_ha": 131.31,
        "area_km2": 1.3131,
        "mean_index": 0.7019,
        "max_index": 0.7984,
        "mean_slope_deg": 32.4,
        "max_slope_deg": 52.8,
        "min_dist_road_m": 853,
        "builtup_ha": 0.0,
        "cropland_ha": 0.0,
        "ntl_sum": 34.795,
        "exposure_score": 79.5,
        "lon": 88.54553,
        "lat": 27.33651,
        "rank_area": 15,
        "rank_exposure": 111,
        "past_slides": 0
      },
      "geometry": {
        "type": "Point",
        "coordinates": [
          88.54553,
          27.33651
        ]
      }
    },
    {
      "type": "Feature",
      "id": 16,
      "properties": {
        "area_ha": 130.77,
        "area_km2": 1.3077,
        "mean_index": 0.7009,
        "max_index": 0.8156,
        "mean_slope_deg": 26.2,
        "max_slope_deg": 52.4,
        "min_dist_road_m": 0,
        "builtup_ha": 0.0,
        "cropland_ha": 3.24,
        "ntl_sum": 45.136,
        "exposure_score": 86.2,
        "lon": 88.47188,
        "lat": 27.34881,
        "rank_area": 16,
        "rank_exposure": 74,
        "past_slides": 0
      },
      "geometry": {
        "type": "Point",
        "coordinates": [
          88.47188,
          27.34881
        ]
      }
    },
    {
      "type": "Feature",
      "id": 17,
      "properties": {
        "area_ha": 130.32,
        "area_km2": 1.3032,
        "mean_index": 0.7364,
        "max_index": 0.8487,
        "mean_slope_deg": 29.4,
        "max_slope_deg": 57.8,
        "min_dist_road_m": 0,
        "builtup_ha": 1.98,
        "cropland_ha": 5.31,
        "ntl_sum": 49.256,
        "exposure_score": 98.8,
        "lon": 88.52898,
        "lat": 27.41969,
        "rank_area": 17,
        "rank_exposure": 9,
        "past_slides": 3
      },
      "geometry": {
        "type": "Point",
        "coordinates": [
          88.52898,
          27.41969
        ]
      }
    },
    {
      "type": "Feature",
      "id": 18,
      "properties": {
        "area_ha": 126.9,
        "area_km2": 1.269,
        "mean_index": 0.7325,
        "max_index": 0.8143,
        "mean_slope_deg": 30.3,
        "max_slope_deg": 51.2,
        "min_dist_road_m": 0,
        "builtup_ha": 1.8,
        "cropland_ha": 0.45,
        "ntl_sum": 52.234,
        "exposure_score": 98.8,
        "lon": 88.52667,
        "lat": 27.49161,
        "rank_area": 18,
        "rank_exposure": 10,
        "past_slides": 6
      },
      "geometry": {
        "type": "Point",
        "coordinates": [
          88.52667,
          27.49161
        ]
      }
    },
    {
      "type": "Feature",
      "id": 19,
      "properties": {
        "area_ha": 121.23,
        "area_km2": 1.2123,
        "mean_index": 0.7455,
        "max_index": 0.8398,
        "mean_slope_deg": 28.1,
        "max_slope_deg": 55.6,
        "min_dist_road_m": 0,
        "builtup_ha": 7.38,
        "cropland_ha": 50.67,
        "ntl_sum": 37.878,
        "exposure_score": 98.7,
        "lon": 88.54901,
        "lat": 27.73154,
        "rank_area": 19,
        "rank_exposure": 11,
        "past_slides": 9
      },
      "geometry": {
        "type": "Point",
        "coordinates": [
          88.54901,
          27.73154
        ]
      }
    },
    {
      "type": "Feature",
      "id": 20,
      "properties": {
        "area_ha": 92.79,
        "area_km2": 0.9279,
        "mean_index": 0.7338,
        "max_index": 0.8546,
        "mean_slope_deg": 26.4,
        "max_slope_deg": 52.8,
        "min_dist_road_m": 0,
        "builtup_ha": 0.36,
        "cropland_ha": 0.81,
        "ntl_sum": 30.817,
        "exposure_score": 96.8,
        "lon": 88.71098,
        "lat": 27.25687,
        "rank_area": 20,
        "rank_exposure": 20,
        "past_slides": 5
      },
      "geometry": {
        "type": "Point",
        "coordinates": [
          88.71098,
          27.25687
        ]
      }
    },
    {
      "type": "Feature",
      "id": 21,
      "properties": {
        "area_ha": 88.83,
        "area_km2": 0.8883,
        "mean_index": 0.6874,
        "max_index": 0.7785,
        "mean_slope_deg": 30.1,
        "max_slope_deg": 53.1,
        "min_dist_road_m": 815,
        "builtup_ha": 0.0,
        "cropland_ha": 2.52,
        "ntl_sum": 43.042,
        "exposure_score": 72.1,
        "lon": 88.20801,
        "lat": 27.2762,
        "rank_area": 21,
        "rank_exposure": 187,
        "past_slides": 0
      },
      "geometry": {
        "type": "Point",
        "coordinates": [
          88.20801,
          27.2762
        ]
      }
    },
    {
      "type": "Feature",
      "id": 22,
      "properties": {
        "area_ha": 81.45,
        "area_km2": 0.8145,
        "mean_index": 0.6976,
        "max_index": 0.7963,
        "mean_slope_deg": 37.6,
        "max_slope_deg": 67.8,
        "min_dist_road_m": 1348,
        "builtup_ha": 0.09,
        "cropland_ha": 3.87,
        "ntl_sum": 26.356,
        "exposure_score": 81.7,
        "lon": 88.55623,
        "lat": 27.53677,
        "rank_area": 22,
        "rank_exposure": 99,
        "past_slides": 0
      },
      "geometry": {
        "type": "Point",
        "coordinates": [
          88.55623,
          27.53677
        ]
      }
    },
    {
      "type": "Feature",
      "id": 23,
      "properties": {
        "area_ha": 77.58,
        "area_km2": 0.7758,
        "mean_index": 0.6854,
        "max_index": 0.7723,
        "mean_slope_deg": 29.8,
        "max_slope_deg": 52.5,
        "min_dist_road_m": 0,
        "builtup_ha": 1.44,
        "cropland_ha": 0.0,
        "ntl_sum": 67.199,
        "exposure_score": 98.6,
        "lon": 88.54175,
        "lat": 27.25342,
        "rank_area": 23,
        "rank_exposure": 12,
        "past_slides": 4
      },
      "geometry": {
        "type": "Point",
        "coordinates": [
          88.54175,
          27.25342
        ]
      }
    },
    {
      "type": "Feature",
      "id": 24,
      "properties": {
        "area_ha": 74.79,
        "area_km2": 0.7479,
        "mean_index": 0.7343,
        "max_index": 0.818,
        "mean_slope_deg": 28.7,
        "max_slope_deg": 52.2,
        "min_dist_road_m": 0,
        "builtup_ha": 1.08,
        "cropland_ha": 1.17,
        "ntl_sum": 27.825,
        "exposure_score": 97.6,
        "lon": 88.49164,
        "lat": 27.33141,
        "rank_area": 24,
        "rank_exposure": 16,
        "past_slides": 1
      },
      "geometry": {
        "type": "Point",
        "coordinates": [
          88.49164,
          27.33141
        ]
      }
    },
    {
      "type": "Feature",
      "id": 25,
      "properties": {
        "area_ha": 73.98,
        "area_km2": 0.7398,
        "mean_index": 0.677,
        "max_index": 0.7593,
        "mean_slope_deg": 34.2,
        "max_slope_deg": 61.7,
        "min_dist_road_m": 3441,
        "builtup_ha": 0.0,
        "cropland_ha": 1.26,
        "ntl_sum": 17.944,
        "exposure_score": 68.8,
        "lon": 88.30919,
        "lat": 27.39254,
        "rank_area": 25,
        "rank_exposure": 231,
        "past_slides": 3
      },
      "geometry": {
        "type": "Point",
        "coordinates": [
          88.30919,
          27.39254
        ]
      }
    },
    {
      "type": "Feature",
      "id": 26,
      "properties": {
        "area_ha": 66.6,
        "area_km2": 0.666,
        "mean_index": 0.707,
        "max_index": 0.7686,
        "mean_slope_deg": 23.1,
        "max_slope_deg": 49.9,
        "min_dist_road_m": 0,
        "builtup_ha": 2.88,
        "cropland_ha": 1.98,
        "ntl_sum": 110.664,
        "exposure_score": 99.0,
        "lon": 88.59626,
        "lat": 27.34257,
        "rank_area": 26,
        "rank_exposure": 8,
        "past_slides": 1
      },
      "geometry": {
        "type": "Point",
        "coordinates": [
          88.59626,
          27.34257
        ]
      }
    },
    {
      "type": "Feature",
      "id": 27,
      "properties": {
        "area_ha": 64.53,
        "area_km2": 0.6453,
        "mean_index": 0.6739,
        "max_index": 0.7469,
        "mean_slope_deg": 27.9,
        "max_slope_deg": 44.6,
        "min_dist_road_m": 960,
        "builtup_ha": 0.0,
        "cropland_ha": 0.0,
        "ntl_sum": 16.855,
        "exposure_score": 80.9,
        "lon": 88.54505,
        "lat": 27.31702,
        "rank_area": 27,
        "rank_exposure": 103,
        "past_slides": 0
      },
      "geometry": {
        "type": "Point",
        "coordinates": [
          88.54505,
          27.31702
        ]
      }
    },
    {
      "type": "Feature",
      "id": 28,
      "properties": {
        "area_ha": 59.22,
        "area_km2": 0.5922,
        "mean_index": 0.6981,
        "max_index": 0.7971,
        "mean_slope_deg": 26.8,
        "max_slope_deg": 43.8,
        "min_dist_road_m": 0,
        "builtup_ha": 0.36,
        "cropland_ha": 0.45,
        "ntl_sum": 19.509,
        "exposure_score": 96.1,
        "lon": 88.4646,
        "lat": 27.37177,
        "rank_area": 28,
        "rank_exposure": 26,
        "past_slides": 0
      },
      "geometry": {
        "type": "Point",
        "coordinates": [
          88.4646,
          27.37177
        ]
      }
    },
    {
      "type": "Feature",
      "id": 29,
      "properties": {
        "area_ha": 58.95,
        "area_km2": 0.5895,
        "mean_index": 0.6958,
        "max_index": 0.7793,
        "mean_slope_deg": 31.7,
        "max_slope_deg": 60.1,
        "min_dist_road_m": 150,
        "builtup_ha": 0.0,
        "cropland_ha": 0.81,
        "ntl_sum": 33.067,
        "exposure_score": 78.2,
        "lon": 88.57017,
        "lat": 27.27558,
        "rank_area": 29,
        "rank_exposure": 126,
        "past_slides": 0
      },
      "geometry": {
        "type": "Point",
        "coordinates": [
          88.57017,
          27.27558
        ]
      }
    },
    {
      "type": "Feature",
      "id": 30,
      "properties": {
        "area_ha": 50.94,
        "area_km2": 0.5094,
        "mean_index": 0.6861,
        "max_index": 0.7692,
        "mean_slope_deg": 33.3,
        "max_slope_deg": 53.0,
        "min_dist_road_m": 306,
        "builtup_ha": 0.0,
        "cropland_ha": 1.26,
        "ntl_sum": 14.089,
        "exposure_score": 82.2,
        "lon": 88.23665,
        "lat": 27.36558,
        "rank_area": 30,
        "rank_exposure": 96,
        "past_slides": 0
      },
      "geometry": {
        "type": "Point",
        "coordinates": [
          88.23665,
          27.36558
        ]
      }
    },
    {
      "type": "Feature",
      "id": 31,
      "properties": {
        "area_ha": 50.13,
        "area_km2": 0.5013,
        "mean_index": 0.7134,
        "max_index": 0.8098,
        "mean_slope_deg": 25.0,
        "max_slope_deg": 48.1,
        "min_dist_road_m": 0,
        "builtup_ha": 4.41,
        "cropland_ha": 14.67,
        "ntl_sum": 22.965,
        "exposure_score": 97.8,
        "lon": 88.81644,
        "lat": 27.38063,
        "rank_area": 31,
        "rank_exposure": 15,
        "past_slides": 1
      },
      "geometry": {
        "type": "Point",
        "coordinates": [
          88.81644,
          27.38063
        ]
      }
    },
    {
      "type": "Feature",
      "id": 32,
      "properties": {
        "area_ha": 48.33,
        "area_km2": 0.4833,
        "mean_index": 0.7065,
        "max_index": 0.7794,
        "mean_slope_deg": 34.9,
        "max_slope_deg": 56.5,
        "min_dist_road_m": 0,
        "builtup_ha": 1.08,
        "cropland_ha": 0.09,
        "ntl_sum": 11.753,
        "exposure_score": 96.2,
        "lon": 88.51302,
        "lat": 27.53048,
        "rank_area": 32,
        "rank_exposure": 24,
        "past_slides": 1
      },
      "geometry": {
        "type": "Point",
        "coordinates": [
          88.51302,
          27.53048
        ]
      }
    },
    {
      "type": "Feature",
      "id": 33,
      "properties": {
        "area_ha": 47.16,
        "area_km2": 0.4716,
        "mean_index": 0.6804,
        "max_index": 0.7579,
        "mean_slope_deg": 28.6,
        "max_slope_deg": 44.0,
        "min_dist_road_m": 0,
        "builtup_ha": 0.27,
        "cropland_ha": 0.18,
        "ntl_sum": 46.485,
        "exposure_score": 96.8,
        "lon": 88.47417,
        "lat": 27.23546,
        "rank_area": 33,
        "rank_exposure": 21,
        "past_slides": 0
      },
      "geometry": {
        "type": "Point",
        "coordinates": [
          88.47417,
          27.23546
        ]
      }
    },
    {
      "type": "Feature",
      "id": 34,
      "properties": {
        "area_ha": 46.08,
        "area_km2": 0.4608,
        "mean_index": 0.6927,
        "max_index": 0.7736,
        "mean_slope_deg": 35.7,
        "max_slope_deg": 58.8,
        "min_dist_road_m": 2089,
        "builtup_ha": 0.0,
        "cropland_ha": 0.09,
        "ntl_sum": 9.842,
        "exposure_score": 63.8,
        "lon": 88.29279,
        "lat": 27.36914,
        "rank_area": 34,
        "rank_exposure": 295,
        "past_slides": 0
      },
      "geometry": {
        "type": "Point",
        "coordinates": [
          88.29279,
          27.36914
        ]
      }
    },
    {
      "type": "Feature",
      "id": 35,
      "properties": {
        "area_ha": 42.66,
        "area_km2": 0.4266,
        "mean_index": 0.6834,
        "max_index": 0.755,
        "mean_slope_deg": 14.6,
        "max_slope_deg": 38.5,
        "min_dist_road_m": 0,
        "builtup_ha": 5.31,
        "cropland_ha": 30.96,
        "ntl_sum": 12.403,
        "exposure_score": 96.9,
        "lon": 88.8748,
        "lat": 27.33058,
        "rank_area": 35,
        "rank_exposure": 19,
        "past_slides": 0
      },
      "geometry": {
        "type": "Point",
        "coordinates": [
          88.8748,
          27.33058
        ]
      }
    },
    {
      "type": "Feature",
      "id": 36,
      "properties": {
        "area_ha": 41.58,
        "area_km2": 0.4158,
        "mean_index": 0.6712,
        "max_index": 0.7545,
        "mean_slope_deg": 35.6,
        "max_slope_deg": 56.6,
        "min_dist_road_m": 1557,
        "builtup_ha": 0.0,
        "cropland_ha": 0.0,
        "ntl_sum": 19.34,
        "exposure_score": 67.1,
        "lon": 88.5334,
        "lat": 27.22751,
        "rank_area": 36,
        "rank_exposure": 252,
        "past_slides": 0
      },
      "geometry": {
        "type": "Point",
        "coordinates": [
          88.5334,
          27.22751
        ]
      }
    },
    {
      "type": "Feature",
      "id": 37,
      "properties": {
        "area_ha": 40.77,
        "area_km2": 0.4077,
        "mean_index": 0.6696,
        "max_index": 0.7192,
        "mean_slope_deg": 28.9,
        "max_slope_deg": 43.8,
        "min_dist_road_m": 1036,
        "builtup_ha": 0.09,
        "cropland_ha": 1.62,
        "ntl_sum": 22.622,
        "exposure_score": 84.6,
        "lon": 88.48657,
        "lat": 27.14055,
        "rank_area": 37,
        "rank_exposure": 82,
        "past_slides": 0
      },
      "geometry": {
        "type": "Point",
        "coordinates": [
          88.48657,
          27.14055
        ]
      }
    },
    {
      "type": "Feature",
      "id": 38,
      "properties": {
        "area_ha": 33.39,
        "area_km2": 0.3339,
        "mean_index": 0.6832,
        "max_index": 0.7412,
        "mean_slope_deg": 26.9,
        "max_slope_deg": 40.6,
        "min_dist_road_m": 1158,
        "builtup_ha": 0.0,
        "cropland_ha": 0.0,
        "ntl_sum": 10.254,
        "exposure_score": 77.2,
        "lon": 88.49158,
        "lat": 27.41102,
        "rank_area": 38,
        "rank_exposure": 138,
        "past_slides": 0
      },
      "geometry": {
        "type": "Point",
        "coordinates": [
          88.49158,
          27.41102
        ]
      }
    },
    {
      "type": "Feature",
      "id": 39,
      "properties": {
        "area_ha": 32.49,
        "area_km2": 0.3249,
        "mean_index": 0.675,
        "max_index": 0.7468,
        "mean_slope_deg": 26.1,
        "max_slope_deg": 55.3,
        "min_dist_road_m": 1597,
        "builtup_ha": 0.0,
        "cropland_ha": 2.88,
        "ntl_sum": 9.175,
        "exposure_score": 69.7,
        "lon": 88.44758,
        "lat": 27.35638,
        "rank_area": 39,
        "rank_exposure": 213,
        "past_slides": 0
      },
      "geometry": {
        "type": "Point",
        "coordinates": [
          88.44758,
          27.35638
        ]
      }
    },
    {
      "type": "Feature",
      "id": 40,
      "properties": {
        "area_ha": 29.61,
        "area_km2": 0.2961,
        "mean_index": 0.6917,
        "max_index": 0.7702,
        "mean_slope_deg": 22.9,
        "max_slope_deg": 42.2,
        "min_dist_road_m": 0,
        "builtup_ha": 0.09,
        "cropland_ha": 0.0,
        "ntl_sum": 18.162,
        "exposure_score": 94.3,
        "lon": 88.63818,
        "lat": 27.32137,
        "rank_area": 40,
        "rank_exposure": 36,
        "past_slides": 0
      },
      "geometry": {
        "type": "Point",
        "coordinates": [
          88.63818,
          27.32137
        ]
      }
    },
    {
      "type": "Feature",
      "id": 41,
      "properties": {
        "area_ha": 29.16,
        "area_km2": 0.2916,
        "mean_index": 0.6722,
        "max_index": 0.7481,
        "mean_slope_deg": 34.1,
        "max_slope_deg": 45.9,
        "min_dist_road_m": 824,
        "builtup_ha": 0.0,
        "cropland_ha": 0.0,
        "ntl_sum": 8.944,
        "exposure_score": 70.3,
        "lon": 88.70963,
        "lat": 27.19108,
        "rank_area": 41,
        "rank_exposure": 201,
        "past_slides": 0
      },
      "geometry": {
        "type": "Point",
        "coordinates": [
          88.70963,
          27.19108
        ]
      }
    },
    {
      "type": "Feature",
      "id": 42,
      "properties": {
        "area_ha": 28.62,
        "area_km2": 0.2862,
        "mean_index": 0.6773,
        "max_index": 0.7424,
        "mean_slope_deg": 30.9,
        "max_slope_deg": 53.1,
        "min_dist_road_m": 0,
        "builtup_ha": 0.0,
        "cropland_ha": 0.0,
        "ntl_sum": 9.164,
        "exposure_score": 83.6,
        "lon": 88.54117,
        "lat": 27.3788,
        "rank_area": 42,
        "rank_exposure": 87,
        "past_slides": 5
      },
      "geometry": {
        "type": "Point",
        "coordinates": [
          88.54117,
          27.3788
        ]
      }
    },
    {
      "type": "Feature",
      "id": 43,
      "properties": {
        "area_ha": 28.35,
        "area_km2": 0.2835,
        "mean_index": 0.7385,
        "max_index": 0.8127,
        "mean_slope_deg": 32.8,
        "max_slope_deg": 55.8,
        "min_dist_road_m": 0,
        "builtup_ha": 1.8,
        "cropland_ha": 2.7,
        "ntl_sum": 23.781,
        "exposure_score": 97.4,
        "lon": 88.64064,
        "lat": 27.60931,
        "rank_area": 43,
        "rank_exposure": 18,
        "past_slides": 0
      },
      "geometry": {
        "type": "Point",
        "coordinates": [
          88.64064,
          27.60931
        ]
      }
    },
    {
      "type": "Feature",
      "id": 44,
      "properties": {
        "area_ha": 26.1,
        "area_km2": 0.261,
        "mean_index": 0.6944,
        "max_index": 0.7946,
        "mean_slope_deg": 26.1,
        "max_slope_deg": 36.7,
        "min_dist_road_m": 150,
        "builtup_ha": 0.0,
        "cropland_ha": 0.0,
        "ntl_sum": 9.279,
        "exposure_score": 90.7,
        "lon": 88.20025,
        "lat": 27.30145,
        "rank_area": 44,
        "rank_exposure": 53,
        "past_slides": 0
      },
      "geometry": {
        "type": "Point",
        "coordinates": [
          88.20025,
          27.30145
        ]
      }
    },
    {
      "type": "Feature",
      "id": 45,
      "properties": {
        "area_ha": 25.74,
        "area_km2": 0.2574,
        "mean_index": 0.7076,
        "max_index": 0.7891,
        "mean_slope_deg": 27.0,
        "max_slope_deg": 48.0,
        "min_dist_road_m": 700,
        "builtup_ha": 0.0,
        "cropland_ha": 0.0,
        "ntl_sum": 7.266,
        "exposure_score": 65.6,
        "lon": 88.6381,
        "lat": 27.24853,
        "rank_area": 45,
        "rank_exposure": 269,
        "past_slides": 0
      },
      "geometry": {
        "type": "Point",
        "coordinates": [
          88.6381,
          27.24853
        ]
      }
    },
    {
      "type": "Feature",
      "id": 46,
      "properties": {
        "area_ha": 25.65,
        "area_km2": 0.2565,
        "mean_index": 0.7552,
        "max_index": 0.8269,
        "mean_slope_deg": 33.5,
        "max_slope_deg": 51.9,
        "min_dist_road_m": 0,
        "builtup_ha": 0.09,
        "cropland_ha": 11.43,
        "ntl_sum": 4.532,
        "exposure_score": 90.3,
        "lon": 88.53932,
        "lat": 27.76021,
        "rank_area": 46,
        "rank_exposure": 54,
        "past_slides": 0
      },
      "geometry": {
        "type": "Point",
        "coordinates": [
          88.53932,
          27.76021
        ]
      }
    },
    {
      "type": "Feature",
      "id": 47,
      "properties": {
        "area_ha": 25.56,
        "area_km2": 0.2556,
        "mean_index": 0.7102,
        "max_index": 0.8092,
        "mean_slope_deg": 18.6,
        "max_slope_deg": 29.9,
        "min_dist_road_m": 0,
        "builtup_ha": 0.72,
        "cropland_ha": 1.26,
        "ntl_sum": 16.292,
        "exposure_score": 95.9,
        "lon": 88.56554,
        "lat": 27.29919,
        "rank_area": 47,
        "rank_exposure": 28,
        "past_slides": 0
      },
      "geometry": {
        "type": "Point",
        "coordinates": [
          88.56554,
          27.29919
        ]
      }
    },
    {
      "type": "Feature",
      "id": 48,
      "properties": {
        "area_ha": 24.57,
        "area_km2": 0.2457,
        "mean_index": 0.6799,
        "max_index": 0.7411,
        "mean_slope_deg": 35.3,
        "max_slope_deg": 57.1,
        "min_dist_road_m": 256,
        "builtup_ha": 0.0,
        "cropland_ha": 0.09,
        "ntl_sum": 5.767,
        "exposure_score": 69.6,
        "lon": 88.75364,
        "lat": 27.2386,
        "rank_area": 48,
        "rank_exposure": 216,
        "past_slides": 0
      },
      "geometry": {
        "type": "Point",
        "coordinates": [
          88.75364,
          27.2386
        ]
      }
    },
    {
      "type": "Feature",
      "id": 49,
      "properties": {
        "area_ha": 23.04,
        "area_km2": 0.2304,
        "mean_index": 0.681,
        "max_index": 0.7409,
        "mean_slope_deg": 29.1,
        "max_slope_deg": 46.0,
        "min_dist_road_m": 875,
        "builtup_ha": 0.0,
        "cropland_ha": 0.27,
        "ntl_sum": 6.734,
        "exposure_score": 76.3,
        "lon": 88.45345,
        "lat": 27.35456,
        "rank_area": 49,
        "rank_exposure": 144,
        "past_slides": 0
      },
      "geometry": {
        "type": "Point",
        "coordinates": [
          88.45345,
          27.35456
        ]
      }
    },
    {
      "type": "Feature",
      "id": 50,
      "properties": {
        "area_ha": 22.32,
        "area_km2": 0.2232,
        "mean_index": 0.6985,
        "max_index": 0.7621,
        "mean_slope_deg": 35.0,
        "max_slope_deg": 64.6,
        "min_dist_road_m": 0,
        "builtup_ha": 1.17,
        "cropland_ha": 2.61,
        "ntl_sum": 7.686,
        "exposure_score": 94.8,
        "lon": 88.61798,
        "lat": 27.63341,
        "rank_area": 50,
        "rank_exposure": 34,
        "past_slides": 1
      },
      "geometry": {
        "type": "Point",
        "coordinates": [
          88.61798,
          27.63341
        ]
      }
    },
    {
      "type": "Feature",
      "id": 51,
      "properties": {
        "area_ha": 22.32,
        "area_km2": 0.2232,
        "mean_index": 0.6757,
        "max_index": 0.7229,
        "mean_slope_deg": 29.9,
        "max_slope_deg": 44.4,
        "min_dist_road_m": 0,
        "builtup_ha": 0.27,
        "cropland_ha": 0.0,
        "ntl_sum": 7.253,
        "exposure_score": 93.5,
        "lon": 88.76642,
        "lat": 27.24345,
        "rank_area": 51,
        "rank_exposure": 40,
        "past_slides": 0
      },
      "geometry": {
        "type": "Point",
        "coordinates": [
          88.76642,
          27.24345
        ]
      }
    },
    {
      "type": "Feature",
      "id": 52,
      "properties": {
        "area_ha": 22.23,
        "area_km2": 0.2223,
        "mean_index": 0.7003,
        "max_index": 0.7976,
        "mean_slope_deg": 25.0,
        "max_slope_deg": 42.0,
        "min_dist_road_m": 0,
        "builtup_ha": 0.18,
        "cropland_ha": 0.45,
        "ntl_sum": 10.71,
        "exposure_score": 94.3,
        "lon": 88.46404,
        "lat": 27.28891,
        "rank_area": 52,
        "rank_exposure": 37,
        "past_slides": 0
      },
      "geometry": {
        "type": "Point",
        "coordinates": [
          88.46404,
          27.28891
        ]
      }
    },
    {
      "type": "Feature",
      "id": 53,
      "properties": {
        "area_ha": 20.97,
        "area_km2": 0.2097,
        "mean_index": 0.685,
        "max_index": 0.744,
        "mean_slope_deg": 32.3,
        "max_slope_deg": 48.9,
        "min_dist_road_m": 2708,
        "builtup_ha": 0.0,
        "cropland_ha": 0.0,
        "ntl_sum": 8.889,
        "exposure_score": 65.4,
        "lon": 88.55421,
        "lat": 27.54519,
        "rank_area": 53,
        "rank_exposure": 273,
        "past_slides": 0
      },
      "geometry": {
        "type": "Point",
        "coordinates": [
          88.55421,
          27.54519
        ]
      }
    },
    {
      "type": "Feature",
      "id": 54,
      "properties": {
        "area_ha": 20.79,
        "area_km2": 0.2079,
        "mean_index": 0.6859,
        "max_index": 0.7455,
        "mean_slope_deg": 26.7,
        "max_slope_deg": 44.2,
        "min_dist_road_m": 3427,
        "builtup_ha": 0.0,
        "cropland_ha": 0.54,
        "ntl_sum": 4.899,
        "exposure_score": 65.8,
        "lon": 88.32911,
        "lat": 27.3994,
        "rank_area": 54,
        "rank_exposure": 265,
        "past_slides": 1
      },
      "geometry": {
        "type": "Point",
        "coordinates": [
          88.32911,
          27.3994
        ]
      }
    },
    {
      "type": "Feature",
      "id": 55,
      "properties": {
        "area_ha": 19.35,
        "area_km2": 0.1935,
        "mean_index": 0.6842,
        "max_index": 0.7688,
        "mean_slope_deg": 25.9,
        "max_slope_deg": 33.4,
        "min_dist_road_m": 108,
        "builtup_ha": 0.0,
        "cropland_ha": 0.0,
        "ntl_sum": 11.286,
        "exposure_score": 71.5,
        "lon": 88.48908,
        "lat": 27.25751,
        "rank_area": 55,
        "rank_exposure": 190,
        "past_slides": 0
      },
      "geometry": {
        "type": "Point",
        "coordinates": [
          88.48908,
          27.25751
        ]
      }
    },
    {
      "type": "Feature",
      "id": 56,
      "properties": {
        "area_ha": 19.17,
        "area_km2": 0.1917,
        "mean_index": 0.7087,
        "max_index": 0.7888,
        "mean_slope_deg": 24.6,
        "max_slope_deg": 38.0,
        "min_dist_road_m": 0,
        "builtup_ha": 0.36,
        "cropland_ha": 0.0,
        "ntl_sum": 15.929,
        "exposure_score": 95.3,
        "lon": 88.62732,
        "lat": 27.30986,
        "rank_area": 56,
        "rank_exposure": 31,
        "past_slides": 0
      },
      "geometry": {
        "type": "Point",
        "coordinates": [
          88.62732,
          27.30986
        ]
      }
    },
    {
      "type": "Feature",
      "id": 57,
      "properties": {
        "area_ha": 18.45,
        "area_km2": 0.1845,
        "mean_index": 0.6886,
        "max_index": 0.743,
        "mean_slope_deg": 29.8,
        "max_slope_deg": 40.6,
        "min_dist_road_m": 1015,
        "builtup_ha": 0.0,
        "cropland_ha": 0.0,
        "ntl_sum": 5.059,
        "exposure_score": 77.4,
        "lon": 88.54621,
        "lat": 27.30617,
        "rank_area": 57,
        "rank_exposure": 136,
        "past_slides": 0
      },
      "geometry": {
        "type": "Point",
        "coordinates": [
          88.54621,
          27.30617
        ]
      }
    },
    {
      "type": "Feature",
      "id": 58,
      "properties": {
        "area_ha": 18.09,
        "area_km2": 0.1809,
        "mean_index": 0.6706,
        "max_index": 0.7235,
        "mean_slope_deg": 33.9,
        "max_slope_deg": 46.8,
        "min_dist_road_m": 872,
        "builtup_ha": 0.0,
        "cropland_ha": 0.0,
        "ntl_sum": 5.722,
        "exposure_score": 68.1,
        "lon": 88.71432,
        "lat": 27.19279,
        "rank_area": 58,
        "rank_exposure": 240,
        "past_slides": 0
      },
      "geometry": {
        "type": "Point",
        "coordinates": [
          88.71432,
          27.19279
        ]
      }
    },
    {
      "type": "Feature",
      "id": 59,
      "properties": {
        "area_ha": 17.91,
        "area_km2": 0.1791,
        "mean_index": 0.6749,
        "max_index": 0.7341,
        "mean_slope_deg": 33.3,
        "max_slope_deg": 45.1,
        "min_dist_road_m": 845,
        "builtup_ha": 0.0,
        "cropland_ha": 0.0,
        "ntl_sum": 5.776,
        "exposure_score": 68.8,
        "lon": 88.70046,
        "lat": 27.18795,
        "rank_area": 59,
        "rank_exposure": 232,
        "past_slides": 0
      },
      "geometry": {
        "type": "Point",
        "coordinates": [
          88.70046,
          27.18795
        ]
      }
    },
    {
      "type": "Feature",
      "id": 60,
      "properties": {
        "area_ha": 17.28,
        "area_km2": 0.1728,
        "mean_index": 0.6802,
        "max_index": 0.7553,
        "mean_slope_deg": 33.9,
        "max_slope_deg": 49.7,
        "min_dist_road_m": 721,
        "builtup_ha": 0.0,
        "cropland_ha": 0.72,
        "ntl_sum": 8.686,
        "exposure_score": 81.8,
        "lon": 88.27193,
        "lat": 27.32194,
        "rank_area": 60,
        "rank_exposure": 98,
        "past_slides": 0
      },
      "geometry": {
        "type": "Point",
        "coordinates": [
          88.27193,
          27.32194
        ]
      }
    },
    {
      "type": "Feature",
      "id": 61,
      "properties": {
        "area_ha": 17.01,
        "area_km2": 0.1701,
        "mean_index": 0.6964,
        "max_index": 0.7573,
        "mean_slope_deg": 32.5,
        "max_slope_deg": 44.9,
        "min_dist_road_m": 819,
        "builtup_ha": 0.0,
        "cropland_ha": 0.63,
        "ntl_sum": 6.938,
        "exposure_score": 67.2,
        "lon": 88.21835,
        "lat": 27.27326,
        "rank_area": 61,
        "rank_exposure": 249,
        "past_slides": 0
      },
      "geometry": {
        "type": "Point",
        "coordinates": [
          88.21835,
          27.27326
        ]
      }
    },
    {
      "type": "Feature",
      "id": 62,
      "properties": {
        "area_ha": 16.92,
        "area_km2": 0.1692,
        "mean_index": 0.684,
        "max_index": 0.7474,
        "mean_slope_deg": 24.6,
        "max_slope_deg": 38.4,
        "min_dist_road_m": 0,
        "builtup_ha": 0.45,
        "cropland_ha": 0.0,
        "ntl_sum": 27.619,
        "exposure_score": 96.1,
        "lon": 88.58533,
        "lat": 27.32875,
        "rank_area": 62,
        "rank_exposure": 27,
        "past_slides": 0
      },
      "geometry": {
        "type": "Point",
        "coordinates": [
          88.58533,
          27.32875
        ]
      }
    },
    {
      "type": "Feature",
      "id": 63,
      "properties": {
        "area_ha": 16.83,
        "area_km2": 0.1683,
        "mean_index": 0.6754,
        "max_index": 0.7262,
        "mean_slope_deg": 27.8,
        "max_slope_deg": 38.3,
        "min_dist_road_m": 1528,
        "builtup_ha": 0.0,
        "cropland_ha": 0.0,
        "ntl_sum": 6.812,
        "exposure_score": 73.5,
        "lon": 88.33854,
        "lat": 27.31048,
        "rank_area": 63,
        "rank_exposure": 171,
        "past_slides": 0
      },
      "geometry": {
        "type": "Point",
        "coordinates": [
          88.33854,
          27.31048
        ]
      }
    },
    {
      "type": "Feature",
      "id": 64,
      "properties": {
        "area_ha": 16.83,
        "area_km2": 0.1683,
        "mean_index": 0.6679,
        "max_index": 0.7096,
        "mean_slope_deg": 38.4,
        "max_slope_deg": 60.5,
        "min_dist_road_m": 0,
        "builtup_ha": 0.0,
        "cropland_ha": 0.36,
        "ntl_sum": 4.624,
        "exposure_score": 70.1,
        "lon": 88.69523,
        "lat": 27.23716,
        "rank_area": 64,
        "rank_exposure": 202,
        "past_slides": 0
      },
      "geometry": {
        "type": "Point",
        "coordinates": [
          88.69523,
          27.23716
        ]
      }
    },
    {
      "type": "Feature",
      "id": 65,
      "properties": {
        "area_ha": 16.74,
        "area_km2": 0.1674,
        "mean_index": 0.6851,
        "max_index": 0.7518,
        "mean_slope_deg": 31.3,
        "max_slope_deg": 42.6,
        "min_dist_road_m": 170,
        "builtup_ha": 0.0,
        "cropland_ha": 0.09,
        "ntl_sum": 18.044,
        "exposure_score": 79.4,
        "lon": 88.28888,
        "lat": 27.16688,
        "rank_area": 65,
        "rank_exposure": 113,
        "past_slides": 0
      },
      "geometry": {
        "type": "Point",
        "coordinates": [
          88.28888,
          27.16688
        ]
      }
    },
    {
      "type": "Feature",
      "id": 66,
      "properties": {
        "area_ha": 16.65,
        "area_km2": 0.1665,
        "mean_index": 0.6842,
        "max_index": 0.744,
        "mean_slope_deg": 30.9,
        "max_slope_deg": 40.4,
        "min_dist_road_m": 768,
        "builtup_ha": 0.0,
        "cropland_ha": 0.0,
        "ntl_sum": 5.08,
        "exposure_score": 80.1,
        "lon": 88.54845,
        "lat": 27.3247,
        "rank_area": 66,
        "rank_exposure": 108,
        "past_slides": 0
      },
      "geometry": {
        "type": "Point",
        "coordinates": [
          88.54845,
          27.3247
        ]
      }
    },
    {
      "type": "Feature",
      "id": 67,
      "properties": {
        "area_ha": 16.38,
        "area_km2": 0.1638,
        "mean_index": 0.6876,
        "max_index": 0.7714,
        "mean_slope_deg": 29.9,
        "max_slope_deg": 42.3,
        "min_dist_road_m": 924,
        "builtup_ha": 0.0,
        "cropland_ha": 0.0,
        "ntl_sum": 5.737,
        "exposure_score": 79.2,
        "lon": 88.34551,
        "lat": 27.31664,
        "rank_area": 67,
        "rank_exposure": 115,
        "past_slides": 0
      },
      "geometry": {
        "type": "Point",
        "coordinates": [
          88.34551,
          27.31664
        ]
      }
    },
    {
      "type": "Feature",
      "id": 68,
      "properties": {
        "area_ha": 16.29,
        "area_km2": 0.1629,
        "mean_index": 0.6846,
        "max_index": 0.7393,
        "mean_slope_deg": 27.9,
        "max_slope_deg": 44.6,
        "min_dist_road_m": 0,
        "builtup_ha": 0.63,
        "cropland_ha": 0.18,
        "ntl_sum": 24.727,
        "exposure_score": 96.2,
        "lon": 88.63293,
        "lat": 27.34025,
        "rank_area": 68,
        "rank_exposure": 25,
        "past_slides": 0
      },
      "geometry": {
        "type": "Point",
        "coordinates": [
          88.63293,
          27.34025
        ]
      }
    },
    {
      "type": "Feature",
      "id": 69,
      "properties": {
        "area_ha": 16.11,
        "area_km2": 0.1611,
        "mean_index": 0.6744,
        "max_index": 0.7272,
        "mean_slope_deg": 24.4,
        "max_slope_deg": 38.4,
        "min_dist_road_m": 0,
        "builtup_ha": 0.0,
        "cropland_ha": 0.0,
        "ntl_sum": 9.434,
        "exposure_score": 74.3,
        "lon": 88.63107,
        "lat": 27.28355,
        "rank_area": 69,
        "rank_exposure": 160,
        "past_slides": 0
      },
      "geometry": {
        "type": "Point",
        "coordinates": [
          88.63107,
          27.28355
        ]
      }
    },
    {
      "type": "Feature",
      "id": 70,
      "properties": {
        "area_ha": 15.93,
        "area_km2": 0.1593,
        "mean_index": 0.7095,
        "max_index": 0.7906,
        "mean_slope_deg": 43.0,
        "max_slope_deg": 59.9,
        "min_dist_road_m": 1371,
        "builtup_ha": 0.0,
        "cropland_ha": 0.72,
        "ntl_sum": 4.532,
        "exposure_score": 69.6,
        "lon": 88.56304,
        "lat": 27.5325,
        "rank_area": 70,
        "rank_exposure": 217,
        "past_slides": 0
      },
      "geometry": {
        "type": "Point",
        "coordinates": [
          88.56304,
          27.5325
        ]
      }
    },
    {
      "type": "Feature",
      "id": 71,
      "properties": {
        "area_ha": 15.84,
        "area_km2": 0.1584,
        "mean_index": 0.6741,
        "max_index": 0.7331,
        "mean_slope_deg": 27.4,
        "max_slope_deg": 42.7,
        "min_dist_road_m": 968,
        "builtup_ha": 0.0,
        "cropland_ha": 0.0,
        "ntl_sum": 4.275,
        "exposure_score": 58.7,
        "lon": 88.64046,
        "lat": 27.25568,
        "rank_area": 71,
        "rank_exposure": 372,
        "past_slides": 0
      },
      "geometry": {
        "type": "Point",
        "coordinates": [
          88.64046,
          27.25568
        ]
      }
    },
    {
      "type": "Feature",
      "id": 72,
      "properties": {
        "area_ha": 15.48,
        "area_km2": 0.1548,
        "mean_index": 0.6824,
        "max_index": 0.7542,
        "mean_slope_deg": 29.5,
        "max_slope_deg": 42.1,
        "min_dist_road_m": 150,
        "builtup_ha": 0.0,
        "cropland_ha": 0.36,
        "ntl_sum": 6.505,
        "exposure_score": 87.0,
        "lon": 88.24504,
        "lat": 27.32218,
        "rank_area": 72,
        "rank_exposure": 70,
        "past_slides": 0
      },
      "geometry": {
        "type": "Point",
        "coordinates": [
          88.24504,
          27.32218
        ]
      }
    },
    {
      "type": "Feature",
      "id": 73,
      "properties": {
        "area_ha": 15.39,
        "area_km2": 0.1539,
        "mean_index": 0.6627,
        "max_index": 0.7067,
        "mean_slope_deg": 28.1,
        "max_slope_deg": 40.8,
        "min_dist_road_m": 1425,
        "builtup_ha": 0.0,
        "cropland_ha": 0.0,
        "ntl_sum": 4.225,
        "exposure_score": 66.8,
        "lon": 88.32426,
        "lat": 27.34745,
        "rank_area": 73,
        "rank_exposure": 257,
        "past_slides": 0
      },
      "geometry": {
        "type": "Point",
        "coordinates": [
          88.32426,
          27.34745
        ]
      }
    },
    {
      "type": "Feature",
      "id": 74,
      "properties": {
        "area_ha": 15.21,
        "area_km2": 0.1521,
        "mean_index": 0.6678,
        "max_index": 0.7387,
        "mean_slope_deg": 34.3,
        "max_slope_deg": 57.1,
        "min_dist_road_m": 926,
        "builtup_ha": 0.0,
        "cropland_ha": 0.0,
        "ntl_sum": 7.585,
        "exposure_score": 63.8,
        "lon": 88.55257,
        "lat": 27.24734,
        "rank_area": 74,
        "rank_exposure": 296,
        "past_slides": 0
      },
      "geometry": {
        "type": "Point",
        "coordinates": [
          88.55257,
          27.24734
        ]
      }
    },
    {
      "type": "Feature",
      "id": 75,
      "properties": {
        "area_ha": 14.85,
        "area_km2": 0.1485,
        "mean_index": 0.6813,
        "max_index": 0.7378,
        "mean_slope_deg": 33.1,
        "max_slope_deg": 49.2,
        "min_dist_road_m": 150,
        "builtup_ha": 0.0,
        "cropland_ha": 0.0,
        "ntl_sum": 4.216,
        "exposure_score": 66.9,
        "lon": 88.71962,
        "lat": 27.25514,
        "rank_area": 75,
        "rank_exposure": 255,
        "past_slides": 0
      },
      "geometry": {
        "type": "Point",
        "coordinates": [
          88.71962,
          27.25514
        ]
      }
    },
    {
      "type": "Feature",
      "id": 76,
      "properties": {
        "area_ha": 14.85,
        "area_km2": 0.1485,
        "mean_index": 0.6687,
        "max_index": 0.7167,
        "mean_slope_deg": 35.6,
        "max_slope_deg": 52.9,
        "min_dist_road_m": 190,
        "builtup_ha": 0.0,
        "cropland_ha": 0.09,
        "ntl_sum": 4.873,
        "exposure_score": 76.3,
        "lon": 88.69092,
        "lat": 27.22462,
        "rank_area": 76,
        "rank_exposure": 145,
        "past_slides": 0
      },
      "geometry": {
        "type": "Point",
        "coordinates": [
          88.69092,
          27.22462
        ]
      }
    },
    {
      "type": "Feature",
      "id": 77,
      "properties": {
        "area_ha": 14.76,
        "area_km2": 0.1476,
        "mean_index": 0.6746,
        "max_index": 0.7376,
        "mean_slope_deg": 29.0,
        "max_slope_deg": 39.7,
        "min_dist_road_m": 210,
        "builtup_ha": 0.0,
        "cropland_ha": 0.09,
        "ntl_sum": 5.983,
        "exposure_score": 89.1,
        "lon": 88.31347,
        "lat": 27.30666,
        "rank_area": 77,
        "rank_exposure": 61,
        "past_slides": 0
      },
      "geometry": {
        "type": "Point",
        "coordinates": [
          88.31347,
          27.30666
        ]
      }
    },
    {
      "type": "Feature",
      "id": 78,
      "properties": {
        "area_ha": 14.31,
        "area_km2": 0.1431,
        "mean_index": 0.6708,
        "max_index": 0.7461,
        "mean_slope_deg": 30.6,
        "max_slope_deg": 51.0,
        "min_dist_road_m": 0,
        "builtup_ha": 0.0,
        "cropland_ha": 0.0,
        "ntl_sum": 3.065,
        "exposure_score": 80.5,
        "lon": 88.48745,
        "lat": 27.53942,
        "rank_area": 78,
        "rank_exposure": 104,
        "past_slides": 0
      },
      "geometry": {
        "type": "Point",
        "coordinates": [
          88.48745,
          27.53942
        ]
      }
    },
    {
      "type": "Feature",
      "id": 79,
      "properties": {
        "area_ha": 14.22,
        "area_km2": 0.1422,
        "mean_index": 0.714,
        "max_index": 0.8073,
        "mean_slope_deg": 23.4,
        "max_slope_deg": 37.1,
        "min_dist_road_m": 0,
        "builtup_ha": 0.36,
        "cropland_ha": 0.36,
        "ntl_sum": 13.486,
        "exposure_score": 94.7,
        "lon": 88.4151,
        "lat": 27.29971,
        "rank_area": 79,
        "rank_exposure": 35,
        "past_slides": 0
      },
      "geometry": {
        "type": "Point",
        "coordinates": [
          88.4151,
          27.29971
        ]
      }
    },
    {
      "type": "Feature",
      "id": 80,
      "properties": {
        "area_ha": 13.77,
        "area_km2": 0.1377,
        "mean_index": 0.6827,
        "max_index": 0.7608,
        "mean_slope_deg": 27.1,
        "max_slope_deg": 39.9,
        "min_dist_road_m": 726,
        "builtup_ha": 0.0,
        "cropland_ha": 0.9,
        "ntl_sum": 5.336,
        "exposure_score": 64.9,
        "lon": 88.11717,
        "lat": 27.24946,
        "rank_area": 80,
        "rank_exposure": 280,
        "past_slides": 2
      },
      "geometry": {
        "type": "Point",
        "coordinates": [
          88.11717,
          27.24946
        ]
      }
    },
    {
      "type": "Feature",
      "id": 81,
      "properties": {
        "area_ha": 13.68,
        "area_km2": 0.1368,
        "mean_index": 0.6708,
        "max_index": 0.7213,
        "mean_slope_deg": 36.4,
        "max_slope_deg": 53.1,
        "min_dist_road_m": 175,
        "builtup_ha": 0.0,
        "cropland_ha": 0.0,
        "ntl_sum": 30.579,
        "exposure_score": 82.3,
        "lon": 88.48342,
        "lat": 27.20503,
        "rank_area": 81,
        "rank_exposure": 93,
        "past_slides": 0
      },
      "geometry": {
        "type": "Point",
        "coordinates": [
          88.48342,
          27.20503
        ]
      }
    },
    {
      "type": "Feature",
      "id": 82,
      "properties": {
        "area_ha": 13.32,
        "area_km2": 0.1332,
        "mean_index": 0.6743,
        "max_index": 0.7328,
        "mean_slope_deg": 30.6,
        "max_slope_deg": 51.8,
        "min_dist_road_m": 295,
        "builtup_ha": 0.0,
        "cropland_ha": 0.27,
        "ntl_sum": 4.025,
        "exposure_score": 77.3,
        "lon": 88.23054,
        "lat": 27.36401,
        "rank_area": 82,
        "rank_exposure": 137,
        "past_slides": 0
      },
      "geometry": {
        "type": "Point",
        "coordinates": [
          88.23054,
          27.36401
        ]
      }
    },
    {
      "type": "Feature",
      "id": 83,
      "properties": {
        "area_ha": 13.32,
        "area_km2": 0.1332,
        "mean_index": 0.6762,
        "max_index": 0.7439,
        "mean_slope_deg": 28.6,
        "max_slope_deg": 41.7,
        "min_dist_road_m": 750,
        "builtup_ha": 0.0,
        "cropland_ha": 0.36,
        "ntl_sum": 4.955,
        "exposure_score": 79.2,
        "lon": 88.32185,
        "lat": 27.31064,
        "rank_area": 83,
        "rank_exposure": 116,
        "past_slides": 0
      },
      "geometry": {
        "type": "Point",
        "coordinates": [
          88.32185,
          27.31064
        ]
      }
    },
    {
      "type": "Feature",
      "id": 84,
      "properties": {
        "area_ha": 13.32,
        "area_km2": 0.1332,
        "mean_index": 0.6886,
        "max_index": 0.7494,
        "mean_slope_deg": 26.1,
        "max_slope_deg": 38.7,
        "min_dist_road_m": 997,
        "builtup_ha": 0.0,
        "cropland_ha": 0.0,
        "ntl_sum": 2.965,
        "exposure_score": 62.6,
        "lon": 88.18025,
        "lat": 27.18598,
        "rank_area": 84,
        "rank_exposure": 314,
        "past_slides": 0
      },
      "geometry": {
        "type": "Point",
        "coordinates": [
          88.18025,
          27.18598
        ]
      }
    },
    {
      "type": "Feature",
      "id": 85,
      "properties": {
        "area_ha": 13.23,
        "area_km2": 0.1323,
        "mean_index": 0.6737,
        "max_index": 0.7407,
        "mean_slope_deg": 35.5,
        "max_slope_deg": 53.6,
        "min_dist_road_m": 2754,
        "builtup_ha": 0.0,
        "cropland_ha": 0.0,
        "ntl_sum": 2.736,
        "exposure_score": 57.4,
        "lon": 88.3213,
        "lat": 27.38187,
        "rank_area": 85,
        "rank_exposure": 390,
        "past_slides": 0
      },
      "geometry": {
        "type": "Point",
        "coordinates": [
          88.3213,
          27.38187
        ]
      }
    },
    {
      "type": "Feature",
      "id": 86,
      "properties": {
        "area_ha": 13.14,
        "area_km2": 0.1314,
        "mean_index": 0.6721,
        "max_index": 0.7143,
        "mean_slope_deg": 32.3,
        "max_slope_deg": 55.1,
        "min_dist_road_m": 0,
        "builtup_ha": 1.35,
        "cropland_ha": 7.56,
        "ntl_sum": 3.087,
        "exposure_score": 90.0,
        "lon": 88.79639,
        "lat": 27.37087,
        "rank_area": 86,
        "rank_exposure": 56,
        "past_slides": 2
      },
      "geometry": {
        "type": "Point",
        "coordinates": [
          88.79639,
          27.37087
        ]
      }
    },
    {
      "type": "Feature",
      "id": 87,
      "properties": {
        "area_ha": 13.14,
        "area_km2": 0.1314,
        "mean_index": 0.6708,
        "max_index": 0.7289,
        "mean_slope_deg": 33.4,
        "max_slope_deg": 50.7,
        "min_dist_road_m": 0,
        "builtup_ha": 0.09,
        "cropland_ha": 0.0,
        "ntl_sum": 5.177,
        "exposure_score": 90.2,
        "lon": 88.65331,
        "lat": 27.2933,
        "rank_area": 87,
        "rank_exposure": 55,
        "past_slides": 0
      },
      "geometry": {
        "type": "Point",
        "coordinates": [
          88.65331,
          27.2933
        ]
      }
    },
    {
      "type": "Feature",
      "id": 88,
      "properties": {
        "area_ha": 12.69,
        "area_km2": 0.1269,
        "mean_index": 0.6814,
        "max_index": 0.7651,
        "mean_slope_deg": 32.1,
        "max_slope_deg": 49.8,
        "min_dist_road_m": 180,
        "builtup_ha": 0.0,
        "cropland_ha": 0.09,
        "ntl_sum": 5.705,
        "exposure_score": 72.6,
        "lon": 88.25177,
        "lat": 27.27419,
        "rank_area": 88,
        "rank_exposure": 179,
        "past_slides": 0
      },
      "geometry": {
        "type": "Point",
        "coordinates": [
          88.25177,
          27.27419
        ]
      }
    },
    {
      "type": "Feature",
      "id": 89,
      "properties": {
        "area_ha": 12.51,
        "area_km2": 0.1251,
        "mean_index": 0.6972,
        "max_index": 0.7533,
        "mean_slope_deg": 41.9,
        "max_slope_deg": 53.4,
        "min_dist_road_m": 0,
        "builtup_ha": 0.0,
        "cropland_ha": 0.09,
        "ntl_sum": 2.077,
        "exposure_score": 78.3,
        "lon": 88.57762,
        "lat": 27.6952,
        "rank_area": 89,
        "rank_exposure": 125,
        "past_slides": 0
      },
      "geometry": {
        "type": "Point",
        "coordinates": [
          88.57762,
          27.6952
        ]
      }
    },
    {
      "type": "Feature",
      "id": 90,
      "properties": {
        "area_ha": 12.42,
        "area_km2": 0.1242,
        "mean_index": 0.7029,
        "max_index": 0.7853,
        "mean_slope_deg": 36.8,
        "max_slope_deg": 58.3,
        "min_dist_road_m": 0,
        "builtup_ha": 0.54,
        "cropland_ha": 2.97,
        "ntl_sum": 4.756,
        "exposure_score": 91.7,
        "lon": 88.80792,
        "lat": 27.38183,
        "rank_area": 90,
        "rank_exposure": 48,
        "past_slides": 1
      },
      "geometry": {
        "type": "Point",
        "coordinates": [
          88.80792,
          27.38183
        ]
      }
    },
    {
      "type": "Feature",
      "id": 91,
      "properties": {
        "area_ha": 12.42,
        "area_km2": 0.1242,
        "mean_index": 0.6759,
        "max_index": 0.7353,
        "mean_slope_deg": 24.5,
        "max_slope_deg": 32.4,
        "min_dist_road_m": 0,
        "builtup_ha": 0.27,
        "cropland_ha": 0.0,
        "ntl_sum": 9.853,
        "exposure_score": 93.8,
        "lon": 88.62076,
        "lat": 27.28123,
        "rank_area": 91,
        "rank_exposure": 39,
        "past_slides": 0
      },
      "geometry": {
        "type": "Point",
        "coordinates": [
          88.62076,
          27.28123
        ]
      }
    },
    {
      "type": "Feature",
      "id": 92,
      "properties": {
        "area_ha": 12.24,
        "area_km2": 0.1224,
        "mean_index": 0.6743,
        "max_index": 0.7201,
        "mean_slope_deg": 28.9,
        "max_slope_deg": 42.3,
        "min_dist_road_m": 210,
        "builtup_ha": 0.0,
        "cropland_ha": 0.0,
        "ntl_sum": 9.889,
        "exposure_score": 88.0,
        "lon": 88.37099,
        "lat": 27.31396,
        "rank_area": 92,
        "rank_exposure": 64,
        "past_slides": 0
      },
      "geometry": {
        "type": "Point",
        "coordinates": [
          88.37099,
          27.31396
        ]
      }
    },
    {
      "type": "Feature",
      "id": 93,
      "properties": {
        "area_ha": 12.24,
        "area_km2": 0.1224,
        "mean_index": 0.6833,
        "max_index": 0.7567,
        "mean_slope_deg": 27.0,
        "max_slope_deg": 45.5,
        "min_dist_road_m": 212,
        "builtup_ha": 0.0,
        "cropland_ha": 0.18,
        "ntl_sum": 12.041,
        "exposure_score": 78.5,
        "lon": 88.28146,
        "lat": 27.15584,
        "rank_area": 93,
        "rank_exposure": 124,
        "past_slides": 0
      },
      "geometry": {
        "type": "Point",
        "coordinates": [
          88.28146,
          27.15584
        ]
      }
    },
    {
      "type": "Feature",
      "id": 94,
      "properties": {
        "area_ha": 12.15,
        "area_km2": 0.1215,
        "mean_index": 0.6646,
        "max_index": 0.7029,
        "mean_slope_deg": 27.0,
        "max_slope_deg": 38.0,
        "min_dist_road_m": 0,
        "builtup_ha": 0.9,
        "cropland_ha": 0.36,
        "ntl_sum": 8.65,
        "exposure_score": 94.2,
        "lon": 88.42543,
        "lat": 27.23813,
        "rank_area": 94,
        "rank_exposure": 38,
        "past_slides": 0
      },
      "geometry": {
        "type": "Point",
        "coordinates": [
          88.42543,
          27.23813
        ]
      }
    },
    {
      "type": "Feature",
      "id": 95,
      "properties": {
        "area_ha": 11.25,
        "area_km2": 0.1125,
        "mean_index": 0.6838,
        "max_index": 0.7679,
        "mean_slope_deg": 20.6,
        "max_slope_deg": 36.3,
        "min_dist_road_m": 0,
        "builtup_ha": 0.9,
        "cropland_ha": 0.0,
        "ntl_sum": 35.822,
        "exposure_score": 96.6,
        "lon": 88.59707,
        "lat": 27.28042,
        "rank_area": 95,
        "rank_exposure": 23,
        "past_slides": 0
      },
      "geometry": {
        "type": "Point",
        "coordinates": [
          88.59707,
          27.28042
        ]
      }
    },
    {
      "type": "Feature",
      "id": 96,
      "properties": {
        "area_ha": 11.07,
        "area_km2": 0.1107,
        "mean_index": 0.6641,
        "max_index": 0.6976,
        "mean_slope_deg": 24.3,
        "max_slope_deg": 42.4,
        "min_dist_road_m": 0,
        "builtup_ha": 0.0,
        "cropland_ha": 0.0,
        "ntl_sum": 5.298,
        "exposure_score": 71.8,
        "lon": 88.6449,
        "lat": 27.28501,
        "rank_area": 96,
        "rank_exposure": 188,
        "past_slides": 0
      },
      "geometry": {
        "type": "Point",
        "coordinates": [
          88.6449,
          27.28501
        ]
      }
    },
    {
      "type": "Feature",
      "id": 97,
      "properties": {
        "area_ha": 10.71,
        "area_km2": 0.1071,
        "mean_index": 0.6752,
        "max_index": 0.7379,
        "mean_slope_deg": 30.3,
        "max_slope_deg": 42.8,
        "min_dist_road_m": 927,
        "builtup_ha": 0.0,
        "cropland_ha": 0.0,
        "ntl_sum": 3.431,
        "exposure_score": 74.2,
        "lon": 88.50252,
        "lat": 27.41172,
        "rank_area": 97,
        "rank_exposure": 161,
        "past_slides": 0
      },
      "geometry": {
        "type": "Point",
        "coordinates": [
          88.50252,
          27.41172
        ]
      }
    },
    {
      "type": "Feature",
      "id": 98,
      "properties": {
        "area_ha": 10.62,
        "area_km2": 0.1062,
        "mean_index": 0.6764,
        "max_index": 0.73,
        "mean_slope_deg": 26.7,
        "max_slope_deg": 37.7,
        "min_dist_road_m": 1020,
        "builtup_ha": 0.0,
        "cropland_ha": 0.09,
        "ntl_sum": 3.445,
        "exposure_score": 72.6,
        "lon": 88.54628,
        "lat": 27.39106,
        "rank_area": 98,
        "rank_exposure": 180,
        "past_slides": 0
      },
      "geometry": {
        "type": "Point",
        "coordinates": [
          88.54628,
          27.39106
        ]
      }
    },
    {
      "type": "Feature",
      "id": 99,
      "properties": {
        "area_ha": 10.62,
        "area_km2": 0.1062,
        "mean_index": 0.6672,
        "max_index": 0.7042,
        "mean_slope_deg": 33.8,
        "max_slope_deg": 42.5,
        "min_dist_road_m": 891,
        "builtup_ha": 0.0,
        "cropland_ha": 0.0,
        "ntl_sum": 4.461,
        "exposure_score": 60.2,
        "lon": 88.42185,
        "lat": 27.26471,
        "rank_area": 99,
        "rank_exposure": 354,
        "past_slides": 0
      },
      "geometry": {
        "type": "Point",
        "coordinates": [
          88.42185,
          27.26471
        ]
      }
    },
    {
      "type": "Feature",
      "id": 100,
      "properties": {
        "area_ha": 10.35,
        "area_km2": 0.1035,
        "mean_index": 0.664,
        "max_index": 0.696,
        "mean_slope_deg": 29.1,
        "max_slope_deg": 37.4,
        "min_dist_road_m": 799,
        "builtup_ha": 0.0,
        "cropland_ha": 0.0,
        "ntl_sum": 2.902,
        "exposure_score": 61.8,
        "lon": 88.53034,
        "lat": 27.29159,
        "rank_area": 100,
        "rank_exposure": 322,
        "past_slides": 0
      },
      "geometry": {
        "type": "Point",
        "coordinates": [
          88.53034,
          27.29159
        ]
      }
    },
    {
      "type": "Feature",
      "id": 101,
      "properties": {
        "area_ha": 10.35,
        "area_km2": 0.1035,
        "mean_index": 0.6662,
        "max_index": 0.7164,
        "mean_slope_deg": 22.8,
        "max_slope_deg": 32.3,
        "min_dist_road_m": 0,
        "builtup_ha": 0.0,
        "cropland_ha": 0.09,
        "ntl_sum": 3.203,
        "exposure_score": 67.0,
        "lon": 88.6981,
        "lat": 27.2573,
        "rank_area": 101,
        "rank_exposure": 253,
        "past_slides": 2
      },
      "geometry": {
        "type": "Point",
        "coordinates": [
          88.6981,
          27.2573
        ]
      }
    },
    {
      "type": "Feature",
      "id": 102,
      "properties": {
        "area_ha": 10.35,
        "area_km2": 0.1035,
        "mean_index": 0.6709,
        "max_index": 0.7177,
        "mean_slope_deg": 29.5,
        "max_slope_deg": 39.2,
        "min_dist_road_m": 0,
        "builtup_ha": 0.54,
        "cropland_ha": 0.0,
        "ntl_sum": 19.805,
        "exposure_score": 95.2,
        "lon": 88.45299,
        "lat": 27.24354,
        "rank_area": 102,
        "rank_exposure": 33,
        "past_slides": 0
      },
      "geometry": {
        "type": "Point",
        "coordinates": [
          88.45299,
          27.24354
        ]
      }
    },
    {
      "type": "Feature",
      "id": 103,
      "properties": {
        "area_ha": 10.26,
        "area_km2": 0.1026,
        "mean_index": 0.6755,
        "max_index": 0.7318,
        "mean_slope_deg": 36.8,
        "max_slope_deg": 57.8,
        "min_dist_road_m": 3027,
        "builtup_ha": 0.0,
        "cropland_ha": 0.36,
        "ntl_sum": 2.023,
        "exposure_score": 53.9,
        "lon": 88.3135,
        "lat": 27.3703,
        "rank_area": 103,
        "rank_exposure": 438,
        "past_slides": 0
      },
      "geometry": {
        "type": "Point",
        "coordinates": [
          88.3135,
          27.3703
        ]
      }
    },
    {
      "type": "Feature",
      "id": 104,
      "properties": {
        "area_ha": 10.17,
        "area_km2": 0.1017,
        "mean_index": 0.6956,
        "max_index": 0.7644,
        "mean_slope_deg": 40.9,
        "max_slope_deg": 54.8,
        "min_dist_road_m": 0,
        "builtup_ha": 0.0,
        "cropland_ha": 1.08,
        "ntl_sum": 2.218,
        "exposure_score": 78.7,
        "lon": 88.59953,
        "lat": 27.66557,
        "rank_area": 104,
        "rank_exposure": 122,
        "past_slides": 1
      },
      "geometry": {
        "type": "Point",
        "coordinates": [
          88.59953,
          27.66557
        ]
      }
    },
    {
      "type": "Feature",
      "id": 105,
      "properties": {
        "area_ha": 10.17,
        "area_km2": 0.1017,
        "mean_index": 0.6768,
        "max_index": 0.7292,
        "mean_slope_deg": 31.6,
        "max_slope_deg": 49.4,
        "min_dist_road_m": 162,
        "builtup_ha": 0.0,
        "cropland_ha": 0.09,
        "ntl_sum": 3.125,
        "exposure_score": 82.3,
        "lon": 88.42883,
        "lat": 27.3234,
        "rank_area": 105,
        "rank_exposure": 94,
        "past_slides": 0
      },
      "geometry": {
        "type": "Point",
        "coordinates": [
          88.42883,
          27.3234
        ]
      }
    },
    {
      "type": "Feature",
      "id": 106,
      "properties": {
        "area_ha": 9.99,
        "area_km2": 0.0999,
        "mean_index": 0.6629,
        "max_index": 0.6973,
        "mean_slope_deg": 33.1,
        "max_slope_deg": 49.5,
        "min_dist_road_m": 0,
        "builtup_ha": 0.0,
        "cropland_ha": 0.36,
        "ntl_sum": 1.439,
        "exposure_score": 77.9,
        "lon": 88.87855,
        "lat": 27.29506,
        "rank_area": 106,
        "rank_exposure": 131,
        "past_slides": 0
      },
      "geometry": {
        "type": "Point",
        "coordinates": [
          88.87855,
          27.29506
        ]
      }
    },
    {
      "type": "Feature",
      "id": 107,
      "properties": {
        "area_ha": 9.72,
        "area_km2": 0.0972,
        "mean_index": 0.6784,
        "max_index": 0.7168,
        "mean_slope_deg": 28.4,
        "max_slope_deg": 43.4,
        "min_dist_road_m": 953,
        "builtup_ha": 0.0,
        "cropland_ha": 0.09,
        "ntl_sum": 3.347,
        "exposure_score": 63.7,
        "lon": 88.15471,
        "lat": 27.1954,
        "rank_area": 107,
        "rank_exposure": 298,
        "past_slides": 0
      },
      "geometry": {
        "type": "Point",
        "coordinates": [
          88.15471,
          27.1954
        ]
      }
    },
    {
      "type": "Feature",
      "id": 108,
      "properties": {
        "area_ha": 9.63,
        "area_km2": 0.0963,
        "mean_index": 0.6677,
        "max_index": 0.711,
        "mean_slope_deg": 33.7,
        "max_slope_deg": 42.8,
        "min_dist_road_m": 1350,
        "builtup_ha": 0.0,
        "cropland_ha": 0.0,
        "ntl_sum": 3.142,
        "exposure_score": 68.0,
        "lon": 88.63452,
        "lat": 27.57446,
        "rank_area": 108,
        "rank_exposure": 242,
        "past_slides": 0
      },
      "geometry": {
        "type": "Point",
        "coordinates": [
          88.63452,
          27.57446
        ]
      }
    },
    {
      "type": "Feature",
      "id": 109,
      "properties": {
        "area_ha": 9.45,
        "area_km2": 0.0945,
        "mean_index": 0.6752,
        "max_index": 0.7145,
        "mean_slope_deg": 28.1,
        "max_slope_deg": 50.2,
        "min_dist_road_m": 1630,
        "builtup_ha": 0.0,
        "cropland_ha": 0.0,
        "ntl_sum": 2.302,
        "exposure_score": 65.6,
        "lon": 88.53954,
        "lat": 27.3076,
        "rank_area": 109,
        "rank_exposure": 270,
        "past_slides": 0
      },
      "geometry": {
        "type": "Point",
        "coordinates": [
          88.53954,
          27.3076
        ]
      }
    },
    {
      "type": "Feature",
      "id": 110,
      "properties": {
        "area_ha": 9.45,
        "area_km2": 0.0945,
        "mean_index": 0.6625,
        "max_index": 0.7075,
        "mean_slope_deg": 32.2,
        "max_slope_deg": 44.8,
        "min_dist_road_m": 272,
        "builtup_ha": 0.0,
        "cropland_ha": 0.0,
        "ntl_sum": 2.751,
        "exposure_score": 72.5,
        "lon": 88.69017,
        "lat": 27.23085,
        "rank_area": 110,
        "rank_exposure": 181,
        "past_slides": 0
      },
      "geometry": {
        "type": "Point",
        "coordinates": [
          88.69017,
          27.23085
        ]
      }
    },
    {
      "type": "Feature",
      "id": 111,
      "properties": {
        "area_ha": 9.45,
        "area_km2": 0.0945,
        "mean_index": 0.6924,
        "max_index": 0.7759,
        "mean_slope_deg": 27.0,
        "max_slope_deg": 40.9,
        "min_dist_road_m": 1657,
        "builtup_ha": 0.0,
        "cropland_ha": 0.0,
        "ntl_sum": 2.211,
        "exposure_score": 56.2,
        "lon": 88.21151,
        "lat": 27.23568,
        "rank_area": 111,
        "rank_exposure": 408,
        "past_slides": 0
      },
      "geometry": {
        "type": "Point",
        "coordinates": [
          88.21151,
          27.23568
        ]
      }
    },
    {
      "type": "Feature",
      "id": 112,
      "properties": {
        "area_ha": 9.36,
        "area_km2": 0.0936,
        "mean_index": 0.6663,
        "max_index": 0.7071,
        "mean_slope_deg": 28.1,
        "max_slope_deg": 52.4,
        "min_dist_road_m": 960,
        "builtup_ha": 0.63,
        "cropland_ha": 1.17,
        "ntl_sum": 18.347,
        "exposure_score": 86.0,
        "lon": 88.27904,
        "lat": 27.31456,
        "rank_area": 112,
        "rank_exposure": 76,
        "past_slides": 0
      },
      "geometry": {
        "type": "Point",
        "coordinates": [
          88.27904,
          27.31456
        ]
      }
    },
    {
      "type": "Feature",
      "id": 113,
      "properties": {
        "area_ha": 9.36,
        "area_km2": 0.0936,
        "mean_index": 0.6795,
        "max_index": 0.7578,
        "mean_slope_deg": 32.1,
        "max_slope_deg": 46.5,
        "min_dist_road_m": 900,
        "builtup_ha": 0.0,
        "cropland_ha": 0.0,
        "ntl_sum": 10.146,
        "exposure_score": 82.6,
        "lon": 88.27827,
        "lat": 27.30658,
        "rank_area": 113,
        "rank_exposure": 91,
        "past_slides": 0
      },
      "geometry": {
        "type": "Point",
        "coordinates": [
          88.27827,
          27.30658
        ]
      }
    },
    {
      "type": "Feature",
      "id": 114,
      "properties": {
        "area_ha": 9.0,
        "area_km2": 0.09,
        "mean_index": 0.6625,
        "max_index": 0.703,
        "mean_slope_deg": 33.4,
        "max_slope_deg": 46.4,
        "min_dist_road_m": 972,
        "builtup_ha": 0.0,
        "cropland_ha": 0.0,
        "ntl_sum": 2.885,
        "exposure_score": 71.2,
        "lon": 88.63837,
        "lat": 27.59215,
        "rank_area": 114,
        "rank_exposure": 193,
        "past_slides": 0
      },
      "geometry": {
        "type": "Point",
        "coordinates": [
          88.63837,
          27.59215
        ]
      }
    },
    {
      "type": "Feature",
      "id": 115,
      "properties": {
        "area_ha": 9.0,
        "area_km2": 0.09,
        "mean_index": 0.6702,
        "max_index": 0.6991,
        "mean_slope_deg": 27.5,
        "max_slope_deg": 37.7,
        "min_dist_road_m": 0,
        "builtup_ha": 0.0,
        "cropland_ha": 0.0,
        "ntl_sum": 7.845,
        "exposure_score": 71.6,
        "lon": 88.46392,
        "lat": 27.23543,
        "rank_area": 115,
        "rank_exposure": 189,
        "past_slides": 0
      },
      "geometry": {
        "type": "Point",
        "coordinates": [
          88.46392,
          27.23543
        ]
      }
    },
    {
      "type": "Feature",
      "id": 116,
      "properties": {
        "area_ha": 8.82,
        "area_km2": 0.0882,
        "mean_index": 0.6568,
        "max_index": 0.6864,
        "mean_slope_deg": 31.4,
        "max_slope_deg": 41.6,
        "min_dist_road_m": 0,
        "builtup_ha": 0.0,
        "cropland_ha": 0.0,
        "ntl_sum": 5.877,
        "exposure_score": 77.1,
        "lon": 88.51872,
        "lat": 27.1616,
        "rank_area": 116,
        "rank_exposure": 139,
        "past_slides": 1
      },
      "geometry": {
        "type": "Point",
        "coordinates": [
          88.51872,
          27.1616
        ]
      }
    },
    {
      "type": "Feature",
      "id": 117,
      "properties": {
        "area_ha": 8.64,
        "area_km2": 0.0864,
        "mean_index": 0.6812,
        "max_index": 0.7464,
        "mean_slope_deg": 26.0,
        "max_slope_deg": 39.2,
        "min_dist_road_m": 0,
        "builtup_ha": 0.0,
        "cropland_ha": 0.27,
        "ntl_sum": 8.273,
        "exposure_score": 87.1,
        "lon": 88.41449,
        "lat": 27.3077,
        "rank_area": 117,
        "rank_exposure": 68,
        "past_slides": 0
      },
      "geometry": {
        "type": "Point",
        "coordinates": [
          88.41449,
          27.3077
        ]
      }
    },
    {
      "type": "Feature",
      "id": 118,
      "properties": {
        "area_ha": 8.64,
        "area_km2": 0.0864,
        "mean_index": 0.6926,
        "max_index": 0.7408,
        "mean_slope_deg": 23.8,
        "max_slope_deg": 32.5,
        "min_dist_road_m": 0,
        "builtup_ha": 0.0,
        "cropland_ha": 0.0,
        "ntl_sum": 4.837,
        "exposure_score": 75.4,
        "lon": 88.16291,
        "lat": 27.13643,
        "rank_area": 118,
        "rank_exposure": 151,
        "past_slides": 0
      },
      "geometry": {
        "type": "Point",
        "coordinates": [
          88.16291,
          27.13643
        ]
      }
    },
    {
      "type": "Feature",
      "id": 119,
      "properties": {
        "area_ha": 8.55,
        "area_km2": 0.0855,
        "mean_index": 0.6812,
        "max_index": 0.7387,
        "mean_slope_deg": 24.5,
        "max_slope_deg": 32.3,
        "min_dist_road_m": 607,
        "builtup_ha": 0.0,
        "cropland_ha": 0.9,
        "ntl_sum": 4.882,
        "exposure_score": 69.9,
        "lon": 88.15551,
        "lat": 27.15125,
        "rank_area": 119,
        "rank_exposure": 209,
        "past_slides": 0
      },
      "geometry": {
        "type": "Point",
        "coordinates": [
          88.15551,
          27.15125
        ]
      }
    },
    {
      "type": "Feature",
      "id": 120,
      "properties": {
        "area_ha": 8.46,
        "area_km2": 0.0846,
        "mean_index": 0.6877,
        "max_index": 0.7559,
        "mean_slope_deg": 7.9,
        "max_slope_deg": 23.4,
        "min_dist_road_m": 0,
        "builtup_ha": 2.07,
        "cropland_ha": 5.22,
        "ntl_sum": 2.001,
        "exposure_score": 86.5,
        "lon": 88.843,
        "lat": 27.33967,
        "rank_area": 120,
        "rank_exposure": 71,
        "past_slides": 0
      },
      "geometry": {
        "type": "Point",
        "coordinates": [
          88.843,
          27.33967
        ]
      }
    },
    {
      "type": "Feature",
      "id": 121,
      "properties": {
        "area_ha": 8.46,
        "area_km2": 0.0846,
        "mean_index": 0.7271,
        "max_index": 0.8036,
        "mean_slope_deg": 24.7,
        "max_slope_deg": 38.1,
        "min_dist_road_m": 0,
        "builtup_ha": 1.44,
        "cropland_ha": 0.72,
        "ntl_sum": 18.067,
        "exposure_score": 95.5,
        "lon": 88.36116,
        "lat": 27.30945,
        "rank_area": 121,
        "rank_exposure": 29,
        "past_slides": 0
      },
      "geometry": {
        "type": "Point",
        "coordinates": [
          88.36116,
          27.30945
        ]
      }
    },
    {
      "type": "Feature",
      "id": 122,
      "properties": {
        "area_ha": 8.46,
        "area_km2": 0.0846,
        "mean_index": 0.6702,
        "max_index": 0.7177,
        "mean_slope_deg": 29.4,
        "max_slope_deg": 51.1,
        "min_dist_road_m": 255,
        "builtup_ha": 0.0,
        "cropland_ha": 0.0,
        "ntl_sum": 4.608,
        "exposure_score": 73.1,
        "lon": 88.4911,
        "lat": 27.14876,
        "rank_area": 122,
        "rank_exposure": 172,
        "past_slides": 0
      },
      "geometry": {
        "type": "Point",
        "coordinates": [
          88.4911,
          27.14876
        ]
      }
    },
    {
      "type": "Feature",
      "id": 123,
      "properties": {
        "area_ha": 8.28,
        "area_km2": 0.0828,
        "mean_index": 0.7045,
        "max_index": 0.7715,
        "mean_slope_deg": 24.1,
        "max_slope_deg": 28.2,
        "min_dist_road_m": 0,
        "builtup_ha": 3.15,
        "cropland_ha": 0.18,
        "ntl_sum": 35.603,
        "exposure_score": 96.8,
        "lon": 88.60965,
        "lat": 27.33809,
        "rank_area": 123,
        "rank_exposure": 22,
        "past_slides": 1
      },
      "geometry": {
        "type": "Point",
        "coordinates": [
          88.60965,
          27.33809
        ]
      }
    },
    {
      "type": "Feature",
      "id": 124,
      "properties": {
        "area_ha": 8.19,
        "area_km2": 0.0819,
        "mean_index": 0.6764,
        "max_index": 0.7292,
        "mean_slope_deg": 38.8,
        "max_slope_deg": 54.6,
        "min_dist_road_m": 0,
        "builtup_ha": 0.09,
        "cropland_ha": 0.36,
        "ntl_sum": 21.703,
        "exposure_score": 93.0,
        "lon": 88.64705,
        "lat": 27.60003,
        "rank_area": 124,
        "rank_exposure": 42,
        "past_slides": 0
      },
      "geometry": {
        "type": "Point",
        "coordinates": [
          88.64705,
          27.60003
        ]
      }
    },
    {
      "type": "Feature",
      "id": 125,
      "properties": {
        "area_ha": 8.1,
        "area_km2": 0.081,
        "mean_index": 0.6703,
        "max_index": 0.7033,
        "mean_slope_deg": 25.7,
        "max_slope_deg": 33.5,
        "min_dist_road_m": 0,
        "builtup_ha": 0.09,
        "cropland_ha": 0.0,
        "ntl_sum": 2.191,
        "exposure_score": 84.7,
        "lon": 88.40183,
        "lat": 27.23133,
        "rank_area": 125,
        "rank_exposure": 81,
        "past_slides": 0
      },
      "geometry": {
        "type": "Point",
        "coordinates": [
          88.40183,
          27.23133
        ]
      }
    },
    {
      "type": "Feature",
      "id": 126,
      "properties": {
        "area_ha": 8.01,
        "area_km2": 0.0801,
        "mean_index": 0.6952,
        "max_index": 0.7599,
        "mean_slope_deg": 27.3,
        "max_slope_deg": 43.3,
        "min_dist_road_m": 698,
        "builtup_ha": 0.0,
        "cropland_ha": 0.0,
        "ntl_sum": 2.05,
        "exposure_score": 59.7,
        "lon": 88.2063,
        "lat": 27.2972,
        "rank_area": 126,
        "rank_exposure": 358,
        "past_slides": 0
      },
      "geometry": {
        "type": "Point",
        "coordinates": [
          88.2063,
          27.2972
        ]
      }
    },
    {
      "type": "Feature",
      "id": 127,
      "properties": {
        "area_ha": 7.92,
        "area_km2": 0.0792,
        "mean_index": 0.6764,
        "max_index": 0.7245,
        "mean_slope_deg": 32.8,
        "max_slope_deg": 42.1,
        "min_dist_road_m": 4428,
        "builtup_ha": 0.0,
        "cropland_ha": 0.0,
        "ntl_sum": 1.785,
        "exposure_score": 56.5,
        "lon": 88.30188,
        "lat": 27.38774,
        "rank_area": 127,
        "rank_exposure": 404,
        "past_slides": 0
      },
      "geometry": {
        "type": "Point",
        "coordinates": [
          88.30188,
          27.38774
        ]
      }
    },
    {
      "type": "Feature",
      "id": 128,
      "properties": {
        "area_ha": 7.83,
        "area_km2": 0.0783,
        "mean_index": 0.6687,
        "max_index": 0.7259,
        "mean_slope_deg": 37.2,
        "max_slope_deg": 45.7,
        "min_dist_road_m": 955,
        "builtup_ha": 0.0,
        "cropland_ha": 0.0,
        "ntl_sum": 1.999,
        "exposure_score": 69.9,
        "lon": 88.32831,
        "lat": 27.34159,
        "rank_area": 128,
        "rank_exposure": 210,
        "past_slides": 0
      },
      "geometry": {
        "type": "Point",
        "coordinates": [
          88.32831,
          27.34159
        ]
      }
    },
    {
      "type": "Feature",
      "id": 129,
      "properties": {
        "area_ha": 7.83,
        "area_km2": 0.0783,
        "mean_index": 0.6812,
        "max_index": 0.7445,
        "mean_slope_deg": 29.9,
        "max_slope_deg": 50.7,
        "min_dist_road_m": 1425,
        "builtup_ha": 0.0,
        "cropland_ha": 3.15,
        "ntl_sum": 5.956,
        "exposure_score": 76.1,
        "lon": 88.24879,
        "lat": 27.33596,
        "rank_area": 129,
        "rank_exposure": 148,
        "past_slides": 0
      },
      "geometry": {
        "type": "Point",
        "coordinates": [
          88.24879,
          27.33596
        ]
      }
    },
    {
      "type": "Feature",
      "id": 130,
      "properties": {
        "area_ha": 7.65,
        "area_km2": 0.0765,
        "mean_index": 0.6804,
        "max_index": 0.7325,
        "mean_slope_deg": 34.7,
        "max_slope_deg": 46.0,
        "min_dist_road_m": 120,
        "builtup_ha": 0.0,
        "cropland_ha": 0.0,
        "ntl_sum": 3.744,
        "exposure_score": 68.6,
        "lon": 88.46001,
        "lat": 27.28814,
        "rank_area": 130,
        "rank_exposure": 235,
        "past_slides": 0
      },
      "geometry": {
        "type": "Point",
        "coordinates": [
          88.46001,
          27.28814
        ]
      }
    },
    {
      "type": "Feature",
      "id": 131,
      "properties": {
        "area_ha": 7.56,
        "area_km2": 0.0756,
        "mean_index": 0.6748,
        "max_index": 0.7274,
        "mean_slope_deg": 31.2,
        "max_slope_deg": 44.2,
        "min_dist_road_m": 872,
        "builtup_ha": 0.0,
        "cropland_ha": 0.09,
        "ntl_sum": 2.276,
        "exposure_score": 70.8,
        "lon": 88.499,
        "lat": 27.42976,
        "rank_area": 131,
        "rank_exposure": 195,
        "past_slides": 0
      },
      "geometry": {
        "type": "Point",
        "coordinates": [
          88.499,
          27.42976
        ]
      }
    },
    {
      "type": "Feature",
      "id": 132,
      "properties": {
        "area_ha": 7.56,
        "area_km2": 0.0756,
        "mean_index": 0.6851,
        "max_index": 0.7542,
        "mean_slope_deg": 32.1,
        "max_slope_deg": 46.4,
        "min_dist_road_m": 902,
        "builtup_ha": 0.0,
        "cropland_ha": 0.0,
        "ntl_sum": 4.297,
        "exposure_score": 61.2,
        "lon": 88.53647,
        "lat": 27.26756,
        "rank_area": 132,
        "rank_exposure": 335,
        "past_slides": 1
      },
      "geometry": {
        "type": "Point",
        "coordinates": [
          88.53647,
          27.26756
        ]
      }
    },
    {
      "type": "Feature",
      "id": 133,
      "properties": {
        "area_ha": 7.56,
        "area_km2": 0.0756,
        "mean_index": 0.675,
        "max_index": 0.7332,
        "mean_slope_deg": 30.4,
        "max_slope_deg": 42.7,
        "min_dist_road_m": 0,
        "builtup_ha": 0.09,
        "cropland_ha": 0.0,
        "ntl_sum": 2.511,
        "exposure_score": 86.0,
        "lon": 88.75636,
        "lat": 27.23491,
        "rank_area": 133,
        "rank_exposure": 77,
        "past_slides": 0
      },
      "geometry": {
        "type": "Point",
        "coordinates": [
          88.75636,
          27.23491
        ]
      }
    },
    {
      "type": "Feature",
      "id": 134,
      "properties": {
        "area_ha": 7.56,
        "area_km2": 0.0756,
        "mean_index": 0.6675,
        "max_index": 0.6951,
        "mean_slope_deg": 29.0,
        "max_slope_deg": 42.1,
        "min_dist_road_m": 830,
        "builtup_ha": 0.0,
        "cropland_ha": 0.0,
        "ntl_sum": 3.973,
        "exposure_score": 69.7,
        "lon": 88.52138,
        "lat": 27.2179,
        "rank_area": 134,
        "rank_exposure": 214,
        "past_slides": 0
      },
      "geometry": {
        "type": "Point",
        "coordinates": [
          88.52138,
          27.2179
        ]
      }
    },
    {
      "type": "Feature",
      "id": 135,
      "properties": {
        "area_ha": 7.47,
        "area_km2": 0.0747,
        "mean_index": 0.6788,
        "max_index": 0.7236,
        "mean_slope_deg": 32.1,
        "max_slope_deg": 42.6,
        "min_dist_road_m": 0,
        "builtup_ha": 0.18,
        "cropland_ha": 0.72,
        "ntl_sum": 1.829,
        "exposure_score": 82.9,
        "lon": 88.6186,
        "lat": 27.62311,
        "rank_area": 135,
        "rank_exposure": 89,
        "past_slides": 1
      },
      "geometry": {
        "type": "Point",
        "coordinates": [
          88.6186,
          27.62311
        ]
      }
    },
    {
      "type": "Feature",
      "id": 136,
      "properties": {
        "area_ha": 7.47,
        "area_km2": 0.0747,
        "mean_index": 0.6904,
        "max_index": 0.7583,
        "mean_slope_deg": 29.3,
        "max_slope_deg": 40.4,
        "min_dist_road_m": 871,
        "builtup_ha": 0.0,
        "cropland_ha": 0.0,
        "ntl_sum": 3.047,
        "exposure_score": 78.1,
        "lon": 88.31667,
        "lat": 27.29769,
        "rank_area": 136,
        "rank_exposure": 128,
        "past_slides": 0
      },
      "geometry": {
        "type": "Point",
        "coordinates": [
          88.31667,
          27.29769
        ]
      }
    },
    {
      "type": "Feature",
      "id": 137,
      "properties": {
        "area_ha": 7.38,
        "area_km2": 0.0738,
        "mean_index": 0.6668,
        "max_index": 0.7007,
        "mean_slope_deg": 30.2,
        "max_slope_deg": 41.5,
        "min_dist_road_m": 0,
        "builtup_ha": 0.72,
        "cropland_ha": 0.18,
        "ntl_sum": 4.711,
        "exposure_score": 90.9,
        "lon": 88.43894,
        "lat": 27.25248,
        "rank_area": 137,
        "rank_exposure": 51,
        "past_slides": 0
      },
      "geometry": {
        "type": "Point",
        "coordinates": [
          88.43894,
          27.25248
        ]
      }
    },
    {
      "type": "Feature",
      "id": 138,
      "properties": {
        "area_ha": 7.29,
        "area_km2": 0.0729,
        "mean_index": 0.6913,
        "max_index": 0.7709,
        "mean_slope_deg": 22.3,
        "max_slope_deg": 36.5,
        "min_dist_road_m": 0,
        "builtup_ha": 0.09,
        "cropland_ha": 0.0,
        "ntl_sum": 5.062,
        "exposure_score": 90.0,
        "lon": 88.64779,
        "lat": 27.3302,
        "rank_area": 138,
        "rank_exposure": 57,
        "past_slides": 2
      },
      "geometry": {
        "type": "Point",
        "coordinates": [
          88.64779,
          27.3302
        ]
      }
    },
    {
      "type": "Feature",
      "id": 139,
      "properties": {
        "area_ha": 7.2,
        "area_km2": 0.072,
        "mean_index": 0.6858,
        "max_index": 0.7623,
        "mean_slope_deg": 28.4,
        "max_slope_deg": 41.5,
        "min_dist_road_m": 1134,
        "builtup_ha": 0.0,
        "cropland_ha": 0.0,
        "ntl_sum": 1.856,
        "exposure_score": 62.1,
        "lon": 88.44501,
        "lat": 27.38443,
        "rank_area": 139,
        "rank_exposure": 321,
        "past_slides": 0
      },
      "geometry": {
        "type": "Point",
        "coordinates": [
          88.44501,
          27.38443
        ]
      }
    },
    {
      "type": "Feature",
      "id": 140,
      "properties": {
        "area_ha": 7.2,
        "area_km2": 0.072,
        "mean_index": 0.6727,
        "max_index": 0.7154,
        "mean_slope_deg": 28.3,
        "max_slope_deg": 40.9,
        "min_dist_road_m": 234,
        "builtup_ha": 0.0,
        "cropland_ha": 1.89,
        "ntl_sum": 4.269,
        "exposure_score": 78.9,
        "lon": 88.65313,
        "lat": 27.36249,
        "rank_area": 140,
        "rank_exposure": 118,
        "past_slides": 0
      },
      "geometry": {
        "type": "Point",
        "coordinates": [
          88.65313,
          27.36249
        ]
      }
    },
    {
      "type": "Feature",
      "id": 141,
      "properties": {
        "area_ha": 7.2,
        "area_km2": 0.072,
        "mean_index": 0.699,
        "max_index": 0.7685,
        "mean_slope_deg": 15.9,
        "max_slope_deg": 28.9,
        "min_dist_road_m": 0,
        "builtup_ha": 0.81,
        "cropland_ha": 0.81,
        "ntl_sum": 8.584,
        "exposure_score": 93.2,
        "lon": 88.36327,
        "lat": 27.30104,
        "rank_area": 141,
        "rank_exposure": 41,
        "past_slides": 0
      },
      "geometry": {
        "type": "Point",
        "coordinates": [
          88.36327,
          27.30104
        ]
      }
    },
    {
      "type": "Feature",
      "id": 142,
      "properties": {
        "area_ha": 7.2,
        "area_km2": 0.072,
        "mean_index": 0.6793,
        "max_index": 0.7371,
        "mean_slope_deg": 24.1,
        "max_slope_deg": 31.5,
        "min_dist_road_m": 612,
        "builtup_ha": 0.0,
        "cropland_ha": 0.27,
        "ntl_sum": 4.11,
        "exposure_score": 65.1,
        "lon": 88.57321,
        "lat": 27.28868,
        "rank_area": 142,
        "rank_exposure": 278,
        "past_slides": 0
      },
      "geometry": {
        "type": "Point",
        "coordinates": [
          88.57321,
          27.28868
        ]
      }
    },
    {
      "type": "Feature",
      "id": 143,
      "properties": {
        "area_ha": 7.2,
        "area_km2": 0.072,
        "mean_index": 0.6666,
        "max_index": 0.7103,
        "mean_slope_deg": 28.3,
        "max_slope_deg": 35.1,
        "min_dist_road_m": 234,
        "builtup_ha": 0.0,
        "cropland_ha": 0.0,
        "ntl_sum": 4.242,
        "exposure_score": 76.3,
        "lon": 88.46057,
        "lat": 27.218,
        "rank_area": 143,
        "rank_exposure": 146,
        "past_slides": 0
      },
      "geometry": {
        "type": "Point",
        "coordinates": [
          88.46057,
          27.218
        ]
      }
    },
    {
      "type": "Feature",
      "id": 144,
      "properties": {
        "area_ha": 7.11,
        "area_km2": 0.0711,
        "mean_index": 0.6662,
        "max_index": 0.7194,
        "mean_slope_deg": 23.6,
        "max_slope_deg": 32.9,
        "min_dist_road_m": 990,
        "builtup_ha": 0.0,
        "cropland_ha": 0.0,
        "ntl_sum": 1.95,
        "exposure_score": 72.3,
        "lon": 88.5054,
        "lat": 27.30567,
        "rank_area": 144,
        "rank_exposure": 184,
        "past_slides": 0
      },
      "geometry": {
        "type": "Point",
        "coordinates": [
          88.5054,
          27.30567
        ]
      }
    },
    {
      "type": "Feature",
      "id": 145,
      "properties": {
        "area_ha": 7.11,
        "area_km2": 0.0711,
        "mean_index": 0.6688,
        "max_index": 0.7001,
        "mean_slope_deg": 32.7,
        "max_slope_deg": 49.6,
        "min_dist_road_m": 0,
        "builtup_ha": 0.27,
        "cropland_ha": 0.0,
        "ntl_sum": 8.933,
        "exposure_score": 92.5,
        "lon": 88.56189,
        "lat": 27.26376,
        "rank_area": 145,
        "rank_exposure": 43,
        "past_slides": 1
      },
      "geometry": {
        "type": "Point",
        "coordinates": [
          88.56189,
          27.26376
        ]
      }
    },
    {
      "type": "Feature",
      "id": 146,
      "properties": {
        "area_ha": 7.11,
        "area_km2": 0.0711,
        "mean_index": 0.6774,
        "max_index": 0.7412,
        "mean_slope_deg": 34.7,
        "max_slope_deg": 48.6,
        "min_dist_road_m": 390,
        "builtup_ha": 0.0,
        "cropland_ha": 0.0,
        "ntl_sum": 4.884,
        "exposure_score": 75.8,
        "lon": 88.67344,
        "lat": 27.21264,
        "rank_area": 146,
        "rank_exposure": 149,
        "past_slides": 0
      },
      "geometry": {
        "type": "Point",
        "coordinates": [
          88.67344,
          27.21264
        ]
      }
    },
    {
      "type": "Feature",
      "id": 147,
      "properties": {
        "area_ha": 7.02,
        "area_km2": 0.0702,
        "mean_index": 0.6655,
        "max_index": 0.7061,
        "mean_slope_deg": 25.1,
        "max_slope_deg": 39.3,
        "min_dist_road_m": 0,
        "builtup_ha": 0.0,
        "cropland_ha": 0.0,
        "ntl_sum": 1.676,
        "exposure_score": 73.0,
        "lon": 88.55031,
        "lat": 27.36299,
        "rank_area": 147,
        "rank_exposure": 175,
        "past_slides": 0
      },
      "geometry": {
        "type": "Point",
        "coordinates": [
          88.55031,
          27.36299
        ]
      }
    },
    {
      "type": "Feature",
      "id": 148,
      "properties": {
        "area_ha": 7.02,
        "area_km2": 0.0702,
        "mean_index": 0.6694,
        "max_index": 0.732,
        "mean_slope_deg": 29.6,
        "max_slope_deg": 40.2,
        "min_dist_road_m": 390,
        "builtup_ha": 0.0,
        "cropland_ha": 0.0,
        "ntl_sum": 6.29,
        "exposure_score": 76.2,
        "lon": 88.50388,
        "lat": 27.20346,
        "rank_area": 148,
        "rank_exposure": 147,
        "past_slides": 0
      },
      "geometry": {
        "type": "Point",
        "coordinates": [
          88.50388,
          27.20346
        ]
      }
    },
    {
      "type": "Feature",
      "id": 149,
      "properties": {
        "area_ha": 6.93,
        "area_km2": 0.0693,
        "mean_index": 0.6583,
        "max_index": 0.6911,
        "mean_slope_deg": 32.0,
        "max_slope_deg": 50.9,
        "min_dist_road_m": 0,
        "builtup_ha": 0.0,
        "cropland_ha": 0.0,
        "ntl_sum": 3.836,
        "exposure_score": 82.9,
        "lon": 88.57971,
        "lat": 27.40856,
        "rank_area": 149,
        "rank_exposure": 90,
        "past_slides": 0
      },
      "geometry": {
        "type": "Point",
        "coordinates": [
          88.57971,
          27.40856
        ]
      }
    },
    {
      "type": "Feature",
      "id": 150,
      "properties": {
        "area_ha": 6.93,
        "area_km2": 0.0693,
        "mean_index": 0.6818,
        "max_index": 0.7396,
        "mean_slope_deg": 36.1,
        "max_slope_deg": 49.2,
        "min_dist_road_m": 589,
        "builtup_ha": 0.0,
        "cropland_ha": 0.0,
        "ntl_sum": 4.158,
        "exposure_score": 78.8,
        "lon": 88.27906,
        "lat": 27.32187,
        "rank_area": 150,
        "rank_exposure": 120,
        "past_slides": 0
      },
      "geometry": {
        "type": "Point",
        "coordinates": [
          88.27906,
          27.32187
        ]
      }
    },
    {
      "type": "Feature",
      "id": 151,
      "properties": {
        "area_ha": 6.84,
        "area_km2": 0.0684,
        "mean_index": 0.68,
        "max_index": 0.7635,
        "mean_slope_deg": 28.4,
        "max_slope_deg": 49.1,
        "min_dist_road_m": 210,
        "builtup_ha": 0.0,
        "cropland_ha": 0.0,
        "ntl_sum": 1.826,
        "exposure_score": 73.7,
        "lon": 88.51669,
        "lat": 27.50634,
        "rank_area": 151,
        "rank_exposure": 168,
        "past_slides": 0
      },
      "geometry": {
        "type": "Point",
        "coordinates": [
          88.51669,
          27.50634
        ]
      }
    },
    {
      "type": "Feature",
      "id": 152,
      "properties": {
        "area_ha": 6.84,
        "area_km2": 0.0684,
        "mean_index": 0.6796,
        "max_index": 0.7277,
        "mean_slope_deg": 42.1,
        "max_slope_deg": 60.4,
        "min_dist_road_m": 2092,
        "builtup_ha": 0.0,
        "cropland_ha": 0.36,
        "ntl_sum": 1.337,
        "exposure_score": 47.9,
        "lon": 88.28696,
        "lat": 27.37081,
        "rank_area": 152,
        "rank_exposure": 542,
        "past_slides": 0
      },
      "geometry": {
        "type": "Point",
        "coordinates": [
          88.28696,
          27.37081
        ]
      }
    },
    {
      "type": "Feature",
      "id": 153,
      "properties": {
        "area_ha": 6.84,
        "area_km2": 0.0684,
        "mean_index": 0.6794,
        "max_index": 0.7296,
        "mean_slope_deg": 29.0,
        "max_slope_deg": 44.8,
        "min_dist_road_m": 170,
        "builtup_ha": 0.0,
        "cropland_ha": 0.0,
        "ntl_sum": 1.789,
        "exposure_score": 79.4,
        "lon": 88.33605,
        "lat": 27.33881,
        "rank_area": 153,
        "rank_exposure": 114,
        "past_slides": 0
      },
      "geometry": {
        "type": "Point",
        "coordinates": [
          88.33605,
          27.33881
        ]
      }
    },
    {
      "type": "Feature",
      "id": 154,
      "properties": {
        "area_ha": 6.84,
        "area_km2": 0.0684,
        "mean_index": 0.6745,
        "max_index": 0.7348,
        "mean_slope_deg": 22.7,
        "max_slope_deg": 31.6,
        "min_dist_road_m": 0,
        "builtup_ha": 0.09,
        "cropland_ha": 0.09,
        "ntl_sum": 3.141,
        "exposure_score": 87.1,
        "lon": 88.25582,
        "lat": 27.31883,
        "rank_area": 154,
        "rank_exposure": 69,
        "past_slides": 0
      },
      "geometry": {
        "type": "Point",
        "coordinates": [
          88.25582,
          27.31883
        ]
      }
    },
    {
      "type": "Feature",
      "id": 155,
      "properties": {
        "area_ha": 6.84,
        "area_km2": 0.0684,
        "mean_index": 0.6667,
        "max_index": 0.7094,
        "mean_slope_deg": 35.5,
        "max_slope_deg": 51.1,
        "min_dist_road_m": 1917,
        "builtup_ha": 0.0,
        "cropland_ha": 0.0,
        "ntl_sum": 2.306,
        "exposure_score": 64.8,
        "lon": 88.3312,
        "lat": 27.30405,
        "rank_area": 155,
        "rank_exposure": 283,
        "past_slides": 0
      },
      "geometry": {
        "type": "Point",
        "coordinates": [
          88.3312,
          27.30405
        ]
      }
    },
    {
      "type": "Feature",
      "id": 156,
      "properties": {
        "area_ha": 6.84,
        "area_km2": 0.0684,
        "mean_index": 0.6725,
        "max_index": 0.7211,
        "mean_slope_deg": 29.0,
        "max_slope_deg": 37.9,
        "min_dist_road_m": 1698,
        "builtup_ha": 0.0,
        "cropland_ha": 0.09,
        "ntl_sum": 1.982,
        "exposure_score": 45.6,
        "lon": 88.08111,
        "lat": 27.26572,
        "rank_area": 156,
        "rank_exposure": 580,
        "past_slides": 0
      },
      "geometry": {
        "type": "Point",
        "coordinates": [
          88.08111,
          27.26572
        ]
      }
    },
    {
      "type": "Feature",
      "id": 157,
      "properties": {
        "area_ha": 6.84,
        "area_km2": 0.0684,
        "mean_index": 0.6754,
        "max_index": 0.7318,
        "mean_slope_deg": 25.5,
        "max_slope_deg": 39.5,
        "min_dist_road_m": 837,
        "builtup_ha": 0.0,
        "cropland_ha": 0.0,
        "ntl_sum": 2.237,
        "exposure_score": 56.3,
        "lon": 88.12131,
        "lat": 27.24672,
        "rank_area": 157,
        "rank_exposure": 405,
        "past_slides": 0
      },
      "geometry": {
        "type": "Point",
        "coordinates": [
          88.12131,
          27.24672
        ]
      }
    },
    {
      "type": "Feature",
      "id": 158,
      "properties": {
        "area_ha": 6.66,
        "area_km2": 0.0666,
        "mean_index": 0.6805,
        "max_index": 0.749,
        "mean_slope_deg": 33.4,
        "max_slope_deg": 41.7,
        "min_dist_road_m": 0,
        "builtup_ha": 0.9,
        "cropland_ha": 0.18,
        "ntl_sum": 27.187,
        "exposure_score": 95.3,
        "lon": 88.60649,
        "lat": 27.33095,
        "rank_area": 158,
        "rank_exposure": 32,
        "past_slides": 0
      },
      "geometry": {
        "type": "Point",
        "coordinates": [
          88.60649,
          27.33095
        ]
      }
    },
    {
      "type": "Feature",
      "id": 159,
      "properties": {
        "area_ha": 6.66,
        "area_km2": 0.0666,
        "mean_index": 0.6841,
        "max_index": 0.7422,
        "mean_slope_deg": 32.5,
        "max_slope_deg": 48.6,
        "min_dist_road_m": 983,
        "builtup_ha": 0.0,
        "cropland_ha": 0.0,
        "ntl_sum": 3.372,
        "exposure_score": 76.9,
        "lon": 88.34975,
        "lat": 27.30631,
        "rank_area": 159,
        "rank_exposure": 140,
        "past_slides": 0
      },
      "geometry": {
        "type": "Point",
        "coordinates": [
          88.34975,
          27.30631
        ]
      }
    },
    {
      "type": "Feature",
      "id": 160,
      "properties": {
        "area_ha": 6.57,
        "area_km2": 0.0657,
        "mean_index": 0.699,
        "max_index": 0.7426,
        "mean_slope_deg": 26.5,
        "max_slope_deg": 41.4,
        "min_dist_road_m": 0,
        "builtup_ha": 0.18,
        "cropland_ha": 0.0,
        "ntl_sum": 4.92,
        "exposure_score": 89.7,
        "lon": 88.58358,
        "lat": 27.34055,
        "rank_area": 160,
        "rank_exposure": 59,
        "past_slides": 0
      },
      "geometry": {
        "type": "Point",
        "coordinates": [
          88.58358,
          27.34055
        ]
      }
    },
    {
      "type": "Feature",
      "id": 161,
      "properties": {
        "area_ha": 6.57,
        "area_km2": 0.0657,
        "mean_index": 0.6913,
        "max_index": 0.7552,
        "mean_slope_deg": 18.5,
        "max_slope_deg": 29.3,
        "min_dist_road_m": 0,
        "builtup_ha": 3.69,
        "cropland_ha": 0.81,
        "ntl_sum": 20.164,
        "exposure_score": 95.5,
        "lon": 88.62387,
        "lat": 27.33779,
        "rank_area": 161,
        "rank_exposure": 30,
        "past_slides": 1
      },
      "geometry": {
        "type": "Point",
        "coordinates": [
          88.62387,
          27.33779
        ]
      }
    },
    {
      "type": "Feature",
      "id": 162,
      "properties": {
        "area_ha": 6.57,
        "area_km2": 0.0657,
        "mean_index": 0.6742,
        "max_index": 0.7285,
        "mean_slope_deg": 35.0,
        "max_slope_deg": 44.3,
        "min_dist_road_m": 630,
        "builtup_ha": 0.0,
        "cropland_ha": 0.0,
        "ntl_sum": 1.977,
        "exposure_score": 73.1,
        "lon": 88.20519,
        "lat": 27.32497,
        "rank_area": 162,
        "rank_exposure": 173,
        "past_slides": 0
      },
      "geometry": {
        "type": "Point",
        "coordinates": [
          88.20519,
          27.32497
        ]
      }
    },
    {
      "type": "Feature",
      "id": 163,
      "properties": {
        "area_ha": 6.57,
        "area_km2": 0.0657,
        "mean_index": 0.6716,
        "max_index": 0.7064,
        "mean_slope_deg": 24.1,
        "max_slope_deg": 36.6,
        "min_dist_road_m": 0,
        "builtup_ha": 0.09,
        "cropland_ha": 0.36,
        "ntl_sum": 3.929,
        "exposure_score": 88.0,
        "lon": 88.41893,
        "lat": 27.23576,
        "rank_area": 163,
        "rank_exposure": 65,
        "past_slides": 0
      },
      "geometry": {
        "type": "Point",
        "coordinates": [
          88.41893,
          27.23576
        ]
      }
    },
    {
      "type": "Feature",
      "id": 164,
      "properties": {
        "area_ha": 6.48,
        "area_km2": 0.0648,
        "mean_index": 0.6716,
        "max_index": 0.7512,
        "mean_slope_deg": 40.9,
        "max_slope_deg": 56.0,
        "min_dist_road_m": 949,
        "builtup_ha": 0.0,
        "cropland_ha": 0.0,
        "ntl_sum": 2.476,
        "exposure_score": 54.7,
        "lon": 88.409,
        "lat": 27.26863,
        "rank_area": 164,
        "rank_exposure": 430,
        "past_slides": 0
      },
      "geometry": {
        "type": "Point",
        "coordinates": [
          88.409,
          27.26863
        ]
      }
    },
    {
      "type": "Feature",
      "id": 165,
      "properties": {
        "area_ha": 6.39,
        "area_km2": 0.0639,
        "mean_index": 0.6796,
        "max_index": 0.7288,
        "mean_slope_deg": 14.8,
        "max_slope_deg": 31.7,
        "min_dist_road_m": 0,
        "builtup_ha": 1.44,
        "cropland_ha": 3.69,
        "ntl_sum": 1.896,
        "exposure_score": 84.9,
        "lon": 88.82331,
        "lat": 27.37188,
        "rank_area": 165,
        "rank_exposure": 80,
        "past_slides": 0
      },
      "geometry": {
        "type": "Point",
        "coordinates": [
          88.82331,
          27.37188
        ]
      }
    },
    {
      "type": "Feature",
      "id": 166,
      "properties": {
        "area_ha": 6.39,
        "area_km2": 0.0639,
        "mean_index": 0.7104,
        "max_index": 0.7901,
        "mean_slope_deg": 20.0,
        "max_slope_deg": 30.8,
        "min_dist_road_m": 0,
        "builtup_ha": 0.81,
        "cropland_ha": 5.49,
        "ntl_sum": 1.429,
        "exposure_score": 80.5,
        "lon": 88.839,
        "lat": 27.33796,
        "rank_area": 166,
        "rank_exposure": 105,
        "past_slides": 0
      },
      "geometry": {
        "type": "Point",
        "coordinates": [
          88.839,
          27.33796
        ]
      }
    },
    {
      "type": "Feature",
      "id": 167,
      "properties": {
        "area_ha": 6.39,
        "area_km2": 0.0639,
        "mean_index": 0.6768,
        "max_index": 0.7396,
        "mean_slope_deg": 38.4,
        "max_slope_deg": 51.6,
        "min_dist_road_m": 192,
        "builtup_ha": 0.0,
        "cropland_ha": 0.0,
        "ntl_sum": 3.893,
        "exposure_score": 75.4,
        "lon": 88.69906,
        "lat": 27.20854,
        "rank_area": 167,
        "rank_exposure": 152,
        "past_slides": 0
      },
      "geometry": {
        "type": "Point",
        "coordinates": [
          88.69906,
          27.20854
        ]
      }
    },
    {
      "type": "Feature",
      "id": 168,
      "properties": {
        "area_ha": 6.21,
        "area_km2": 0.0621,
        "mean_index": 0.6744,
        "max_index": 0.7363,
        "mean_slope_deg": 34.6,
        "max_slope_deg": 53.2,
        "min_dist_road_m": 170,
        "builtup_ha": 0.0,
        "cropland_ha": 0.0,
        "ntl_sum": 6.764,
        "exposure_score": 73.1,
        "lon": 88.5821,
        "lat": 27.27964,
        "rank_area": 168,
        "rank_exposure": 174,
        "past_slides": 0
      },
      "geometry": {
        "type": "Point",
        "coordinates": [
          88.5821,
          27.27964
        ]
      }
    },
    {
      "type": "Feature",
      "id": 169,
      "properties": {
        "area_ha": 6.12,
        "area_km2": 0.0612,
        "mean_index": 0.6606,
        "max_index": 0.6948,
        "mean_slope_deg": 27.8,
        "max_slope_deg": 34.3,
        "min_dist_road_m": 993,
        "builtup_ha": 0.0,
        "cropland_ha": 0.0,
        "ntl_sum": 1.788,
        "exposure_score": 63.1,
        "lon": 88.45552,
        "lat": 27.36374,
        "rank_area": 169,
        "rank_exposure": 305,
        "past_slides": 0
      },
      "geometry": {
        "type": "Point",
        "coordinates": [
          88.45552,
          27.36374
        ]
      }
    },
    {
      "type": "Feature",
      "id": 170,
      "properties": {
        "area_ha": 6.12,
        "area_km2": 0.0612,
        "mean_index": 0.7025,
        "max_index": 0.7768,
        "mean_slope_deg": 25.8,
        "max_slope_deg": 37.4,
        "min_dist_road_m": 0,
        "builtup_ha": 0.0,
        "cropland_ha": 0.0,
        "ntl_sum": 6.096,
        "exposure_score": 72.2,
        "lon": 88.41911,
        "lat": 27.29154,
        "rank_area": 170,
        "rank_exposure": 186,
        "past_slides": 0
      },
      "geometry": {
        "type": "Point",
        "coordinates": [
          88.41911,
          27.29154
        ]
      }
    },
    {
      "type": "Feature",
      "id": 171,
      "properties": {
        "area_ha": 6.12,
        "area_km2": 0.0612,
        "mean_index": 0.6781,
        "max_index": 0.7364,
        "mean_slope_deg": 33.1,
        "max_slope_deg": 45.5,
        "min_dist_road_m": 335,
        "builtup_ha": 0.0,
        "cropland_ha": 0.0,
        "ntl_sum": 3.668,
        "exposure_score": 74.1,
        "lon": 88.69645,
        "lat": 27.21291,
        "rank_area": 171,
        "rank_exposure": 163,
        "past_slides": 0
      },
      "geometry": {
        "type": "Point",
        "coordinates": [
          88.69645,
          27.21291
        ]
      }
    },
    {
      "type": "Feature",
      "id": 172,
      "properties": {
        "area_ha": 6.03,
        "area_km2": 0.0603,
        "mean_index": 0.6705,
        "max_index": 0.7474,
        "mean_slope_deg": 27.6,
        "max_slope_deg": 36.4,
        "min_dist_road_m": 972,
        "builtup_ha": 0.0,
        "cropland_ha": 0.09,
        "ntl_sum": 2.069,
        "exposure_score": 52.5,
        "lon": 88.08702,
        "lat": 27.26229,
        "rank_area": 172,
        "rank_exposure": 461,
        "past_slides": 0
      },
      "geometry": {
        "type": "Point",
        "coordinates": [
          88.08702,
          27.26229
        ]
      }
    },
    {
      "type": "Feature",
      "id": 173,
      "properties": {
        "area_ha": 6.03,
        "area_km2": 0.0603,
        "mean_index": 0.6559,
        "max_index": 0.6771,
        "mean_slope_deg": 36.1,
        "max_slope_deg": 47.7,
        "min_dist_road_m": 1549,
        "builtup_ha": 0.0,
        "cropland_ha": 0.0,
        "ntl_sum": 2.901,
        "exposure_score": 57.3,
        "lon": 88.26438,
        "lat": 27.15803,
        "rank_area": 173,
        "rank_exposure": 392,
        "past_slides": 0
      },
      "geometry": {
        "type": "Point",
        "coordinates": [
          88.26438,
          27.15803
        ]
      }
    },
    {
      "type": "Feature",
      "id": 174,
      "properties": {
        "area_ha": 5.94,
        "area_km2": 0.0594,
        "mean_index": 0.6688,
        "max_index": 0.7371,
        "mean_slope_deg": 33.2,
        "max_slope_deg": 44.2,
        "min_dist_road_m": 0,
        "builtup_ha": 0.09,
        "cropland_ha": 0.27,
        "ntl_sum": 4.716,
        "exposure_score": 88.9,
        "lon": 88.44127,
        "lat": 27.24474,
        "rank_area": 174,
        "rank_exposure": 62,
        "past_slides": 0
      },
      "geometry": {
        "type": "Point",
        "coordinates": [
          88.44127,
          27.24474
        ]
      }
    },
    {
      "type": "Feature",
      "id": 175,
      "properties": {
        "area_ha": 5.85,
        "area_km2": 0.0585,
        "mean_index": 0.6781,
        "max_index": 0.7458,
        "mean_slope_deg": 33.1,
        "max_slope_deg": 47.5,
        "min_dist_road_m": 190,
        "builtup_ha": 0.0,
        "cropland_ha": 0.0,
        "ntl_sum": 10.539,
        "exposure_score": 74.7,
        "lon": 88.50341,
        "lat": 27.1753,
        "rank_area": 175,
        "rank_exposure": 155,
        "past_slides": 0
      },
      "geometry": {
        "type": "Point",
        "coordinates": [
          88.50341,
          27.1753
        ]
      }
    },
    {
      "type": "Feature",
      "id": 176,
      "properties": {
        "area_ha": 5.76,
        "area_km2": 0.0576,
        "mean_index": 0.6819,
        "max_index": 0.7509,
        "mean_slope_deg": 33.5,
        "max_slope_deg": 43.6,
        "min_dist_road_m": 0,
        "builtup_ha": 0.0,
        "cropland_ha": 0.81,
        "ntl_sum": 1.033,
        "exposure_score": 66.5,
        "lon": 88.56989,
        "lat": 27.69773,
        "rank_area": 176,
        "rank_exposure": 259,
        "past_slides": 1
      },
      "geometry": {
        "type": "Point",
        "coordinates": [
          88.56989,
          27.69773
        ]
      }
    },
    {
      "type": "Feature",
      "id": 177,
      "properties": {
        "area_ha": 5.76,
        "area_km2": 0.0576,
        "mean_index": 0.6993,
        "max_index": 0.7517,
        "mean_slope_deg": 25.7,
        "max_slope_deg": 31.2,
        "min_dist_road_m": 0,
        "builtup_ha": 0.0,
        "cropland_ha": 0.09,
        "ntl_sum": 6.132,
        "exposure_score": 88.0,
        "lon": 88.58269,
        "lat": 27.33501,
        "rank_area": 177,
        "rank_exposure": 66,
        "past_slides": 0
      },
      "geometry": {
        "type": "Point",
        "coordinates": [
          88.58269,
          27.33501
        ]
      }
    },
    {
      "type": "Feature",
      "id": 178,
      "properties": {
        "area_ha": 5.76,
        "area_km2": 0.0576,
        "mean_index": 0.6651,
        "max_index": 0.712,
        "mean_slope_deg": 27.4,
        "max_slope_deg": 37.3,
        "min_dist_road_m": 0,
        "builtup_ha": 0.0,
        "cropland_ha": 1.35,
        "ntl_sum": 1.377,
        "exposure_score": 75.0,
        "lon": 88.82891,
        "lat": 27.31454,
        "rank_area": 178,
        "rank_exposure": 153,
        "past_slides": 0
      },
      "geometry": {
        "type": "Point",
        "coordinates": [
          88.82891,
          27.31454
        ]
      }
    },
    {
      "type": "Feature",
      "id": 179,
      "properties": {
        "area_ha": 5.76,
        "area_km2": 0.0576,
        "mean_index": 0.6688,
        "max_index": 0.7131,
        "mean_slope_deg": 31.4,
        "max_slope_deg": 41.3,
        "min_dist_road_m": 631,
        "builtup_ha": 0.0,
        "cropland_ha": 0.0,
        "ntl_sum": 6.171,
        "exposure_score": 70.8,
        "lon": 88.2808,
        "lat": 27.16289,
        "rank_area": 179,
        "rank_exposure": 196,
        "past_slides": 0
      },
      "geometry": {
        "type": "Point",
        "coordinates": [
          88.2808,
          27.16289
        ]
      }
    },
    {
      "type": "Feature",
      "id": 180,
      "properties": {
        "area_ha": 5.67,
        "area_km2": 0.0567,
        "mean_index": 0.7017,
        "max_index": 0.7631,
        "mean_slope_deg": 38.9,
        "max_slope_deg": 49.2,
        "min_dist_road_m": 1905,
        "builtup_ha": 0.0,
        "cropland_ha": 0.0,
        "ntl_sum": 2.509,
        "exposure_score": 58.5,
        "lon": 88.55196,
        "lat": 27.5379,
        "rank_area": 180,
        "rank_exposure": 374,
        "past_slides": 0
      },
      "geometry": {
        "type": "Point",
        "coordinates": [
          88.55196,
          27.5379
        ]
      }
    },
    {
      "type": "Feature",
      "id": 181,
      "properties": {
        "area_ha": 5.67,
        "area_km2": 0.0567,
        "mean_index": 0.6746,
        "max_index": 0.7165,
        "mean_slope_deg": 35.5,
        "max_slope_deg": 48.3,
        "min_dist_road_m": 870,
        "builtup_ha": 0.0,
        "cropland_ha": 0.0,
        "ntl_sum": 1.488,
        "exposure_score": 60.8,
        "lon": 88.68084,
        "lat": 27.36405,
        "rank_area": 181,
        "rank_exposure": 340,
        "past_slides": 0
      },
      "geometry": {
        "type": "Point",
        "coordinates": [
          88.68084,
          27.36405
        ]
      }
    },
    {
      "type": "Feature",
      "id": 182,
      "properties": {
        "area_ha": 5.67,
        "area_km2": 0.0567,
        "mean_index": 0.6586,
        "max_index": 0.6973,
        "mean_slope_deg": 30.3,
        "max_slope_deg": 38.4,
        "min_dist_road_m": 0,
        "builtup_ha": 0.0,
        "cropland_ha": 0.0,
        "ntl_sum": 3.173,
        "exposure_score": 84.1,
        "lon": 88.43227,
        "lat": 27.30224,
        "rank_area": 182,
        "rank_exposure": 85,
        "past_slides": 1
      },
      "geometry": {
        "type": "Point",
        "coordinates": [
          88.43227,
          27.30224
        ]
      }
    },
    {
      "type": "Feature",
      "id": 183,
      "properties": {
        "area_ha": 5.67,
        "area_km2": 0.0567,
        "mean_index": 0.6794,
        "max_index": 0.7371,
        "mean_slope_deg": 30.9,
        "max_slope_deg": 41.6,
        "min_dist_road_m": 1008,
        "builtup_ha": 0.0,
        "cropland_ha": 0.0,
        "ntl_sum": 1.117,
        "exposure_score": 48.2,
        "lon": 88.11947,
        "lat": 27.28776,
        "rank_area": 183,
        "rank_exposure": 536,
        "past_slides": 0
      },
      "geometry": {
        "type": "Point",
        "coordinates": [
          88.11947,
          27.28776
        ]
      }
    },
    {
      "type": "Feature",
      "id": 184,
      "properties": {
        "area_ha": 5.58,
        "area_km2": 0.0558,
        "mean_index": 0.6715,
        "max_index": 0.7373,
        "mean_slope_deg": 35.3,
        "max_slope_deg": 56.7,
        "min_dist_road_m": 968,
        "builtup_ha": 0.0,
        "cropland_ha": 0.0,
        "ntl_sum": 2.237,
        "exposure_score": 53.6,
        "lon": 88.41887,
        "lat": 27.26812,
        "rank_area": 184,
        "rank_exposure": 443,
        "past_slides": 0
      },
      "geometry": {
        "type": "Point",
        "coordinates": [
          88.41887,
          27.26812
        ]
      }
    },
    {
      "type": "Feature",
      "id": 185,
      "properties": {
        "area_ha": 5.58,
        "area_km2": 0.0558,
        "mean_index": 0.6549,
        "max_index": 0.7049,
        "mean_slope_deg": 32.8,
        "max_slope_deg": 42.5,
        "min_dist_road_m": 0,
        "builtup_ha": 0.0,
        "cropland_ha": 0.81,
        "ntl_sum": 2.023,
        "exposure_score": 63.1,
        "lon": 88.77347,
        "lat": 27.24715,
        "rank_area": 185,
        "rank_exposure": 306,
        "past_slides": 0
      },
      "geometry": {
        "type": "Point",
        "coordinates": [
          88.77347,
          27.24715
        ]
      }
    },
    {
      "type": "Feature",
      "id": 186,
      "properties": {
        "area_ha": 5.58,
        "area_km2": 0.0558,
        "mean_index": 0.6592,
        "max_index": 0.6967,
        "mean_slope_deg": 38.6,
        "max_slope_deg": 53.5,
        "min_dist_road_m": 2201,
        "builtup_ha": 0.0,
        "cropland_ha": 1.44,
        "ntl_sum": 2.569,
        "exposure_score": 49.0,
        "lon": 88.27004,
        "lat": 27.17951,
        "rank_area": 186,
        "rank_exposure": 521,
        "past_slides": 0
      },
      "geometry": {
        "type": "Point",
        "coordinates": [
          88.27004,
          27.17951
        ]
      }
    },
    {
      "type": "Feature",
      "id": 187,
      "properties": {
        "area_ha": 5.49,
        "area_km2": 0.0549,
        "mean_index": 0.6812,
        "max_index": 0.7336,
        "mean_slope_deg": 33.7,
        "max_slope_deg": 49.0,
        "min_dist_road_m": 268,
        "builtup_ha": 0.0,
        "cropland_ha": 0.0,
        "ntl_sum": 4.693,
        "exposure_score": 74.6,
        "lon": 88.50938,
        "lat": 27.22832,
        "rank_area": 187,
        "rank_exposure": 157,
        "past_slides": 0
      },
      "geometry": {
        "type": "Point",
        "coordinates": [
          88.50938,
          27.22832
        ]
      }
    },
    {
      "type": "Feature",
      "id": 188,
      "properties": {
        "area_ha": 5.4,
        "area_km2": 0.054,
        "mean_index": 0.6671,
        "max_index": 0.7063,
        "mean_slope_deg": 38.3,
        "max_slope_deg": 52.6,
        "min_dist_road_m": 255,
        "builtup_ha": 0.0,
        "cropland_ha": 0.0,
        "ntl_sum": 2.107,
        "exposure_score": 76.7,
        "lon": 88.51144,
        "lat": 27.40972,
        "rank_area": 188,
        "rank_exposure": 142,
        "past_slides": 0
      },
      "geometry": {
        "type": "Point",
        "coordinates": [
          88.51144,
          27.40972
        ]
      }
    },
    {
      "type": "Feature",
      "id": 189,
      "properties": {
        "area_ha": 5.4,
        "area_km2": 0.054,
        "mean_index": 0.6779,
        "max_index": 0.7438,
        "mean_slope_deg": 32.0,
        "max_slope_deg": 47.1,
        "min_dist_road_m": 997,
        "builtup_ha": 0.0,
        "cropland_ha": 0.0,
        "ntl_sum": 1.135,
        "exposure_score": 56.7,
        "lon": 88.18104,
        "lat": 27.3513,
        "rank_area": 189,
        "rank_exposure": 403,
        "past_slides": 0
      },
      "geometry": {
        "type": "Point",
        "coordinates": [
          88.18104,
          27.3513
        ]
      }
    },
    {
      "type": "Feature",
      "id": 190,
      "properties": {
        "area_ha": 5.4,
        "area_km2": 0.054,
        "mean_index": 0.664,
        "max_index": 0.708,
        "mean_slope_deg": 33.6,
        "max_slope_deg": 41.2,
        "min_dist_road_m": 0,
        "builtup_ha": 1.35,
        "cropland_ha": 1.35,
        "ntl_sum": 1.502,
        "exposure_score": 81.3,
        "lon": 88.78686,
        "lat": 27.26472,
        "rank_area": 190,
        "rank_exposure": 101,
        "past_slides": 1
      },
      "geometry": {
        "type": "Point",
        "coordinates": [
          88.78686,
          27.26472
        ]
      }
    },
    {
      "type": "Feature",
      "id": 191,
      "properties": {
        "area_ha": 5.4,
        "area_km2": 0.054,
        "mean_index": 0.6946,
        "max_index": 0.746,
        "mean_slope_deg": 26.6,
        "max_slope_deg": 36.4,
        "min_dist_road_m": 1084,
        "builtup_ha": 0.0,
        "cropland_ha": 0.0,
        "ntl_sum": 1.635,
        "exposure_score": 48.6,
        "lon": 88.63716,
        "lat": 27.26262,
        "rank_area": 191,
        "rank_exposure": 527,
        "past_slides": 0
      },
      "geometry": {
        "type": "Point",
        "coordinates": [
          88.63716,
          27.26262
        ]
      }
    },
    {
      "type": "Feature",
      "id": 192,
      "properties": {
        "area_ha": 5.4,
        "area_km2": 0.054,
        "mean_index": 0.6633,
        "max_index": 0.7074,
        "mean_slope_deg": 23.0,
        "max_slope_deg": 36.6,
        "min_dist_road_m": 190,
        "builtup_ha": 0.0,
        "cropland_ha": 0.0,
        "ntl_sum": 10.805,
        "exposure_score": 79.2,
        "lon": 88.52694,
        "lat": 27.20105,
        "rank_area": 192,
        "rank_exposure": 117,
        "past_slides": 0
      },
      "geometry": {
        "type": "Point",
        "coordinates": [
          88.52694,
          27.20105
        ]
      }
    },
    {
      "type": "Feature",
      "id": 193,
      "properties": {
        "area_ha": 5.4,
        "area_km2": 0.054,
        "mean_index": 0.6743,
        "max_index": 0.7203,
        "mean_slope_deg": 23.6,
        "max_slope_deg": 34.6,
        "min_dist_road_m": 170,
        "builtup_ha": 0.0,
        "cropland_ha": 0.36,
        "ntl_sum": 2.381,
        "exposure_score": 69.3,
        "lon": 88.19325,
        "lat": 27.14118,
        "rank_area": 193,
        "rank_exposure": 222,
        "past_slides": 0
      },
      "geometry": {
        "type": "Point",
        "coordinates": [
          88.19325,
          27.14118
        ]
      }
    },
    {
      "type": "Feature",
      "id": 194,
      "properties": {
        "area_ha": 5.31,
        "area_km2": 0.0531,
        "mean_index": 0.6796,
        "max_index": 0.7231,
        "mean_slope_deg": 32.5,
        "max_slope_deg": 42.9,
        "min_dist_road_m": 960,
        "builtup_ha": 0.0,
        "cropland_ha": 0.0,
        "ntl_sum": 2.259,
        "exposure_score": 69.1,
        "lon": 88.52838,
        "lat": 27.39275,
        "rank_area": 194,
        "rank_exposure": 227,
        "past_slides": 0
      },
      "geometry": {
        "type": "Point",
        "coordinates": [
          88.52838,
          27.39275
        ]
      }
    },
    {
      "type": "Feature",
      "id": 195,
      "properties": {
        "area_ha": 5.31,
        "area_km2": 0.0531,
        "mean_index": 0.672,
        "max_index": 0.719,
        "mean_slope_deg": 33.6,
        "max_slope_deg": 52.1,
        "min_dist_road_m": 1052,
        "builtup_ha": 0.0,
        "cropland_ha": 0.0,
        "ntl_sum": 1.483,
        "exposure_score": 65.2,
        "lon": 88.54317,
        "lat": 27.31257,
        "rank_area": 195,
        "rank_exposure": 274,
        "past_slides": 0
      },
      "geometry": {
        "type": "Point",
        "coordinates": [
          88.54317,
          27.31257
        ]
      }
    },
    {
      "type": "Feature",
      "id": 196,
      "properties": {
        "area_ha": 5.22,
        "area_km2": 0.0522,
        "mean_index": 0.673,
        "max_index": 0.7314,
        "mean_slope_deg": 33.9,
        "max_slope_deg": 45.8,
        "min_dist_road_m": 3373,
        "builtup_ha": 0.0,
        "cropland_ha": 0.0,
        "ntl_sum": 1.643,
        "exposure_score": 52.6,
        "lon": 88.55134,
        "lat": 27.55036,
        "rank_area": 196,
        "rank_exposure": 458,
        "past_slides": 0
      },
      "geometry": {
        "type": "Point",
        "coordinates": [
          88.55134,
          27.55036
        ]
      }
    },
    {
      "type": "Feature",
      "id": 197,
      "properties": {
        "area_ha": 5.22,
        "area_km2": 0.0522,
        "mean_index": 0.6696,
        "max_index": 0.6989,
        "mean_slope_deg": 25.0,
        "max_slope_deg": 32.0,
        "min_dist_road_m": 0,
        "builtup_ha": 0.54,
        "cropland_ha": 0.45,
        "ntl_sum": 2.046,
        "exposure_score": 84.5,
        "lon": 88.77511,
        "lat": 27.37697,
        "rank_area": 197,
        "rank_exposure": 83,
        "past_slides": 0
      },
      "geometry": {
        "type": "Point",
        "coordinates": [
          88.77511,
          27.37697
        ]
      }
    },
    {
      "type": "Feature",
      "id": 198,
      "properties": {
        "area_ha": 5.22,
        "area_km2": 0.0522,
        "mean_index": 0.674,
        "max_index": 0.7328,
        "mean_slope_deg": 37.9,
        "max_slope_deg": 49.7,
        "min_dist_road_m": 319,
        "builtup_ha": 0.0,
        "cropland_ha": 0.09,
        "ntl_sum": 1.078,
        "exposure_score": 63.7,
        "lon": 88.19601,
        "lat": 27.36269,
        "rank_area": 198,
        "rank_exposure": 299,
        "past_slides": 0
      },
      "geometry": {
        "type": "Point",
        "coordinates": [
          88.19601,
          27.36269
        ]
      }
    },
    {
      "type": "Feature",
      "id": 199,
      "properties": {
        "area_ha": 5.22,
        "area_km2": 0.0522,
        "mean_index": 0.6711,
        "max_index": 0.7168,
        "mean_slope_deg": 31.6,
        "max_slope_deg": 44.4,
        "min_dist_road_m": 1758,
        "builtup_ha": 0.0,
        "cropland_ha": 0.0,
        "ntl_sum": 2.93,
        "exposure_score": 54.3,
        "lon": 88.27268,
        "lat": 27.16892,
        "rank_area": 199,
        "rank_exposure": 434,
        "past_slides": 0
      },
      "geometry": {
        "type": "Point",
        "coordinates": [
          88.27268,
          27.16892
        ]
      }
    },
    {
      "type": "Feature",
      "id": 200,
      "properties": {
        "area_ha": 5.13,
        "area_km2": 0.0513,
        "mean_index": 0.6746,
        "max_index": 0.7125,
        "mean_slope_deg": 32.6,
        "max_slope_deg": 41.2,
        "min_dist_road_m": 2579,
        "builtup_ha": 0.0,
        "cropland_ha": 0.0,
        "ntl_sum": 1.035,
        "exposure_score": 43.9,
        "lon": 88.308,
        "lat": 27.36629,
        "rank_area": 200,
        "rank_exposure": 608,
        "past_slides": 0
      },
      "geometry": {
        "type": "Point",
        "coordinates": [
          88.308,
          27.36629
        ]
      }
    },
    {
      "type": "Feature",
      "id": 201,
      "properties": {
        "area_ha": 5.13,
        "area_km2": 0.0513,
        "mean_index": 0.6653,
        "max_index": 0.7027,
        "mean_slope_deg": 33.9,
        "max_slope_deg": 40.3,
        "min_dist_road_m": 255,
        "builtup_ha": 0.0,
        "cropland_ha": 0.0,
        "ntl_sum": 1.514,
        "exposure_score": 69.3,
        "lon": 88.20911,
        "lat": 27.35364,
        "rank_area": 201,
        "rank_exposure": 223,
        "past_slides": 0
      },
      "geometry": {
        "type": "Point",
        "coordinates": [
          88.20911,
          27.35364
        ]
      }
    },
    {
      "type": "Feature",
      "id": 202,
      "properties": {
        "area_ha": 5.13,
        "area_km2": 0.0513,
        "mean_index": 0.6789,
        "max_index": 0.7284,
        "mean_slope_deg": 28.3,
        "max_slope_deg": 35.9,
        "min_dist_road_m": 242,
        "builtup_ha": 0.0,
        "cropland_ha": 0.09,
        "ntl_sum": 2.058,
        "exposure_score": 78.9,
        "lon": 88.41316,
        "lat": 27.31408,
        "rank_area": 202,
        "rank_exposure": 119,
        "past_slides": 0
      },
      "geometry": {
        "type": "Point",
        "coordinates": [
          88.41316,
          27.31408
        ]
      }
    },
    {
      "type": "Feature",
      "id": 203,
      "properties": {
        "area_ha": 5.04,
        "area_km2": 0.0504,
        "mean_index": 0.689,
        "max_index": 0.7437,
        "mean_slope_deg": 38.6,
        "max_slope_deg": 52.3,
        "min_dist_road_m": 120,
        "builtup_ha": 0.0,
        "cropland_ha": 0.63,
        "ntl_sum": 1.086,
        "exposure_score": 64.1,
        "lon": 88.69944,
        "lat": 27.37547,
        "rank_area": 203,
        "rank_exposure": 291,
        "past_slides": 0
      },
      "geometry": {
        "type": "Point",
        "coordinates": [
          88.69944,
          27.37547
        ]
      }
    },
    {
      "type": "Feature",
      "id": 204,
      "properties": {
        "area_ha": 5.04,
        "area_km2": 0.0504,
        "mean_index": 0.6756,
        "max_index": 0.7155,
        "mean_slope_deg": 22.7,
        "max_slope_deg": 27.9,
        "min_dist_road_m": 0,
        "builtup_ha": 0.09,
        "cropland_ha": 0.09,
        "ntl_sum": 1.926,
        "exposure_score": 82.3,
        "lon": 88.27835,
        "lat": 27.33975,
        "rank_area": 204,
        "rank_exposure": 95,
        "past_slides": 0
      },
      "geometry": {
        "type": "Point",
        "coordinates": [
          88.27835,
          27.33975
        ]
      }
    },
    {
      "type": "Feature",
      "id": 205,
      "properties": {
        "area_ha": 5.04,
        "area_km2": 0.0504,
        "mean_index": 0.6925,
        "max_index": 0.7573,
        "mean_slope_deg": 22.5,
        "max_slope_deg": 34.9,
        "min_dist_road_m": 0,
        "builtup_ha": 0.27,
        "cropland_ha": 0.0,
        "ntl_sum": 11.713,
        "exposure_score": 92.3,
        "lon": 88.59174,
        "lat": 27.22673,
        "rank_area": 205,
        "rank_exposure": 45,
        "past_slides": 0
      },
      "geometry": {
        "type": "Point",
        "coordinates": [
          88.59174,
          27.22673
        ]
      }
    },
    {
      "type": "Feature",
      "id": 206,
      "properties": {
        "area_ha": 5.04,
        "area_km2": 0.0504,
        "mean_index": 0.6927,
        "max_index": 0.7646,
        "mean_slope_deg": 29.8,
        "max_slope_deg": 38.4,
        "min_dist_road_m": 800,
        "builtup_ha": 0.0,
        "cropland_ha": 0.0,
        "ntl_sum": 1.409,
        "exposure_score": 57.6,
        "lon": 88.71554,
        "lat": 27.2208,
        "rank_area": 206,
        "rank_exposure": 387,
        "past_slides": 0
      },
      "geometry": {
        "type": "Point",
        "coordinates": [
          88.71554,
          27.2208
        ]
      }
    },
    {
      "type": "Feature",
      "id": 207,
      "properties": {
        "area_ha": 5.04,
        "area_km2": 0.0504,
        "mean_index": 0.6702,
        "max_index": 0.7245,
        "mean_slope_deg": 29.5,
        "max_slope_deg": 39.9,
        "min_dist_road_m": 212,
        "builtup_ha": 0.0,
        "cropland_ha": 0.0,
        "ntl_sum": 3.004,
        "exposure_score": 72.9,
        "lon": 88.53099,
        "lat": 27.20886,
        "rank_area": 207,
        "rank_exposure": 177,
        "past_slides": 0
      },
      "geometry": {
        "type": "Point",
        "coordinates": [
          88.53099,
          27.20886
        ]
      }
    },
    {
      "type": "Feature",
      "id": 208,
      "properties": {
        "area_ha": 4.95,
        "area_km2": 0.0495,
        "mean_index": 0.6946,
        "max_index": 0.7847,
        "mean_slope_deg": 23.9,
        "max_slope_deg": 32.4,
        "min_dist_road_m": 306,
        "builtup_ha": 0.0,
        "cropland_ha": 0.09,
        "ntl_sum": 3.29,
        "exposure_score": 65.0,
        "lon": 88.41241,
        "lat": 27.28769,
        "rank_area": 208,
        "rank_exposure": 279,
        "past_slides": 0
      },
      "geometry": {
        "type": "Point",
        "coordinates": [
          88.41241,
          27.28769
        ]
      }
    },
    {
      "type": "Feature",
      "id": 209,
      "properties": {
        "area_ha": 4.95,
        "area_km2": 0.0495,
        "mean_index": 0.6724,
        "max_index": 0.7326,
        "mean_slope_deg": 32.0,
        "max_slope_deg": 38.5,
        "min_dist_road_m": 0,
        "builtup_ha": 0.09,
        "cropland_ha": 0.0,
        "ntl_sum": 3.508,
        "exposure_score": 86.5,
        "lon": 88.44045,
        "lat": 27.24312,
        "rank_area": 209,
        "rank_exposure": 72,
        "past_slides": 0
      },
      "geometry": {
        "type": "Point",
        "coordinates": [
          88.44045,
          27.24312
        ]
      }
    },
    {
      "type": "Feature",
      "id": 210,
      "properties": {
        "area_ha": 4.95,
        "area_km2": 0.0495,
        "mean_index": 0.6689,
        "max_index": 0.7362,
        "mean_slope_deg": 38.2,
        "max_slope_deg": 48.4,
        "min_dist_road_m": 1890,
        "builtup_ha": 0.0,
        "cropland_ha": 2.07,
        "ntl_sum": 2.725,
        "exposure_score": 51.2,
        "lon": 88.27072,
        "lat": 27.17165,
        "rank_area": 210,
        "rank_exposure": 485,
        "past_slides": 0
      },
      "geometry": {
        "type": "Point",
        "coordinates": [
          88.27072,
          27.17165
        ]
      }
    },
    {
      "type": "Feature",
      "id": 211,
      "properties": {
        "area_ha": 4.86,
        "area_km2": 0.0486,
        "mean_index": 0.6865,
        "max_index": 0.7674,
        "mean_slope_deg": 44.9,
        "max_slope_deg": 58.4,
        "min_dist_road_m": 1666,
        "builtup_ha": 0.0,
        "cropland_ha": 0.0,
        "ntl_sum": 1.855,
        "exposure_score": 57.8,
        "lon": 88.5537,
        "lat": 27.53436,
        "rank_area": 211,
        "rank_exposure": 382,
        "past_slides": 0
      },
      "geometry": {
        "type": "Point",
        "coordinates": [
          88.5537,
          27.53436
        ]
      }
    },
    {
      "type": "Feature",
      "id": 212,
      "properties": {
        "area_ha": 4.86,
        "area_km2": 0.0486,
        "mean_index": 0.6777,
        "max_index": 0.7216,
        "mean_slope_deg": 30.2,
        "max_slope_deg": 38.7,
        "min_dist_road_m": 270,
        "builtup_ha": 0.0,
        "cropland_ha": 0.0,
        "ntl_sum": 2.695,
        "exposure_score": 81.5,
        "lon": 88.55207,
        "lat": 27.33102,
        "rank_area": 212,
        "rank_exposure": 100,
        "past_slides": 0
      },
      "geometry": {
        "type": "Point",
        "coordinates": [
          88.55207,
          27.33102
        ]
      }
    },
    {
      "type": "Feature",
      "id": 213,
      "properties": {
        "area_ha": 4.86,
        "area_km2": 0.0486,
        "mean_index": 0.6728,
        "max_index": 0.7096,
        "mean_slope_deg": 27.3,
        "max_slope_deg": 39.0,
        "min_dist_road_m": 0,
        "builtup_ha": 0.18,
        "cropland_ha": 1.44,
        "ntl_sum": 0.753,
        "exposure_score": 68.8,
        "lon": 88.87291,
        "lat": 27.32303,
        "rank_area": 213,
        "rank_exposure": 233,
        "past_slides": 0
      },
      "geometry": {
        "type": "Point",
        "coordinates": [
          88.87291,
          27.32303
        ]
      }
    },
    {
      "type": "Feature",
      "id": 214,
      "properties": {
        "area_ha": 4.86,
        "area_km2": 0.0486,
        "mean_index": 0.7127,
        "max_index": 0.7918,
        "mean_slope_deg": 24.1,
        "max_slope_deg": 28.3,
        "min_dist_road_m": 0,
        "builtup_ha": 0.0,
        "cropland_ha": 0.36,
        "ntl_sum": 3.377,
        "exposure_score": 67.2,
        "lon": 88.42635,
        "lat": 27.28673,
        "rank_area": 214,
        "rank_exposure": 250,
        "past_slides": 0
      },
      "geometry": {
        "type": "Point",
        "coordinates": [
          88.42635,
          27.28673
        ]
      }
    },
    {
      "type": "Feature",
      "id": 215,
      "properties": {
        "area_ha": 4.86,
        "area_km2": 0.0486,
        "mean_index": 0.6813,
        "max_index": 0.7479,
        "mean_slope_deg": 31.5,
        "max_slope_deg": 42.2,
        "min_dist_road_m": 931,
        "builtup_ha": 0.0,
        "cropland_ha": 0.0,
        "ntl_sum": 1.487,
        "exposure_score": 52.5,
        "lon": 88.64075,
        "lat": 27.26813,
        "rank_area": 215,
        "rank_exposure": 462,
        "past_slides": 0
      },
      "geometry": {
        "type": "Point",
        "coordinates": [
          88.64075,
          27.26813
        ]
      }
    },
    {
      "type": "Feature",
      "id": 216,
      "properties": {
        "area_ha": 4.77,
        "area_km2": 0.0477,
        "mean_index": 0.6667,
        "max_index": 0.7071,
        "mean_slope_deg": 24.3,
        "max_slope_deg": 33.0,
        "min_dist_road_m": 912,
        "builtup_ha": 0.0,
        "cropland_ha": 0.0,
        "ntl_sum": 1.365,
        "exposure_score": 60.7,
        "lon": 88.45771,
        "lat": 27.36182,
        "rank_area": 216,
        "rank_exposure": 344,
        "past_slides": 0
      },
      "geometry": {
        "type": "Point",
        "coordinates": [
          88.45771,
          27.36182
        ]
      }
    },
    {
      "type": "Feature",
      "id": 217,
      "properties": {
        "area_ha": 4.68,
        "area_km2": 0.0468,
        "mean_index": 0.6616,
        "max_index": 0.6892,
        "mean_slope_deg": 30.4,
        "max_slope_deg": 44.5,
        "min_dist_road_m": 0,
        "builtup_ha": 0.09,
        "cropland_ha": 2.07,
        "ntl_sum": 1.39,
        "exposure_score": 77.5,
        "lon": 88.77864,
        "lat": 27.37151,
        "rank_area": 217,
        "rank_exposure": 135,
        "past_slides": 0
      },
      "geometry": {
        "type": "Point",
        "coordinates": [
          88.77864,
          27.37151
        ]
      }
    },
    {
      "type": "Feature",
      "id": 218,
      "properties": {
        "area_ha": 4.68,
        "area_km2": 0.0468,
        "mean_index": 0.6628,
        "max_index": 0.7058,
        "mean_slope_deg": 32.1,
        "max_slope_deg": 48.1,
        "min_dist_road_m": 0,
        "builtup_ha": 0.09,
        "cropland_ha": 0.09,
        "ntl_sum": 21.555,
        "exposure_score": 91.9,
        "lon": 88.61273,
        "lat": 27.32167,
        "rank_area": 218,
        "rank_exposure": 47,
        "past_slides": 0
      },
      "geometry": {
        "type": "Point",
        "coordinates": [
          88.61273,
          27.32167
        ]
      }
    },
    {
      "type": "Feature",
      "id": 219,
      "properties": {
        "area_ha": 4.68,
        "area_km2": 0.0468,
        "mean_index": 0.6625,
        "max_index": 0.6971,
        "mean_slope_deg": 37.4,
        "max_slope_deg": 48.6,
        "min_dist_road_m": 1793,
        "builtup_ha": 0.0,
        "cropland_ha": 0.0,
        "ntl_sum": 1.212,
        "exposure_score": 41.0,
        "lon": 88.18789,
        "lat": 27.28693,
        "rank_area": 219,
        "rank_exposure": 652,
        "past_slides": 0
      },
      "geometry": {
        "type": "Point",
        "coordinates": [
          88.18789,
          27.28693
        ]
      }
    },
    {
      "type": "Feature",
      "id": 220,
      "properties": {
        "area_ha": 4.68,
        "area_km2": 0.0468,
        "mean_index": 0.6744,
        "max_index": 0.729,
        "mean_slope_deg": 33.4,
        "max_slope_deg": 44.5,
        "min_dist_road_m": 800,
        "builtup_ha": 0.0,
        "cropland_ha": 0.0,
        "ntl_sum": 1.515,
        "exposure_score": 57.0,
        "lon": 88.192,
        "lat": 27.13524,
        "rank_area": 220,
        "rank_exposure": 399,
        "past_slides": 0
      },
      "geometry": {
        "type": "Point",
        "coordinates": [
          88.192,
          27.13524
        ]
      }
    },
    {
      "type": "Feature",
      "id": 221,
      "properties": {
        "area_ha": 4.59,
        "area_km2": 0.0459,
        "mean_index": 0.6918,
        "max_index": 0.745,
        "mean_slope_deg": 32.7,
        "max_slope_deg": 52.0,
        "min_dist_road_m": 2110,
        "builtup_ha": 0.0,
        "cropland_ha": 0.0,
        "ntl_sum": 1.182,
        "exposure_score": 47.8,
        "lon": 88.56801,
        "lat": 27.53718,
        "rank_area": 221,
        "rank_exposure": 545,
        "past_slides": 0
      },
      "geometry": {
        "type": "Point",
        "coordinates": [
          88.56801,
          27.53718
        ]
      }
    },
    {
      "type": "Feature",
      "id": 222,
      "properties": {
        "area_ha": 4.59,
        "area_km2": 0.0459,
        "mean_index": 0.6926,
        "max_index": 0.7791,
        "mean_slope_deg": 33.3,
        "max_slope_deg": 41.1,
        "min_dist_road_m": 319,
        "builtup_ha": 0.0,
        "cropland_ha": 0.18,
        "ntl_sum": 2.697,
        "exposure_score": 77.8,
        "lon": 88.28085,
        "lat": 27.32497,
        "rank_area": 222,
        "rank_exposure": 133,
        "past_slides": 0
      },
      "geometry": {
        "type": "Point",
        "coordinates": [
          88.28085,
          27.32497
        ]
      }
    },
    {
      "type": "Feature",
      "id": 223,
      "properties": {
        "area_ha": 4.59,
        "area_km2": 0.0459,
        "mean_index": 0.6614,
        "max_index": 0.7043,
        "mean_slope_deg": 38.3,
        "max_slope_deg": 50.9,
        "min_dist_road_m": 0,
        "builtup_ha": 0.0,
        "cropland_ha": 0.0,
        "ntl_sum": 2.105,
        "exposure_score": 64.7,
        "lon": 88.64876,
        "lat": 27.29444,
        "rank_area": 223,
        "rank_exposure": 285,
        "past_slides": 0
      },
      "geometry": {
        "type": "Point",
        "coordinates": [
          88.64876,
          27.29444
        ]
      }
    },
    {
      "type": "Feature",
      "id": 224,
      "properties": {
        "area_ha": 4.59,
        "area_km2": 0.0459,
        "mean_index": 0.6926,
        "max_index": 0.7799,
        "mean_slope_deg": 36.5,
        "max_slope_deg": 48.1,
        "min_dist_road_m": 872,
        "builtup_ha": 0.0,
        "cropland_ha": 0.0,
        "ntl_sum": 4.733,
        "exposure_score": 64.3,
        "lon": 88.50346,
        "lat": 27.19913,
        "rank_area": 224,
        "rank_exposure": 288,
        "past_slides": 0
      },
      "geometry": {
        "type": "Point",
        "coordinates": [
          88.50346,
          27.19913
        ]
      }
    },
    {
      "type": "Feature",
      "id": 225,
      "properties": {
        "area_ha": 4.5,
        "area_km2": 0.045,
        "mean_index": 0.6821,
        "max_index": 0.7337,
        "mean_slope_deg": 32.1,
        "max_slope_deg": 42.6,
        "min_dist_road_m": 108,
        "builtup_ha": 0.0,
        "cropland_ha": 0.0,
        "ntl_sum": 2.603,
        "exposure_score": 74.1,
        "lon": 88.64153,
        "lat": 27.36709,
        "rank_area": 225,
        "rank_exposure": 164,
        "past_slides": 0
      },
      "geometry": {
        "type": "Point",
        "coordinates": [
          88.64153,
          27.36709
        ]
      }
    },
    {
      "type": "Feature",
      "id": 226,
      "properties": {
        "area_ha": 4.5,
        "area_km2": 0.045,
        "mean_index": 0.6637,
        "max_index": 0.6953,
        "mean_slope_deg": 26.5,
        "max_slope_deg": 37.3,
        "min_dist_road_m": 0,
        "builtup_ha": 0.54,
        "cropland_ha": 1.71,
        "ntl_sum": 1.322,
        "exposure_score": 78.2,
        "lon": 88.71192,
        "lat": 27.35637,
        "rank_area": 226,
        "rank_exposure": 127,
        "past_slides": 0
      },
      "geometry": {
        "type": "Point",
        "coordinates": [
          88.71192,
          27.35637
        ]
      }
    },
    {
      "type": "Feature",
      "id": 227,
      "properties": {
        "area_ha": 4.5,
        "area_km2": 0.045,
        "mean_index": 0.6745,
        "max_index": 0.7353,
        "mean_slope_deg": 29.3,
        "max_slope_deg": 46.2,
        "min_dist_road_m": 860,
        "builtup_ha": 0.0,
        "cropland_ha": 0.36,
        "ntl_sum": 0.951,
        "exposure_score": 47.6,
        "lon": 88.14829,
        "lat": 27.17947,
        "rank_area": 227,
        "rank_exposure": 547,
        "past_slides": 0
      },
      "geometry": {
        "type": "Point",
        "coordinates": [
          88.14829,
          27.17947
        ]
      }
    },
    {
      "type": "Feature",
      "id": 228,
      "properties": {
        "area_ha": 4.41,
        "area_km2": 0.0441,
        "mean_index": 0.6716,
        "max_index": 0.7207,
        "mean_slope_deg": 34.2,
        "max_slope_deg": 46.9,
        "min_dist_road_m": 242,
        "builtup_ha": 0.0,
        "cropland_ha": 0.0,
        "ntl_sum": 1.296,
        "exposure_score": 69.5,
        "lon": 88.51912,
        "lat": 27.42535,
        "rank_area": 228,
        "rank_exposure": 220,
        "past_slides": 0
      },
      "geometry": {
        "type": "Point",
        "coordinates": [
          88.51912,
          27.42535
        ]
      }
    },
    {
      "type": "Feature",
      "id": 229,
      "properties": {
        "area_ha": 4.41,
        "area_km2": 0.0441,
        "mean_index": 0.6752,
        "max_index": 0.7084,
        "mean_slope_deg": 34.5,
        "max_slope_deg": 45.3,
        "min_dist_road_m": 466,
        "builtup_ha": 0.0,
        "cropland_ha": 0.0,
        "ntl_sum": 1.123,
        "exposure_score": 61.0,
        "lon": 88.21663,
        "lat": 27.37578,
        "rank_area": 229,
        "rank_exposure": 336,
        "past_slides": 0
      },
      "geometry": {
        "type": "Point",
        "coordinates": [
          88.21663,
          27.37578
        ]
      }
    },
    {
      "type": "Feature",
      "id": 230,
      "properties": {
        "area_ha": 4.41,
        "area_km2": 0.0441,
        "mean_index": 0.6686,
        "max_index": 0.7159,
        "mean_slope_deg": 31.4,
        "max_slope_deg": 42.8,
        "min_dist_road_m": 201,
        "builtup_ha": 0.0,
        "cropland_ha": 0.0,
        "ntl_sum": 1.129,
        "exposure_score": 70.0,
        "lon": 88.41512,
        "lat": 27.32097,
        "rank_area": 230,
        "rank_exposure": 206,
        "past_slides": 0
      },
      "geometry": {
        "type": "Point",
        "coordinates": [
          88.41512,
          27.32097
        ]
      }
    },
    {
      "type": "Feature",
      "id": 231,
      "properties": {
        "area_ha": 4.41,
        "area_km2": 0.0441,
        "mean_index": 0.6825,
        "max_index": 0.7323,
        "mean_slope_deg": 27.8,
        "max_slope_deg": 37.6,
        "min_dist_road_m": 297,
        "builtup_ha": 0.0,
        "cropland_ha": 0.0,
        "ntl_sum": 1.593,
        "exposure_score": 74.0,
        "lon": 88.5544,
        "lat": 27.31827,
        "rank_area": 231,
        "rank_exposure": 166,
        "past_slides": 0
      },
      "geometry": {
        "type": "Point",
        "coordinates": [
          88.5544,
          27.31827
        ]
      }
    },
    {
      "type": "Feature",
      "id": 232,
      "properties": {
        "area_ha": 4.41,
        "area_km2": 0.0441,
        "mean_index": 0.697,
        "max_index": 0.7761,
        "mean_slope_deg": 24.5,
        "max_slope_deg": 30.5,
        "min_dist_road_m": 362,
        "builtup_ha": 0.0,
        "cropland_ha": 0.0,
        "ntl_sum": 3.262,
        "exposure_score": 63.0,
        "lon": 88.58797,
        "lat": 27.24424,
        "rank_area": 232,
        "rank_exposure": 307,
        "past_slides": 0
      },
      "geometry": {
        "type": "Point",
        "coordinates": [
          88.58797,
          27.24424
        ]
      }
    },
    {
      "type": "Feature",
      "id": 233,
      "properties": {
        "area_ha": 4.32,
        "area_km2": 0.0432,
        "mean_index": 0.6596,
        "max_index": 0.7137,
        "mean_slope_deg": 33.6,
        "max_slope_deg": 42.8,
        "min_dist_road_m": 0,
        "builtup_ha": 0.27,
        "cropland_ha": 0.09,
        "ntl_sum": 5.543,
        "exposure_score": 89.6,
        "lon": 88.45006,
        "lat": 27.24384,
        "rank_area": 233,
        "rank_exposure": 60,
        "past_slides": 0
      },
      "geometry": {
        "type": "Point",
        "coordinates": [
          88.45006,
          27.24384
        ]
      }
    },
    {
      "type": "Feature",
      "id": 234,
      "properties": {
        "area_ha": 4.32,
        "area_km2": 0.0432,
        "mean_index": 0.6729,
        "max_index": 0.7083,
        "mean_slope_deg": 24.7,
        "max_slope_deg": 33.9,
        "min_dist_road_m": 0,
        "builtup_ha": 0.0,
        "cropland_ha": 0.0,
        "ntl_sum": 1.3,
        "exposure_score": 56.3,
        "lon": 88.68525,
        "lat": 27.23633,
        "rank_area": 234,
        "rank_exposure": 406,
        "past_slides": 0
      },
      "geometry": {
        "type": "Point",
        "coordinates": [
          88.68525,
          27.23633
        ]
      }
    },
    {
      "type": "Feature",
      "id": 235,
      "properties": {
        "area_ha": 4.23,
        "area_km2": 0.0423,
        "mean_index": 0.6929,
        "max_index": 0.7518,
        "mean_slope_deg": 39.2,
        "max_slope_deg": 56.4,
        "min_dist_road_m": 1500,
        "builtup_ha": 0.0,
        "cropland_ha": 0.0,
        "ntl_sum": 1.202,
        "exposure_score": 53.5,
        "lon": 88.61554,
        "lat": 27.55505,
        "rank_area": 235,
        "rank_exposure": 447,
        "past_slides": 0
      },
      "geometry": {
        "type": "Point",
        "coordinates": [
          88.61554,
          27.55505
        ]
      }
    },
    {
      "type": "Feature",
      "id": 236,
      "properties": {
        "area_ha": 4.23,
        "area_km2": 0.0423,
        "mean_index": 0.6801,
        "max_index": 0.7404,
        "mean_slope_deg": 27.6,
        "max_slope_deg": 38.3,
        "min_dist_road_m": 987,
        "builtup_ha": 0.0,
        "cropland_ha": 0.09,
        "ntl_sum": 1.263,
        "exposure_score": 60.9,
        "lon": 88.60632,
        "lat": 27.38727,
        "rank_area": 236,
        "rank_exposure": 338,
        "past_slides": 0
      },
      "geometry": {
        "type": "Point",
        "coordinates": [
          88.60632,
          27.38727
        ]
      }
    },
    {
      "type": "Feature",
      "id": 237,
      "properties": {
        "area_ha": 4.23,
        "area_km2": 0.0423,
        "mean_index": 0.6558,
        "max_index": 0.6765,
        "mean_slope_deg": 32.0,
        "max_slope_deg": 39.8,
        "min_dist_road_m": 1484,
        "builtup_ha": 0.0,
        "cropland_ha": 0.09,
        "ntl_sum": 1.166,
        "exposure_score": 52.4,
        "lon": 88.26596,
        "lat": 27.35422,
        "rank_area": 237,
        "rank_exposure": 463,
        "past_slides": 0
      },
      "geometry": {
        "type": "Point",
        "coordinates": [
          88.26596,
          27.35422
        ]
      }
    },
    {
      "type": "Feature",
      "id": 238,
      "properties": {
        "area_ha": 4.23,
        "area_km2": 0.0423,
        "mean_index": 0.674,
        "max_index": 0.7149,
        "mean_slope_deg": 27.8,
        "max_slope_deg": 35.4,
        "min_dist_road_m": 272,
        "builtup_ha": 0.0,
        "cropland_ha": 0.0,
        "ntl_sum": 1.149,
        "exposure_score": 68.5,
        "lon": 88.43774,
        "lat": 27.33089,
        "rank_area": 238,
        "rank_exposure": 236,
        "past_slides": 0
      },
      "geometry": {
        "type": "Point",
        "coordinates": [
          88.43774,
          27.33089
        ]
      }
    },
    {
      "type": "Feature",
      "id": 239,
      "properties": {
        "area_ha": 4.23,
        "area_km2": 0.0423,
        "mean_index": 0.67,
        "max_index": 0.7128,
        "mean_slope_deg": 34.2,
        "max_slope_deg": 42.7,
        "min_dist_road_m": 518,
        "builtup_ha": 0.0,
        "cropland_ha": 0.0,
        "ntl_sum": 1.749,
        "exposure_score": 57.5,
        "lon": 88.31354,
        "lat": 27.29637,
        "rank_area": 239,
        "rank_exposure": 389,
        "past_slides": 0
      },
      "geometry": {
        "type": "Point",
        "coordinates": [
          88.31354,
          27.29637
        ]
      }
    },
    {
      "type": "Feature",
      "id": 240,
      "properties": {
        "area_ha": 4.23,
        "area_km2": 0.0423,
        "mean_index": 0.6688,
        "max_index": 0.707,
        "mean_slope_deg": 27.5,
        "max_slope_deg": 43.0,
        "min_dist_road_m": 256,
        "builtup_ha": 0.0,
        "cropland_ha": 0.0,
        "ntl_sum": 2.034,
        "exposure_score": 63.9,
        "lon": 88.43962,
        "lat": 27.28199,
        "rank_area": 240,
        "rank_exposure": 293,
        "past_slides": 0
      },
      "geometry": {
        "type": "Point",
        "coordinates": [
          88.43962,
          27.28199
        ]
      }
    },
    {
      "type": "Feature",
      "id": 241,
      "properties": {
        "area_ha": 4.23,
        "area_km2": 0.0423,
        "mean_index": 0.6864,
        "max_index": 0.7464,
        "mean_slope_deg": 32.2,
        "max_slope_deg": 40.5,
        "min_dist_road_m": 577,
        "builtup_ha": 0.0,
        "cropland_ha": 0.0,
        "ntl_sum": 2.171,
        "exposure_score": 60.7,
        "lon": 88.09046,
        "lat": 27.2731,
        "rank_area": 241,
        "rank_exposure": 345,
        "past_slides": 0
      },
      "geometry": {
        "type": "Point",
        "coordinates": [
          88.09046,
          27.2731
        ]
      }
    },
    {
      "type": "Feature",
      "id": 242,
      "properties": {
        "area_ha": 4.23,
        "area_km2": 0.0423,
        "mean_index": 0.6849,
        "max_index": 0.7717,
        "mean_slope_deg": 30.8,
        "max_slope_deg": 41.5,
        "min_dist_road_m": 1380,
        "builtup_ha": 0.0,
        "cropland_ha": 0.0,
        "ntl_sum": 1.853,
        "exposure_score": 52.2,
        "lon": 88.34531,
        "lat": 27.1956,
        "rank_area": 242,
        "rank_exposure": 471,
        "past_slides": 0
      },
      "geometry": {
        "type": "Point",
        "coordinates": [
          88.34531,
          27.1956
        ]
      }
    },
    {
      "type": "Feature",
      "id": 243,
      "properties": {
        "area_ha": 4.14,
        "area_km2": 0.0414,
        "mean_index": 0.6911,
        "max_index": 0.7329,
        "mean_slope_deg": 28.0,
        "max_slope_deg": 35.4,
        "min_dist_road_m": 297,
        "builtup_ha": 0.0,
        "cropland_ha": 0.0,
        "ntl_sum": 1.198,
        "exposure_score": 71.5,
        "lon": 88.32006,
        "lat": 27.33571,
        "rank_area": 243,
        "rank_exposure": 191,
        "past_slides": 0
      },
      "geometry": {
        "type": "Point",
        "coordinates": [
          88.32006,
          27.33571
        ]
      }
    },
    {
      "type": "Feature",
      "id": 244,
      "properties": {
        "area_ha": 4.14,
        "area_km2": 0.0414,
        "mean_index": 0.6622,
        "max_index": 0.701,
        "mean_slope_deg": 29.4,
        "max_slope_deg": 36.5,
        "min_dist_road_m": 874,
        "builtup_ha": 0.09,
        "cropland_ha": 0.0,
        "ntl_sum": 1.864,
        "exposure_score": 72.7,
        "lon": 88.41461,
        "lat": 27.25774,
        "rank_area": 244,
        "rank_exposure": 178,
        "past_slides": 0
      },
      "geometry": {
        "type": "Point",
        "coordinates": [
          88.41461,
          27.25774
        ]
      }
    },
    {
      "type": "Feature",
      "id": 245,
      "properties": {
        "area_ha": 4.14,
        "area_km2": 0.0414,
        "mean_index": 0.6765,
        "max_index": 0.7515,
        "mean_slope_deg": 29.2,
        "max_slope_deg": 43.6,
        "min_dist_road_m": 323,
        "builtup_ha": 0.0,
        "cropland_ha": 0.0,
        "ntl_sum": 5.295,
        "exposure_score": 72.4,
        "lon": 88.28544,
        "lat": 27.16041,
        "rank_area": 245,
        "rank_exposure": 183,
        "past_slides": 0
      },
      "geometry": {
        "type": "Point",
        "coordinates": [
          88.28544,
          27.16041
        ]
      }
    },
    {
      "type": "Feature",
      "id": 246,
      "properties": {
        "area_ha": 4.05,
        "area_km2": 0.0405,
        "mean_index": 0.6689,
        "max_index": 0.7161,
        "mean_slope_deg": 35.4,
        "max_slope_deg": 41.8,
        "min_dist_road_m": 914,
        "builtup_ha": 0.0,
        "cropland_ha": 0.0,
        "ntl_sum": 1.18,
        "exposure_score": 60.9,
        "lon": 88.5983,
        "lat": 27.41255,
        "rank_area": 246,
        "rank_exposure": 339,
        "past_slides": 0
      },
      "geometry": {
        "type": "Point",
        "coordinates": [
          88.5983,
          27.41255
        ]
      }
    },
    {
      "type": "Feature",
      "id": 247,
      "properties": {
        "area_ha": 4.05,
        "area_km2": 0.0405,
        "mean_index": 0.6716,
        "max_index": 0.7276,
        "mean_slope_deg": 30.1,
        "max_slope_deg": 42.2,
        "min_dist_road_m": 0,
        "builtup_ha": 0.0,
        "cropland_ha": 0.0,
        "ntl_sum": 1.13,
        "exposure_score": 70.4,
        "lon": 88.49628,
        "lat": 27.31538,
        "rank_area": 247,
        "rank_exposure": 198,
        "past_slides": 0
      },
      "geometry": {
        "type": "Point",
        "coordinates": [
          88.49628,
          27.31538
        ]
      }
    },
    {
      "type": "Feature",
      "id": 248,
      "properties": {
        "area_ha": 4.05,
        "area_km2": 0.0405,
        "mean_index": 0.6728,
        "max_index": 0.7088,
        "mean_slope_deg": 31.6,
        "max_slope_deg": 41.9,
        "min_dist_road_m": 1684,
        "builtup_ha": 0.0,
        "cropland_ha": 0.0,
        "ntl_sum": 1.04,
        "exposure_score": 36.9,
        "lon": 88.48594,
        "lat": 27.28516,
        "rank_area": 248,
        "rank_exposure": 713,
        "past_slides": 0
      },
      "geometry": {
        "type": "Point",
        "coordinates": [
          88.48594,
          27.28516
        ]
      }
    },
    {
      "type": "Feature",
      "id": 249,
      "properties": {
        "area_ha": 4.05,
        "area_km2": 0.0405,
        "mean_index": 0.6964,
        "max_index": 0.7469,
        "mean_slope_deg": 26.0,
        "max_slope_deg": 35.0,
        "min_dist_road_m": 301,
        "builtup_ha": 0.0,
        "cropland_ha": 0.0,
        "ntl_sum": 0.87,
        "exposure_score": 48.7,
        "lon": 88.36738,
        "lat": 27.24697,
        "rank_area": 249,
        "rank_exposure": 524,
        "past_slides": 0
      },
      "geometry": {
        "type": "Point",
        "coordinates": [
          88.36738,
          27.24697
        ]
      }
    },
    {
      "type": "Feature",
      "id": 250,
      "properties": {
        "area_ha": 4.05,
        "area_km2": 0.0405,
        "mean_index": 0.6682,
        "max_index": 0.7015,
        "mean_slope_deg": 24.7,
        "max_slope_deg": 34.9,
        "min_dist_road_m": 0,
        "builtup_ha": 0.0,
        "cropland_ha": 0.09,
        "ntl_sum": 1.245,
        "exposure_score": 56.1,
        "lon": 88.69595,
        "lat": 27.24338,
        "rank_area": 250,
        "rank_exposure": 409,
        "past_slides": 0
      },
      "geometry": {
        "type": "Point",
        "coordinates": [
          88.69595,
          27.24338
        ]
      }
    },
    {
      "type": "Feature",
      "id": 251,
      "properties": {
        "area_ha": 4.05,
        "area_km2": 0.0405,
        "mean_index": 0.6584,
        "max_index": 0.6858,
        "mean_slope_deg": 38.9,
        "max_slope_deg": 51.6,
        "min_dist_road_m": 228,
        "builtup_ha": 0.0,
        "cropland_ha": 0.0,
        "ntl_sum": 1.171,
        "exposure_score": 60.8,
        "lon": 88.69739,
        "lat": 27.2305,
        "rank_area": 251,
        "rank_exposure": 341,
        "past_slides": 0
      },
      "geometry": {
        "type": "Point",
        "coordinates": [
          88.69739,
          27.2305
        ]
      }
    },
    {
      "type": "Feature",
      "id": 252,
      "properties": {
        "area_ha": 4.05,
        "area_km2": 0.0405,
        "mean_index": 0.6815,
        "max_index": 0.7301,
        "mean_slope_deg": 24.0,
        "max_slope_deg": 28.3,
        "min_dist_road_m": 886,
        "builtup_ha": 0.0,
        "cropland_ha": 0.0,
        "ntl_sum": 2.097,
        "exposure_score": 63.4,
        "lon": 88.45505,
        "lat": 27.22117,
        "rank_area": 252,
        "rank_exposure": 302,
        "past_slides": 0
      },
      "geometry": {
        "type": "Point",
        "coordinates": [
          88.45505,
          27.22117
        ]
      }
    },
    {
      "type": "Feature",
      "id": 253,
      "properties": {
        "area_ha": 3.96,
        "area_km2": 0.0396,
        "mean_index": 0.6599,
        "max_index": 0.6935,
        "mean_slope_deg": 29.9,
        "max_slope_deg": 40.9,
        "min_dist_road_m": 1422,
        "builtup_ha": 0.0,
        "cropland_ha": 0.0,
        "ntl_sum": 1.221,
        "exposure_score": 56.1,
        "lon": 88.4981,
        "lat": 27.40797,
        "rank_area": 253,
        "rank_exposure": 410,
        "past_slides": 0
      },
      "geometry": {
        "type": "Point",
        "coordinates": [
          88.4981,
          27.40797
        ]
      }
    },
    {
      "type": "Feature",
      "id": 254,
      "properties": {
        "area_ha": 3.96,
        "area_km2": 0.0396,
        "mean_index": 0.678,
        "max_index": 0.7525,
        "mean_slope_deg": 32.4,
        "max_slope_deg": 49.1,
        "min_dist_road_m": 612,
        "builtup_ha": 0.0,
        "cropland_ha": 0.18,
        "ntl_sum": 1.67,
        "exposure_score": 70.0,
        "lon": 88.276,
        "lat": 27.32867,
        "rank_area": 254,
        "rank_exposure": 207,
        "past_slides": 0
      },
      "geometry": {
        "type": "Point",
        "coordinates": [
          88.276,
          27.32867
        ]
      }
    },
    {
      "type": "Feature",
      "id": 255,
      "properties": {
        "area_ha": 3.96,
        "area_km2": 0.0396,
        "mean_index": 0.6751,
        "max_index": 0.7289,
        "mean_slope_deg": 42.8,
        "max_slope_deg": 61.3,
        "min_dist_road_m": 953,
        "builtup_ha": 0.0,
        "cropland_ha": 0.0,
        "ntl_sum": 1.585,
        "exposure_score": 67.3,
        "lon": 88.31924,
        "lat": 27.30362,
        "rank_area": 255,
        "rank_exposure": 246,
        "past_slides": 0
      },
      "geometry": {
        "type": "Point",
        "coordinates": [
          88.31924,
          27.30362
        ]
      }
    },
    {
      "type": "Feature",
      "id": 256,
      "properties": {
        "area_ha": 3.96,
        "area_km2": 0.0396,
        "mean_index": 0.7247,
        "max_index": 0.7867,
        "mean_slope_deg": 25.2,
        "max_slope_deg": 30.0,
        "min_dist_road_m": 0,
        "builtup_ha": 0.0,
        "cropland_ha": 0.36,
        "ntl_sum": 2.734,
        "exposure_score": 66.3,
        "lon": 88.4273,
        "lat": 27.2916,
        "rank_area": 256,
        "rank_exposure": 262,
        "past_slides": 0
      },
      "geometry": {
        "type": "Point",
        "coordinates": [
          88.4273,
          27.2916
        ]
      }
    },
    {
      "type": "Feature",
      "id": 257,
      "properties": {
        "area_ha": 3.96,
        "area_km2": 0.0396,
        "mean_index": 0.6703,
        "max_index": 0.7259,
        "mean_slope_deg": 30.5,
        "max_slope_deg": 41.8,
        "min_dist_road_m": 808,
        "builtup_ha": 0.0,
        "cropland_ha": 0.0,
        "ntl_sum": 1.837,
        "exposure_score": 55.3,
        "lon": 88.21756,
        "lat": 27.2772,
        "rank_area": 257,
        "rank_exposure": 423,
        "past_slides": 0
      },
      "geometry": {
        "type": "Point",
        "coordinates": [
          88.21756,
          27.2772
        ]
      }
    },
    {
      "type": "Feature",
      "id": 258,
      "properties": {
        "area_ha": 3.96,
        "area_km2": 0.0396,
        "mean_index": 0.6782,
        "max_index": 0.7399,
        "mean_slope_deg": 25.3,
        "max_slope_deg": 29.7,
        "min_dist_road_m": 0,
        "builtup_ha": 0.54,
        "cropland_ha": 0.0,
        "ntl_sum": 2.888,
        "exposure_score": 86.0,
        "lon": 88.43603,
        "lat": 27.24209,
        "rank_area": 258,
        "rank_exposure": 78,
        "past_slides": 0
      },
      "geometry": {
        "type": "Point",
        "coordinates": [
          88.43603,
          27.24209
        ]
      }
    },
    {
      "type": "Feature",
      "id": 259,
      "properties": {
        "area_ha": 3.96,
        "area_km2": 0.0396,
        "mean_index": 0.6622,
        "max_index": 0.6918,
        "mean_slope_deg": 27.6,
        "max_slope_deg": 38.0,
        "min_dist_road_m": 192,
        "builtup_ha": 0.0,
        "cropland_ha": 0.0,
        "ntl_sum": 1.843,
        "exposure_score": 64.8,
        "lon": 88.64148,
        "lat": 27.16793,
        "rank_area": 259,
        "rank_exposure": 284,
        "past_slides": 0
      },
      "geometry": {
        "type": "Point",
        "coordinates": [
          88.64148,
          27.16793
        ]
      }
    },
    {
      "type": "Feature",
      "id": 260,
      "properties": {
        "area_ha": 3.87,
        "area_km2": 0.0387,
        "mean_index": 0.6725,
        "max_index": 0.7165,
        "mean_slope_deg": 46.1,
        "max_slope_deg": 56.6,
        "min_dist_road_m": 277,
        "builtup_ha": 0.0,
        "cropland_ha": 0.27,
        "ntl_sum": 1.539,
        "exposure_score": 75.6,
        "lon": 88.21557,
        "lat": 27.33787,
        "rank_area": 260,
        "rank_exposure": 150,
        "past_slides": 0
      },
      "geometry": {
        "type": "Point",
        "coordinates": [
          88.21557,
          27.33787
        ]
      }
    },
    {
      "type": "Feature",
      "id": 261,
      "properties": {
        "area_ha": 3.87,
        "area_km2": 0.0387,
        "mean_index": 0.6749,
        "max_index": 0.7416,
        "mean_slope_deg": 28.1,
        "max_slope_deg": 36.2,
        "min_dist_road_m": 0,
        "builtup_ha": 0.0,
        "cropland_ha": 0.0,
        "ntl_sum": 1.522,
        "exposure_score": 76.8,
        "lon": 88.46482,
        "lat": 27.33034,
        "rank_area": 261,
        "rank_exposure": 141,
        "past_slides": 0
      },
      "geometry": {
        "type": "Point",
        "coordinates": [
          88.46482,
          27.33034
        ]
      }
    },
    {
      "type": "Feature",
      "id": 262,
      "properties": {
        "area_ha": 3.78,
        "area_km2": 0.0378,
        "mean_index": 0.6686,
        "max_index": 0.71,
        "mean_slope_deg": 31.1,
        "max_slope_deg": 37.3,
        "min_dist_road_m": 420,
        "builtup_ha": 0.0,
        "cropland_ha": 0.0,
        "ntl_sum": 1.641,
        "exposure_score": 66.9,
        "lon": 88.5769,
        "lat": 27.34442,
        "rank_area": 262,
        "rank_exposure": 256,
        "past_slides": 0
      },
      "geometry": {
        "type": "Point",
        "coordinates": [
          88.5769,
          27.34442
        ]
      }
    },
    {
      "type": "Feature",
      "id": 263,
      "properties": {
        "area_ha": 3.78,
        "area_km2": 0.0378,
        "mean_index": 0.6658,
        "max_index": 0.7054,
        "mean_slope_deg": 30.6,
        "max_slope_deg": 42.1,
        "min_dist_road_m": 0,
        "builtup_ha": 0.72,
        "cropland_ha": 0.09,
        "ntl_sum": 16.77,
        "exposure_score": 92.4,
        "lon": 88.61802,
        "lat": 27.33406,
        "rank_area": 263,
        "rank_exposure": 44,
        "past_slides": 0
      },
      "geometry": {
        "type": "Point",
        "coordinates": [
          88.61802,
          27.33406
        ]
      }
    },
    {
      "type": "Feature",
      "id": 264,
      "properties": {
        "area_ha": 3.78,
        "area_km2": 0.0378,
        "mean_index": 0.6749,
        "max_index": 0.7384,
        "mean_slope_deg": 27.5,
        "max_slope_deg": 42.4,
        "min_dist_road_m": 1535,
        "builtup_ha": 0.0,
        "cropland_ha": 0.0,
        "ntl_sum": 0.916,
        "exposure_score": 36.9,
        "lon": 88.18303,
        "lat": 27.2886,
        "rank_area": 264,
        "rank_exposure": 714,
        "past_slides": 0
      },
      "geometry": {
        "type": "Point",
        "coordinates": [
          88.18303,
          27.2886
        ]
      }
    },
    {
      "type": "Feature",
      "id": 265,
      "properties": {
        "area_ha": 3.78,
        "area_km2": 0.0378,
        "mean_index": 0.68,
        "max_index": 0.7449,
        "mean_slope_deg": 26.7,
        "max_slope_deg": 36.1,
        "min_dist_road_m": 890,
        "builtup_ha": 0.0,
        "cropland_ha": 0.09,
        "ntl_sum": 1.626,
        "exposure_score": 49.3,
        "lon": 88.20813,
        "lat": 27.26834,
        "rank_area": 265,
        "rank_exposure": 513,
        "past_slides": 0
      },
      "geometry": {
        "type": "Point",
        "coordinates": [
          88.20813,
          27.26834
        ]
      }
    },
    {
      "type": "Feature",
      "id": 266,
      "properties": {
        "area_ha": 3.78,
        "area_km2": 0.0378,
        "mean_index": 0.687,
        "max_index": 0.7477,
        "mean_slope_deg": 26.4,
        "max_slope_deg": 35.6,
        "min_dist_road_m": 1041,
        "builtup_ha": 0.0,
        "cropland_ha": 0.0,
        "ntl_sum": 1.562,
        "exposure_score": 47.3,
        "lon": 88.21172,
        "lat": 27.2675,
        "rank_area": 266,
        "rank_exposure": 551,
        "past_slides": 0
      },
      "geometry": {
        "type": "Point",
        "coordinates": [
          88.21172,
          27.2675
        ]
      }
    },
    {
      "type": "Feature",
      "id": 267,
      "properties": {
        "area_ha": 3.78,
        "area_km2": 0.0378,
        "mean_index": 0.6597,
        "max_index": 0.6879,
        "mean_slope_deg": 29.9,
        "max_slope_deg": 40.5,
        "min_dist_road_m": 0,
        "builtup_ha": 0.18,
        "cropland_ha": 0.0,
        "ntl_sum": 2.287,
        "exposure_score": 83.9,
        "lon": 88.43226,
        "lat": 27.25079,
        "rank_area": 267,
        "rank_exposure": 86,
        "past_slides": 0
      },
      "geometry": {
        "type": "Point",
        "coordinates": [
          88.43226,
          27.25079
        ]
      }
    },
    {
      "type": "Feature",
      "id": 268,
      "properties": {
        "area_ha": 3.78,
        "area_km2": 0.0378,
        "mean_index": 0.665,
        "max_index": 0.7252,
        "mean_slope_deg": 31.1,
        "max_slope_deg": 43.1,
        "min_dist_road_m": 162,
        "builtup_ha": 0.0,
        "cropland_ha": 0.0,
        "ntl_sum": 3.758,
        "exposure_score": 73.6,
        "lon": 88.49571,
        "lat": 27.20707,
        "rank_area": 268,
        "rank_exposure": 169,
        "past_slides": 0
      },
      "geometry": {
        "type": "Point",
        "coordinates": [
          88.49571,
          27.20707
        ]
      }
    },
    {
      "type": "Feature",
      "id": 269,
      "properties": {
        "area_ha": 3.78,
        "area_km2": 0.0378,
        "mean_index": 0.692,
        "max_index": 0.7583,
        "mean_slope_deg": 26.1,
        "max_slope_deg": 32.3,
        "min_dist_road_m": 295,
        "builtup_ha": 0.0,
        "cropland_ha": 0.0,
        "ntl_sum": 3.888,
        "exposure_score": 69.2,
        "lon": 88.28347,
        "lat": 27.15528,
        "rank_area": 269,
        "rank_exposure": 225,
        "past_slides": 0
      },
      "geometry": {
        "type": "Point",
        "coordinates": [
          88.28347,
          27.15528
        ]
      }
    },
    {
      "type": "Feature",
      "id": 270,
      "properties": {
        "area_ha": 3.69,
        "area_km2": 0.0369,
        "mean_index": 0.6648,
        "max_index": 0.6975,
        "mean_slope_deg": 25.3,
        "max_slope_deg": 30.7,
        "min_dist_road_m": 1634,
        "builtup_ha": 0.0,
        "cropland_ha": 0.0,
        "ntl_sum": 1.016,
        "exposure_score": 45.6,
        "lon": 88.44496,
        "lat": 27.36548,
        "rank_area": 270,
        "rank_exposure": 581,
        "past_slides": 0
      },
      "geometry": {
        "type": "Point",
        "coordinates": [
          88.44496,
          27.36548
        ]
      }
    },
    {
      "type": "Feature",
      "id": 271,
      "properties": {
        "area_ha": 3.69,
        "area_km2": 0.0369,
        "mean_index": 0.6898,
        "max_index": 0.7653,
        "mean_slope_deg": 26.2,
        "max_slope_deg": 39.2,
        "min_dist_road_m": 0,
        "builtup_ha": 0.0,
        "cropland_ha": 0.0,
        "ntl_sum": 1.11,
        "exposure_score": 69.7,
        "lon": 88.49053,
        "lat": 27.31314,
        "rank_area": 271,
        "rank_exposure": 215,
        "past_slides": 0
      },
      "geometry": {
        "type": "Point",
        "coordinates": [
          88.49053,
          27.31314
        ]
      }
    },
    {
      "type": "Feature",
      "id": 272,
      "properties": {
        "area_ha": 3.69,
        "area_km2": 0.0369,
        "mean_index": 0.686,
        "max_index": 0.7375,
        "mean_slope_deg": 29.1,
        "max_slope_deg": 36.7,
        "min_dist_road_m": 912,
        "builtup_ha": 0.0,
        "cropland_ha": 0.0,
        "ntl_sum": 1.882,
        "exposure_score": 70.0,
        "lon": 88.34693,
        "lat": 27.30011,
        "rank_area": 272,
        "rank_exposure": 208,
        "past_slides": 0
      },
      "geometry": {
        "type": "Point",
        "coordinates": [
          88.34693,
          27.30011
        ]
      }
    },
    {
      "type": "Feature",
      "id": 273,
      "properties": {
        "area_ha": 3.69,
        "area_km2": 0.0369,
        "mean_index": 0.7007,
        "max_index": 0.77,
        "mean_slope_deg": 24.2,
        "max_slope_deg": 31.8,
        "min_dist_road_m": 391,
        "builtup_ha": 0.0,
        "cropland_ha": 0.0,
        "ntl_sum": 1.621,
        "exposure_score": 59.3,
        "lon": 88.18974,
        "lat": 27.30005,
        "rank_area": 273,
        "rank_exposure": 362,
        "past_slides": 0
      },
      "geometry": {
        "type": "Point",
        "coordinates": [
          88.18974,
          27.30005
        ]
      }
    },
    {
      "type": "Feature",
      "id": 274,
      "properties": {
        "area_ha": 3.69,
        "area_km2": 0.0369,
        "mean_index": 0.7216,
        "max_index": 0.8017,
        "mean_slope_deg": 23.3,
        "max_slope_deg": 26.3,
        "min_dist_road_m": 671,
        "builtup_ha": 0.0,
        "cropland_ha": 0.63,
        "ntl_sum": 2.05,
        "exposure_score": 58.4,
        "lon": 88.52567,
        "lat": 27.27106,
        "rank_area": 274,
        "rank_exposure": 377,
        "past_slides": 0
      },
      "geometry": {
        "type": "Point",
        "coordinates": [
          88.52567,
          27.27106
        ]
      }
    },
    {
      "type": "Feature",
      "id": 275,
      "properties": {
        "area_ha": 3.69,
        "area_km2": 0.0369,
        "mean_index": 0.68,
        "max_index": 0.7245,
        "mean_slope_deg": 31.6,
        "max_slope_deg": 41.2,
        "min_dist_road_m": 750,
        "builtup_ha": 0.0,
        "cropland_ha": 0.09,
        "ntl_sum": 1.499,
        "exposure_score": 53.6,
        "lon": 88.24715,
        "lat": 27.27206,
        "rank_area": 275,
        "rank_exposure": 444,
        "past_slides": 0
      },
      "geometry": {
        "type": "Point",
        "coordinates": [
          88.24715,
          27.27206
        ]
      }
    },
    {
      "type": "Feature",
      "id": 276,
      "properties": {
        "area_ha": 3.69,
        "area_km2": 0.0369,
        "mean_index": 0.7026,
        "max_index": 0.7789,
        "mean_slope_deg": 21.8,
        "max_slope_deg": 26.8,
        "min_dist_road_m": 0,
        "builtup_ha": 1.26,
        "cropland_ha": 0.81,
        "ntl_sum": 5.107,
        "exposure_score": 89.9,
        "lon": 88.59312,
        "lat": 27.23876,
        "rank_area": 276,
        "rank_exposure": 58,
        "past_slides": 0
      },
      "geometry": {
        "type": "Point",
        "coordinates": [
          88.59312,
          27.23876
        ]
      }
    },
    {
      "type": "Feature",
      "id": 277,
      "properties": {
        "area_ha": 3.6,
        "area_km2": 0.036,
        "mean_index": 0.6799,
        "max_index": 0.7249,
        "mean_slope_deg": 28.6,
        "max_slope_deg": 43.8,
        "min_dist_road_m": 0,
        "builtup_ha": 0.81,
        "cropland_ha": 0.27,
        "ntl_sum": 7.907,
        "exposure_score": 90.9,
        "lon": 88.62766,
        "lat": 27.33666,
        "rank_area": 277,
        "rank_exposure": 52,
        "past_slides": 0
      },
      "geometry": {
        "type": "Point",
        "coordinates": [
          88.62766,
          27.33666
        ]
      }
    },
    {
      "type": "Feature",
      "id": 278,
      "properties": {
        "area_ha": 3.6,
        "area_km2": 0.036,
        "mean_index": 0.6681,
        "max_index": 0.6981,
        "mean_slope_deg": 30.4,
        "max_slope_deg": 41.0,
        "min_dist_road_m": 1732,
        "builtup_ha": 0.0,
        "cropland_ha": 0.0,
        "ntl_sum": 0.786,
        "exposure_score": 48.8,
        "lon": 88.50083,
        "lat": 27.29827,
        "rank_area": 278,
        "rank_exposure": 523,
        "past_slides": 0
      },
      "geometry": {
        "type": "Point",
        "coordinates": [
          88.50083,
          27.29827
        ]
      }
    },
    {
      "type": "Feature",
      "id": 279,
      "properties": {
        "area_ha": 3.6,
        "area_km2": 0.036,
        "mean_index": 0.682,
        "max_index": 0.7465,
        "mean_slope_deg": 31.2,
        "max_slope_deg": 39.2,
        "min_dist_road_m": 285,
        "builtup_ha": 0.0,
        "cropland_ha": 0.09,
        "ntl_sum": 1.776,
        "exposure_score": 58.6,
        "lon": 88.46751,
        "lat": 27.28752,
        "rank_area": 279,
        "rank_exposure": 373,
        "past_slides": 0
      },
      "geometry": {
        "type": "Point",
        "coordinates": [
          88.46751,
          27.28752
        ]
      }
    },
    {
      "type": "Feature",
      "id": 280,
      "properties": {
        "area_ha": 3.6,
        "area_km2": 0.036,
        "mean_index": 0.6697,
        "max_index": 0.7215,
        "mean_slope_deg": 21.0,
        "max_slope_deg": 31.1,
        "min_dist_road_m": 0,
        "builtup_ha": 0.0,
        "cropland_ha": 0.0,
        "ntl_sum": 1.325,
        "exposure_score": 63.2,
        "lon": 88.40816,
        "lat": 27.22937,
        "rank_area": 280,
        "rank_exposure": 304,
        "past_slides": 0
      },
      "geometry": {
        "type": "Point",
        "coordinates": [
          88.40816,
          27.22937
        ]
      }
    },
    {
      "type": "Feature",
      "id": 281,
      "properties": {
        "area_ha": 3.6,
        "area_km2": 0.036,
        "mean_index": 0.6976,
        "max_index": 0.7495,
        "mean_slope_deg": 19.6,
        "max_slope_deg": 30.2,
        "min_dist_road_m": 0,
        "builtup_ha": 0.09,
        "cropland_ha": 0.0,
        "ntl_sum": 34.803,
        "exposure_score": 91.2,
        "lon": 88.48332,
        "lat": 27.19475,
        "rank_area": 281,
        "rank_exposure": 49,
        "past_slides": 0
      },
      "geometry": {
        "type": "Point",
        "coordinates": [
          88.48332,
          27.19475
        ]
      }
    },
    {
      "type": "Feature",
      "id": 282,
      "properties": {
        "area_ha": 3.51,
        "area_km2": 0.0351,
        "mean_index": 0.6762,
        "max_index": 0.7329,
        "mean_slope_deg": 31.0,
        "max_slope_deg": 43.9,
        "min_dist_road_m": 1476,
        "builtup_ha": 0.0,
        "cropland_ha": 0.0,
        "ntl_sum": 0.858,
        "exposure_score": 54.3,
        "lon": 88.54268,
        "lat": 27.30445,
        "rank_area": 282,
        "rank_exposure": 435,
        "past_slides": 0
      },
      "geometry": {
        "type": "Point",
        "coordinates": [
          88.54268,
          27.30445
        ]
      }
    },
    {
      "type": "Feature",
      "id": 283,
      "properties": {
        "area_ha": 3.51,
        "area_km2": 0.0351,
        "mean_index": 0.6613,
        "max_index": 0.7101,
        "mean_slope_deg": 31.1,
        "max_slope_deg": 44.8,
        "min_dist_road_m": 0,
        "builtup_ha": 0.9,
        "cropland_ha": 0.0,
        "ntl_sum": 8.065,
        "exposure_score": 91.0,
        "lon": 88.58844,
        "lat": 27.29487,
        "rank_area": 283,
        "rank_exposure": 50,
        "past_slides": 0
      },
      "geometry": {
        "type": "Point",
        "coordinates": [
          88.58844,
          27.29487
        ]
      }
    },
    {
      "type": "Feature",
      "id": 284,
      "properties": {
        "area_ha": 3.51,
        "area_km2": 0.0351,
        "mean_index": 0.6745,
        "max_index": 0.7197,
        "mean_slope_deg": 23.3,
        "max_slope_deg": 29.9,
        "min_dist_road_m": 1184,
        "builtup_ha": 0.09,
        "cropland_ha": 0.81,
        "ntl_sum": 1.224,
        "exposure_score": 62.8,
        "lon": 88.32438,
        "lat": 27.29356,
        "rank_area": 284,
        "rank_exposure": 313,
        "past_slides": 0
      },
      "geometry": {
        "type": "Point",
        "coordinates": [
          88.32438,
          27.29356
        ]
      }
    },
    {
      "type": "Feature",
      "id": 285,
      "properties": {
        "area_ha": 3.51,
        "area_km2": 0.0351,
        "mean_index": 0.6751,
        "max_index": 0.7269,
        "mean_slope_deg": 27.8,
        "max_slope_deg": 41.0,
        "min_dist_road_m": 404,
        "builtup_ha": 0.0,
        "cropland_ha": 0.0,
        "ntl_sum": 1.112,
        "exposure_score": 57.2,
        "lon": 88.68237,
        "lat": 27.23176,
        "rank_area": 285,
        "rank_exposure": 397,
        "past_slides": 0
      },
      "geometry": {
        "type": "Point",
        "coordinates": [
          88.68237,
          27.23176
        ]
      }
    },
    {
      "type": "Feature",
      "id": 286,
      "properties": {
        "area_ha": 3.51,
        "area_km2": 0.0351,
        "mean_index": 0.676,
        "max_index": 0.748,
        "mean_slope_deg": 25.9,
        "max_slope_deg": 31.5,
        "min_dist_road_m": 1149,
        "builtup_ha": 0.0,
        "cropland_ha": 0.0,
        "ntl_sum": 1.768,
        "exposure_score": 55.3,
        "lon": 88.22635,
        "lat": 27.23,
        "rank_area": 286,
        "rank_exposure": 424,
        "past_slides": 0
      },
      "geometry": {
        "type": "Point",
        "coordinates": [
          88.22635,
          27.23
        ]
      }
    },
    {
      "type": "Feature",
      "id": 287,
      "properties": {
        "area_ha": 3.51,
        "area_km2": 0.0351,
        "mean_index": 0.6951,
        "max_index": 0.7506,
        "mean_slope_deg": 25.0,
        "max_slope_deg": 33.4,
        "min_dist_road_m": 3804,
        "builtup_ha": 0.0,
        "cropland_ha": 0.0,
        "ntl_sum": 0.769,
        "exposure_score": 35.4,
        "lon": 88.19403,
        "lat": 27.21159,
        "rank_area": 287,
        "rank_exposure": 739,
        "past_slides": 0
      },
      "geometry": {
        "type": "Point",
        "coordinates": [
          88.19403,
          27.21159
        ]
      }
    },
    {
      "type": "Feature",
      "id": 288,
      "properties": {
        "area_ha": 3.51,
        "area_km2": 0.0351,
        "mean_index": 0.6767,
        "max_index": 0.7228,
        "mean_slope_deg": 29.3,
        "max_slope_deg": 48.6,
        "min_dist_road_m": 3784,
        "builtup_ha": 0.0,
        "cropland_ha": 0.18,
        "ntl_sum": 0.761,
        "exposure_score": 30.9,
        "lon": 88.11681,
        "lat": 27.18054,
        "rank_area": 288,
        "rank_exposure": 785,
        "past_slides": 0
      },
      "geometry": {
        "type": "Point",
        "coordinates": [
          88.11681,
          27.18054
        ]
      }
    },
    {
      "type": "Feature",
      "id": 289,
      "properties": {
        "area_ha": 3.42,
        "area_km2": 0.0342,
        "mean_index": 0.6784,
        "max_index": 0.7378,
        "mean_slope_deg": 26.1,
        "max_slope_deg": 36.5,
        "min_dist_road_m": 395,
        "builtup_ha": 0.0,
        "cropland_ha": 0.0,
        "ntl_sum": 0.966,
        "exposure_score": 60.6,
        "lon": 88.51207,
        "lat": 27.49529,
        "rank_area": 289,
        "rank_exposure": 347,
        "past_slides": 0
      },
      "geometry": {
        "type": "Point",
        "coordinates": [
          88.51207,
          27.49529
        ]
      }
    },
    {
      "type": "Feature",
      "id": 290,
      "properties": {
        "area_ha": 3.42,
        "area_km2": 0.0342,
        "mean_index": 0.6662,
        "max_index": 0.6843,
        "mean_slope_deg": 28.9,
        "max_slope_deg": 42.3,
        "min_dist_road_m": 150,
        "builtup_ha": 0.0,
        "cropland_ha": 1.08,
        "ntl_sum": 1.838,
        "exposure_score": 69.5,
        "lon": 88.66491,
        "lat": 27.3702,
        "rank_area": 290,
        "rank_exposure": 221,
        "past_slides": 0
      },
      "geometry": {
        "type": "Point",
        "coordinates": [
          88.66491,
          27.3702
        ]
      }
    },
    {
      "type": "Feature",
      "id": 291,
      "properties": {
        "area_ha": 3.42,
        "area_km2": 0.0342,
        "mean_index": 0.6574,
        "max_index": 0.6735,
        "mean_slope_deg": 30.0,
        "max_slope_deg": 39.0,
        "min_dist_road_m": 1050,
        "builtup_ha": 0.09,
        "cropland_ha": 0.36,
        "ntl_sum": 1.102,
        "exposure_score": 62.5,
        "lon": 88.26881,
        "lat": 27.34701,
        "rank_area": 291,
        "rank_exposure": 316,
        "past_slides": 0
      },
      "geometry": {
        "type": "Point",
        "coordinates": [
          88.26881,
          27.34701
        ]
      }
    },
    {
      "type": "Feature",
      "id": 292,
      "properties": {
        "area_ha": 3.42,
        "area_km2": 0.0342,
        "mean_index": 0.6645,
        "max_index": 0.6916,
        "mean_slope_deg": 21.9,
        "max_slope_deg": 38.9,
        "min_dist_road_m": 0,
        "builtup_ha": 0.36,
        "cropland_ha": 2.79,
        "ntl_sum": 0.528,
        "exposure_score": 61.6,
        "lon": 88.84898,
        "lat": 27.33052,
        "rank_area": 292,
        "rank_exposure": 329,
        "past_slides": 0
      },
      "geometry": {
        "type": "Point",
        "coordinates": [
          88.84898,
          27.33052
        ]
      }
    },
    {
      "type": "Feature",
      "id": 293,
      "properties": {
        "area_ha": 3.42,
        "area_km2": 0.0342,
        "mean_index": 0.6721,
        "max_index": 0.7134,
        "mean_slope_deg": 33.9,
        "max_slope_deg": 40.1,
        "min_dist_road_m": 335,
        "builtup_ha": 0.0,
        "cropland_ha": 0.0,
        "ntl_sum": 1.258,
        "exposure_score": 69.6,
        "lon": 88.31651,
        "lat": 27.31949,
        "rank_area": 293,
        "rank_exposure": 218,
        "past_slides": 0
      },
      "geometry": {
        "type": "Point",
        "coordinates": [
          88.31651,
          27.31949
        ]
      }
    },
    {
      "type": "Feature",
      "id": 294,
      "properties": {
        "area_ha": 3.42,
        "area_km2": 0.0342,
        "mean_index": 0.701,
        "max_index": 0.7648,
        "mean_slope_deg": 26.8,
        "max_slope_deg": 37.2,
        "min_dist_road_m": 192,
        "builtup_ha": 0.0,
        "cropland_ha": 0.0,
        "ntl_sum": 1.945,
        "exposure_score": 77.9,
        "lon": 88.19319,
        "lat": 27.30313,
        "rank_area": 294,
        "rank_exposure": 132,
        "past_slides": 0
      },
      "geometry": {
        "type": "Point",
        "coordinates": [
          88.19319,
          27.30313
        ]
      }
    },
    {
      "type": "Feature",
      "id": 295,
      "properties": {
        "area_ha": 3.42,
        "area_km2": 0.0342,
        "mean_index": 0.6667,
        "max_index": 0.6983,
        "mean_slope_deg": 26.5,
        "max_slope_deg": 32.4,
        "min_dist_road_m": 1890,
        "builtup_ha": 0.0,
        "cropland_ha": 0.0,
        "ntl_sum": 1.177,
        "exposure_score": 36.6,
        "lon": 88.33567,
        "lat": 27.29819,
        "rank_area": 295,
        "rank_exposure": 718,
        "past_slides": 0
      },
      "geometry": {
        "type": "Point",
        "coordinates": [
          88.33567,
          27.29819
        ]
      }
    },
    {
      "type": "Feature",
      "id": 296,
      "properties": {
        "area_ha": 3.42,
        "area_km2": 0.0342,
        "mean_index": 0.6735,
        "max_index": 0.7183,
        "mean_slope_deg": 25.8,
        "max_slope_deg": 30.7,
        "min_dist_road_m": 192,
        "builtup_ha": 0.0,
        "cropland_ha": 0.18,
        "ntl_sum": 1.892,
        "exposure_score": 61.7,
        "lon": 88.45588,
        "lat": 27.27356,
        "rank_area": 296,
        "rank_exposure": 324,
        "past_slides": 0
      },
      "geometry": {
        "type": "Point",
        "coordinates": [
          88.45588,
          27.27356
        ]
      }
    },
    {
      "type": "Feature",
      "id": 297,
      "properties": {
        "area_ha": 3.42,
        "area_km2": 0.0342,
        "mean_index": 0.6742,
        "max_index": 0.728,
        "mean_slope_deg": 31.0,
        "max_slope_deg": 39.5,
        "min_dist_road_m": 459,
        "builtup_ha": 0.0,
        "cropland_ha": 0.0,
        "ntl_sum": 1.793,
        "exposure_score": 58.4,
        "lon": 88.56044,
        "lat": 27.27027,
        "rank_area": 297,
        "rank_exposure": 378,
        "past_slides": 0
      },
      "geometry": {
        "type": "Point",
        "coordinates": [
          88.56044,
          27.27027
        ]
      }
    },
    {
      "type": "Feature",
      "id": 298,
      "properties": {
        "area_ha": 3.42,
        "area_km2": 0.0342,
        "mean_index": 0.6793,
        "max_index": 0.7346,
        "mean_slope_deg": 28.5,
        "max_slope_deg": 35.5,
        "min_dist_road_m": 891,
        "builtup_ha": 0.0,
        "cropland_ha": 0.0,
        "ntl_sum": 1.559,
        "exposure_score": 48.7,
        "lon": 88.41105,
        "lat": 27.26319,
        "rank_area": 298,
        "rank_exposure": 525,
        "past_slides": 0
      },
      "geometry": {
        "type": "Point",
        "coordinates": [
          88.41105,
          27.26319
        ]
      }
    },
    {
      "type": "Feature",
      "id": 299,
      "properties": {
        "area_ha": 3.42,
        "area_km2": 0.0342,
        "mean_index": 0.6766,
        "max_index": 0.7259,
        "mean_slope_deg": 40.6,
        "max_slope_deg": 47.7,
        "min_dist_road_m": 324,
        "builtup_ha": 0.0,
        "cropland_ha": 0.0,
        "ntl_sum": 2.493,
        "exposure_score": 67.7,
        "lon": 88.50679,
        "lat": 27.22523,
        "rank_area": 299,
        "rank_exposure": 244,
        "past_slides": 0
      },
      "geometry": {
        "type": "Point",
        "coordinates": [
          88.50679,
          27.22523
        ]
      }
    },
    {
      "type": "Feature",
      "id": 300,
      "properties": {
        "area_ha": 3.42,
        "area_km2": 0.0342,
        "mean_index": 0.668,
        "max_index": 0.709,
        "mean_slope_deg": 33.1,
        "max_slope_deg": 42.9,
        "min_dist_road_m": 2928,
        "builtup_ha": 0.0,
        "cropland_ha": 0.0,
        "ntl_sum": 1.274,
        "exposure_score": 42.3,
        "lon": 88.55114,
        "lat": 27.22488,
        "rank_area": 300,
        "rank_exposure": 638,
        "past_slides": 0
      },
      "geometry": {
        "type": "Point",
        "coordinates": [
          88.55114,
          27.22488
        ]
      }
    },
    {
      "type": "Feature",
      "id": 301,
      "properties": {
        "area_ha": 3.42,
        "area_km2": 0.0342,
        "mean_index": 0.6663,
        "max_index": 0.7104,
        "mean_slope_deg": 27.8,
        "max_slope_deg": 33.8,
        "min_dist_road_m": 1383,
        "builtup_ha": 0.0,
        "cropland_ha": 0.0,
        "ntl_sum": 1.596,
        "exposure_score": 53.6,
        "lon": 88.52535,
        "lat": 27.22029,
        "rank_area": 301,
        "rank_exposure": 445,
        "past_slides": 0
      },
      "geometry": {
        "type": "Point",
        "coordinates": [
          88.52535,
          27.22029
        ]
      }
    },
    {
      "type": "Feature",
      "id": 302,
      "properties": {
        "area_ha": 3.42,
        "area_km2": 0.0342,
        "mean_index": 0.6763,
        "max_index": 0.7165,
        "mean_slope_deg": 28.4,
        "max_slope_deg": 38.4,
        "min_dist_road_m": 295,
        "builtup_ha": 0.0,
        "cropland_ha": 0.0,
        "ntl_sum": 1.515,
        "exposure_score": 61.6,
        "lon": 88.44904,
        "lat": 27.16559,
        "rank_area": 302,
        "rank_exposure": 330,
        "past_slides": 0
      },
      "geometry": {
        "type": "Point",
        "coordinates": [
          88.44904,
          27.16559
        ]
      }
    },
    {
      "type": "Feature",
      "id": 303,
      "properties": {
        "area_ha": 3.42,
        "area_km2": 0.0342,
        "mean_index": 0.6726,
        "max_index": 0.7176,
        "mean_slope_deg": 27.3,
        "max_slope_deg": 41.3,
        "min_dist_road_m": 201,
        "builtup_ha": 0.0,
        "cropland_ha": 0.0,
        "ntl_sum": 2.563,
        "exposure_score": 68.4,
        "lon": 88.48123,
        "lat": 27.15983,
        "rank_area": 303,
        "rank_exposure": 237,
        "past_slides": 0
      },
      "geometry": {
        "type": "Point",
        "coordinates": [
          88.48123,
          27.15983
        ]
      }
    },
    {
      "type": "Feature",
      "id": 304,
      "properties": {
        "area_ha": 3.33,
        "area_km2": 0.0333,
        "mean_index": 0.6807,
        "max_index": 0.7228,
        "mean_slope_deg": 35.0,
        "max_slope_deg": 51.5,
        "min_dist_road_m": 330,
        "builtup_ha": 0.0,
        "cropland_ha": 0.0,
        "ntl_sum": 0.809,
        "exposure_score": 60.3,
        "lon": 88.62023,
        "lat": 27.41311,
        "rank_area": 304,
        "rank_exposure": 352,
        "past_slides": 0
      },
      "geometry": {
        "type": "Point",
        "coordinates": [
          88.62023,
          27.41311
        ]
      }
    },
    {
      "type": "Feature",
      "id": 305,
      "properties": {
        "area_ha": 3.33,
        "area_km2": 0.0333,
        "mean_index": 0.6699,
        "max_index": 0.705,
        "mean_slope_deg": 30.8,
        "max_slope_deg": 39.3,
        "min_dist_road_m": 1239,
        "builtup_ha": 0.0,
        "cropland_ha": 0.0,
        "ntl_sum": 1.976,
        "exposure_score": 62.4,
        "lon": 88.53361,
        "lat": 27.39594,
        "rank_area": 305,
        "rank_exposure": 317,
        "past_slides": 0
      },
      "geometry": {
        "type": "Point",
        "coordinates": [
          88.53361,
          27.39594
        ]
      }
    },
    {
      "type": "Feature",
      "id": 306,
      "properties": {
        "area_ha": 3.33,
        "area_km2": 0.0333,
        "mean_index": 0.6836,
        "max_index": 0.7273,
        "mean_slope_deg": 45.3,
        "max_slope_deg": 60.3,
        "min_dist_road_m": 2890,
        "builtup_ha": 0.0,
        "cropland_ha": 0.27,
        "ntl_sum": 0.7,
        "exposure_score": 37.6,
        "lon": 88.32583,
        "lat": 27.38562,
        "rank_area": 306,
        "rank_exposure": 695,
        "past_slides": 0
      },
      "geometry": {
        "type": "Point",
        "coordinates": [
          88.32583,
          27.38562
        ]
      }
    },
    {
      "type": "Feature",
      "id": 307,
      "properties": {
        "area_ha": 3.33,
        "area_km2": 0.0333,
        "mean_index": 0.7028,
        "max_index": 0.7488,
        "mean_slope_deg": 29.0,
        "max_slope_deg": 42.4,
        "min_dist_road_m": 1099,
        "builtup_ha": 0.0,
        "cropland_ha": 0.0,
        "ntl_sum": 0.734,
        "exposure_score": 47.9,
        "lon": 88.1818,
        "lat": 27.35563,
        "rank_area": 307,
        "rank_exposure": 543,
        "past_slides": 0
      },
      "geometry": {
        "type": "Point",
        "coordinates": [
          88.1818,
          27.35563
        ]
      }
    },
    {
      "type": "Feature",
      "id": 308,
      "properties": {
        "area_ha": 3.33,
        "area_km2": 0.0333,
        "mean_index": 0.6642,
        "max_index": 0.6971,
        "mean_slope_deg": 41.0,
        "max_slope_deg": 49.2,
        "min_dist_road_m": 382,
        "builtup_ha": 0.0,
        "cropland_ha": 0.09,
        "ntl_sum": 1.682,
        "exposure_score": 67.3,
        "lon": 88.23071,
        "lat": 27.34505,
        "rank_area": 308,
        "rank_exposure": 247,
        "past_slides": 0
      },
      "geometry": {
        "type": "Point",
        "coordinates": [
          88.23071,
          27.34505
        ]
      }
    },
    {
      "type": "Feature",
      "id": 309,
      "properties": {
        "area_ha": 3.33,
        "area_km2": 0.0333,
        "mean_index": 0.6667,
        "max_index": 0.7168,
        "mean_slope_deg": 41.5,
        "max_slope_deg": 56.9,
        "min_dist_road_m": 1412,
        "builtup_ha": 0.0,
        "cropland_ha": 0.0,
        "ntl_sum": 1.292,
        "exposure_score": 58.8,
        "lon": 88.32425,
        "lat": 27.30304,
        "rank_area": 309,
        "rank_exposure": 369,
        "past_slides": 0
      },
      "geometry": {
        "type": "Point",
        "coordinates": [
          88.32425,
          27.30304
        ]
      }
    },
    {
      "type": "Feature",
      "id": 310,
      "properties": {
        "area_ha": 3.33,
        "area_km2": 0.0333,
        "mean_index": 0.6781,
        "max_index": 0.7396,
        "mean_slope_deg": 42.8,
        "max_slope_deg": 52.8,
        "min_dist_road_m": 711,
        "builtup_ha": 0.0,
        "cropland_ha": 0.0,
        "ntl_sum": 3.768,
        "exposure_score": 60.2,
        "lon": 88.2158,
        "lat": 27.29319,
        "rank_area": 310,
        "rank_exposure": 355,
        "past_slides": 0
      },
      "geometry": {
        "type": "Point",
        "coordinates": [
          88.2158,
          27.29319
        ]
      }
    },
    {
      "type": "Feature",
      "id": 311,
      "properties": {
        "area_ha": 3.33,
        "area_km2": 0.0333,
        "mean_index": 0.6778,
        "max_index": 0.7377,
        "mean_slope_deg": 22.1,
        "max_slope_deg": 29.2,
        "min_dist_road_m": 0,
        "builtup_ha": 0.0,
        "cropland_ha": 0.72,
        "ntl_sum": 1.836,
        "exposure_score": 60.8,
        "lon": 88.43627,
        "lat": 27.28649,
        "rank_area": 311,
        "rank_exposure": 342,
        "past_slides": 0
      },
      "geometry": {
        "type": "Point",
        "coordinates": [
          88.43627,
          27.28649
        ]
      }
    },
    {
      "type": "Feature",
      "id": 312,
      "properties": {
        "area_ha": 3.33,
        "area_km2": 0.0333,
        "mean_index": 0.6658,
        "max_index": 0.7032,
        "mean_slope_deg": 32.8,
        "max_slope_deg": 42.3,
        "min_dist_road_m": 589,
        "builtup_ha": 0.0,
        "cropland_ha": 0.0,
        "ntl_sum": 2.089,
        "exposure_score": 54.8,
        "lon": 88.56696,
        "lat": 27.25449,
        "rank_area": 312,
        "rank_exposure": 429,
        "past_slides": 0
      },
      "geometry": {
        "type": "Point",
        "coordinates": [
          88.56696,
          27.25449
        ]
      }
    },
    {
      "type": "Feature",
      "id": 313,
      "properties": {
        "area_ha": 3.33,
        "area_km2": 0.0333,
        "mean_index": 0.6644,
        "max_index": 0.6948,
        "mean_slope_deg": 36.0,
        "max_slope_deg": 46.1,
        "min_dist_road_m": 1106,
        "builtup_ha": 0.0,
        "cropland_ha": 0.0,
        "ntl_sum": 1.666,
        "exposure_score": 48.1,
        "lon": 88.55561,
        "lat": 27.24839,
        "rank_area": 313,
        "rank_exposure": 539,
        "past_slides": 0
      },
      "geometry": {
        "type": "Point",
        "coordinates": [
          88.55561,
          27.24839
        ]
      }
    },
    {
      "type": "Feature",
      "id": 314,
      "properties": {
        "area_ha": 3.33,
        "area_km2": 0.0333,
        "mean_index": 0.6659,
        "max_index": 0.6989,
        "mean_slope_deg": 32.3,
        "max_slope_deg": 44.3,
        "min_dist_road_m": 1060,
        "builtup_ha": 0.0,
        "cropland_ha": 0.0,
        "ntl_sum": 2.245,
        "exposure_score": 51.7,
        "lon": 88.54447,
        "lat": 27.23998,
        "rank_area": 314,
        "rank_exposure": 476,
        "past_slides": 0
      },
      "geometry": {
        "type": "Point",
        "coordinates": [
          88.54447,
          27.23998
        ]
      }
    },
    {
      "type": "Feature",
      "id": 315,
      "properties": {
        "area_ha": 3.33,
        "area_km2": 0.0333,
        "mean_index": 0.6871,
        "max_index": 0.7504,
        "mean_slope_deg": 33.8,
        "max_slope_deg": 45.9,
        "min_dist_road_m": 1621,
        "builtup_ha": 0.0,
        "cropland_ha": 0.0,
        "ntl_sum": 1.979,
        "exposure_score": 49.8,
        "lon": 88.27596,
        "lat": 27.17025,
        "rank_area": 315,
        "rank_exposure": 504,
        "past_slides": 0
      },
      "geometry": {
        "type": "Point",
        "coordinates": [
          88.27596,
          27.17025
        ]
      }
    },
    {
      "type": "Feature",
      "id": 316,
      "properties": {
        "area_ha": 3.24,
        "area_km2": 0.0324,
        "mean_index": 0.663,
        "max_index": 0.6914,
        "mean_slope_deg": 32.9,
        "max_slope_deg": 41.0,
        "min_dist_road_m": 0,
        "builtup_ha": 0.0,
        "cropland_ha": 0.0,
        "ntl_sum": 2.055,
        "exposure_score": 74.8,
        "lon": 88.6498,
        "lat": 27.57414,
        "rank_area": 316,
        "rank_exposure": 154,
        "past_slides": 0
      },
      "geometry": {
        "type": "Point",
        "coordinates": [
          88.6498,
          27.57414
        ]
      }
    },
    {
      "type": "Feature",
      "id": 317,
      "properties": {
        "area_ha": 3.24,
        "area_km2": 0.0324,
        "mean_index": 0.6789,
        "max_index": 0.7378,
        "mean_slope_deg": 39.3,
        "max_slope_deg": 52.9,
        "min_dist_road_m": 976,
        "builtup_ha": 0.0,
        "cropland_ha": 0.0,
        "ntl_sum": 0.805,
        "exposure_score": 48.7,
        "lon": 88.69858,
        "lat": 27.36574,
        "rank_area": 317,
        "rank_exposure": 526,
        "past_slides": 0
      },
      "geometry": {
        "type": "Point",
        "coordinates": [
          88.69858,
          27.36574
        ]
      }
    },
    {
      "type": "Feature",
      "id": 318,
      "properties": {
        "area_ha": 3.24,
        "area_km2": 0.0324,
        "mean_index": 0.66,
        "max_index": 0.7212,
        "mean_slope_deg": 34.0,
        "max_slope_deg": 44.4,
        "min_dist_road_m": 1589,
        "builtup_ha": 0.0,
        "cropland_ha": 0.0,
        "ntl_sum": 0.905,
        "exposure_score": 44.8,
        "lon": 88.26378,
        "lat": 27.35288,
        "rank_area": 318,
        "rank_exposure": 590,
        "past_slides": 0
      },
      "geometry": {
        "type": "Point",
        "coordinates": [
          88.26378,
          27.35288
        ]
      }
    },
    {
      "type": "Feature",
      "id": 319,
      "properties": {
        "area_ha": 3.24,
        "area_km2": 0.0324,
        "mean_index": 0.6719,
        "max_index": 0.7208,
        "mean_slope_deg": 34.9,
        "max_slope_deg": 47.8,
        "min_dist_road_m": 1620,
        "builtup_ha": 0.0,
        "cropland_ha": 0.18,
        "ntl_sum": 1.888,
        "exposure_score": 61.3,
        "lon": 88.2456,
        "lat": 27.34194,
        "rank_area": 319,
        "rank_exposure": 334,
        "past_slides": 0
      },
      "geometry": {
        "type": "Point",
        "coordinates": [
          88.2456,
          27.34194
        ]
      }
    },
    {
      "type": "Feature",
      "id": 320,
      "properties": {
        "area_ha": 3.24,
        "area_km2": 0.0324,
        "mean_index": 0.6676,
        "max_index": 0.7115,
        "mean_slope_deg": 34.9,
        "max_slope_deg": 51.9,
        "min_dist_road_m": 0,
        "builtup_ha": 0.0,
        "cropland_ha": 0.0,
        "ntl_sum": 0.835,
        "exposure_score": 65.5,
        "lon": 88.50197,
        "lat": 27.31843,
        "rank_area": 320,
        "rank_exposure": 271,
        "past_slides": 0
      },
      "geometry": {
        "type": "Point",
        "coordinates": [
          88.50197,
          27.31843
        ]
      }
    },
    {
      "type": "Feature",
      "id": 321,
      "properties": {
        "area_ha": 3.24,
        "area_km2": 0.0324,
        "mean_index": 0.6769,
        "max_index": 0.7095,
        "mean_slope_deg": 29.6,
        "max_slope_deg": 42.0,
        "min_dist_road_m": 0,
        "builtup_ha": 0.0,
        "cropland_ha": 0.0,
        "ntl_sum": 2.604,
        "exposure_score": 81.9,
        "lon": 88.62152,
        "lat": 27.30207,
        "rank_area": 321,
        "rank_exposure": 97,
        "past_slides": 0
      },
      "geometry": {
        "type": "Point",
        "coordinates": [
          88.62152,
          27.30207
        ]
      }
    },
    {
      "type": "Feature",
      "id": 322,
      "properties": {
        "area_ha": 3.24,
        "area_km2": 0.0324,
        "mean_index": 0.6812,
        "max_index": 0.7352,
        "mean_slope_deg": 25.5,
        "max_slope_deg": 36.0,
        "min_dist_road_m": 1032,
        "builtup_ha": 0.0,
        "cropland_ha": 0.0,
        "ntl_sum": 0.997,
        "exposure_score": 39.5,
        "lon": 88.63947,
        "lat": 27.26503,
        "rank_area": 322,
        "rank_exposure": 672,
        "past_slides": 0
      },
      "geometry": {
        "type": "Point",
        "coordinates": [
          88.63947,
          27.26503
        ]
      }
    },
    {
      "type": "Feature",
      "id": 323,
      "properties": {
        "area_ha": 3.24,
        "area_km2": 0.0324,
        "mean_index": 0.6582,
        "max_index": 0.6952,
        "mean_slope_deg": 34.5,
        "max_slope_deg": 40.4,
        "min_dist_road_m": 914,
        "builtup_ha": 0.0,
        "cropland_ha": 0.0,
        "ntl_sum": 1.468,
        "exposure_score": 46.1,
        "lon": 88.41853,
        "lat": 27.25675,
        "rank_area": 323,
        "rank_exposure": 572,
        "past_slides": 1
      },
      "geometry": {
        "type": "Point",
        "coordinates": [
          88.41853,
          27.25675
        ]
      }
    },
    {
      "type": "Feature",
      "id": 324,
      "properties": {
        "area_ha": 3.24,
        "area_km2": 0.0324,
        "mean_index": 0.6619,
        "max_index": 0.7023,
        "mean_slope_deg": 33.8,
        "max_slope_deg": 45.1,
        "min_dist_road_m": 0,
        "builtup_ha": 0.0,
        "cropland_ha": 0.09,
        "ntl_sum": 4.832,
        "exposure_score": 66.4,
        "lon": 88.44788,
        "lat": 27.2463,
        "rank_area": 324,
        "rank_exposure": 261,
        "past_slides": 0
      },
      "geometry": {
        "type": "Point",
        "coordinates": [
          88.44788,
          27.2463
        ]
      }
    },
    {
      "type": "Feature",
      "id": 325,
      "properties": {
        "area_ha": 3.24,
        "area_km2": 0.0324,
        "mean_index": 0.6954,
        "max_index": 0.7776,
        "mean_slope_deg": 23.2,
        "max_slope_deg": 32.2,
        "min_dist_road_m": 190,
        "builtup_ha": 0.0,
        "cropland_ha": 0.0,
        "ntl_sum": 3.518,
        "exposure_score": 63.5,
        "lon": 88.59935,
        "lat": 27.23991,
        "rank_area": 325,
        "rank_exposure": 301,
        "past_slides": 0
      },
      "geometry": {
        "type": "Point",
        "coordinates": [
          88.59935,
          27.23991
        ]
      }
    },
    {
      "type": "Feature",
      "id": 326,
      "properties": {
        "area_ha": 3.24,
        "area_km2": 0.0324,
        "mean_index": 0.6626,
        "max_index": 0.6874,
        "mean_slope_deg": 23.2,
        "max_slope_deg": 35.4,
        "min_dist_road_m": 0,
        "builtup_ha": 0.0,
        "cropland_ha": 0.0,
        "ntl_sum": 1.839,
        "exposure_score": 68.8,
        "lon": 88.68398,
        "lat": 27.21414,
        "rank_area": 326,
        "rank_exposure": 234,
        "past_slides": 0
      },
      "geometry": {
        "type": "Point",
        "coordinates": [
          88.68398,
          27.21414
        ]
      }
    },
    {
      "type": "Feature",
      "id": 327,
      "properties": {
        "area_ha": 3.24,
        "area_km2": 0.0324,
        "mean_index": 0.6619,
        "max_index": 0.6857,
        "mean_slope_deg": 28.9,
        "max_slope_deg": 36.4,
        "min_dist_road_m": 180,
        "builtup_ha": 0.0,
        "cropland_ha": 0.0,
        "ntl_sum": 4.023,
        "exposure_score": 69.2,
        "lon": 88.54164,
        "lat": 27.19357,
        "rank_area": 327,
        "rank_exposure": 226,
        "past_slides": 0
      },
      "geometry": {
        "type": "Point",
        "coordinates": [
          88.54164,
          27.19357
        ]
      }
    },
    {
      "type": "Feature",
      "id": 328,
      "properties": {
        "area_ha": 3.15,
        "area_km2": 0.0315,
        "mean_index": 0.6845,
        "max_index": 0.7332,
        "mean_slope_deg": 37.2,
        "max_slope_deg": 47.9,
        "min_dist_road_m": 1140,
        "builtup_ha": 0.0,
        "cropland_ha": 0.0,
        "ntl_sum": 1.495,
        "exposure_score": 58.4,
        "lon": 88.55439,
        "lat": 27.52799,
        "rank_area": 328,
        "rank_exposure": 379,
        "past_slides": 0
      },
      "geometry": {
        "type": "Point",
        "coordinates": [
          88.55439,
          27.52799
        ]
      }
    },
    {
      "type": "Feature",
      "id": 329,
      "properties": {
        "area_ha": 3.15,
        "area_km2": 0.0315,
        "mean_index": 0.6874,
        "max_index": 0.7556,
        "mean_slope_deg": 21.7,
        "max_slope_deg": 27.8,
        "min_dist_road_m": 0,
        "builtup_ha": 1.71,
        "cropland_ha": 0.0,
        "ntl_sum": 2.861,
        "exposure_score": 85.7,
        "lon": 88.53517,
        "lat": 27.5014,
        "rank_area": 329,
        "rank_exposure": 79,
        "past_slides": 0
      },
      "geometry": {
        "type": "Point",
        "coordinates": [
          88.53517,
          27.5014
        ]
      }
    },
    {
      "type": "Feature",
      "id": 330,
      "properties": {
        "area_ha": 3.15,
        "area_km2": 0.0315,
        "mean_index": 0.6641,
        "max_index": 0.7023,
        "mean_slope_deg": 28.5,
        "max_slope_deg": 40.0,
        "min_dist_road_m": 0,
        "builtup_ha": 0.0,
        "cropland_ha": 0.0,
        "ntl_sum": 0.972,
        "exposure_score": 61.8,
        "lon": 88.28201,
        "lat": 27.345,
        "rank_area": 330,
        "rank_exposure": 323,
        "past_slides": 0
      },
      "geometry": {
        "type": "Point",
        "coordinates": [
          88.28201,
          27.345
        ]
      }
    },
    {
      "type": "Feature",
      "id": 331,
      "properties": {
        "area_ha": 3.15,
        "area_km2": 0.0315,
        "mean_index": 0.6674,
        "max_index": 0.6991,
        "mean_slope_deg": 35.7,
        "max_slope_deg": 48.1,
        "min_dist_road_m": 0,
        "builtup_ha": 0.09,
        "cropland_ha": 0.0,
        "ntl_sum": 1.24,
        "exposure_score": 74.2,
        "lon": 88.47157,
        "lat": 27.31862,
        "rank_area": 331,
        "rank_exposure": 162,
        "past_slides": 0
      },
      "geometry": {
        "type": "Point",
        "coordinates": [
          88.47157,
          27.31862
        ]
      }
    },
    {
      "type": "Feature",
      "id": 332,
      "properties": {
        "area_ha": 3.15,
        "area_km2": 0.0315,
        "mean_index": 0.6744,
        "max_index": 0.7403,
        "mean_slope_deg": 24.7,
        "max_slope_deg": 27.4,
        "min_dist_road_m": 0,
        "builtup_ha": 0.0,
        "cropland_ha": 0.99,
        "ntl_sum": 2.278,
        "exposure_score": 79.9,
        "lon": 88.42923,
        "lat": 27.29862,
        "rank_area": 332,
        "rank_exposure": 109,
        "past_slides": 0
      },
      "geometry": {
        "type": "Point",
        "coordinates": [
          88.42923,
          27.29862
        ]
      }
    },
    {
      "type": "Feature",
      "id": 333,
      "properties": {
        "area_ha": 3.15,
        "area_km2": 0.0315,
        "mean_index": 0.6724,
        "max_index": 0.7319,
        "mean_slope_deg": 30.6,
        "max_slope_deg": 39.8,
        "min_dist_road_m": 268,
        "builtup_ha": 0.0,
        "cropland_ha": 0.27,
        "ntl_sum": 2.283,
        "exposure_score": 78.1,
        "lon": 88.40755,
        "lat": 27.29789,
        "rank_area": 333,
        "rank_exposure": 129,
        "past_slides": 0
      },
      "geometry": {
        "type": "Point",
        "coordinates": [
          88.40755,
          27.29789
        ]
      }
    },
    {
      "type": "Feature",
      "id": 334,
      "properties": {
        "area_ha": 3.15,
        "area_km2": 0.0315,
        "mean_index": 0.6901,
        "max_index": 0.7355,
        "mean_slope_deg": 26.1,
        "max_slope_deg": 32.5,
        "min_dist_road_m": 931,
        "builtup_ha": 0.0,
        "cropland_ha": 0.0,
        "ntl_sum": 0.774,
        "exposure_score": 39.5,
        "lon": 88.19675,
        "lat": 27.29579,
        "rank_area": 334,
        "rank_exposure": 673,
        "past_slides": 0
      },
      "geometry": {
        "type": "Point",
        "coordinates": [
          88.19675,
          27.29579
        ]
      }
    },
    {
      "type": "Feature",
      "id": 335,
      "properties": {
        "area_ha": 3.15,
        "area_km2": 0.0315,
        "mean_index": 0.6585,
        "max_index": 0.6877,
        "mean_slope_deg": 26.8,
        "max_slope_deg": 33.4,
        "min_dist_road_m": 162,
        "builtup_ha": 0.0,
        "cropland_ha": 0.09,
        "ntl_sum": 1.411,
        "exposure_score": 54.4,
        "lon": 88.40833,
        "lat": 27.25455,
        "rank_area": 335,
        "rank_exposure": 433,
        "past_slides": 0
      },
      "geometry": {
        "type": "Point",
        "coordinates": [
          88.40833,
          27.25455
        ]
      }
    },
    {
      "type": "Feature",
      "id": 336,
      "properties": {
        "area_ha": 3.15,
        "area_km2": 0.0315,
        "mean_index": 0.6742,
        "max_index": 0.7396,
        "mean_slope_deg": 22.7,
        "max_slope_deg": 27.5,
        "min_dist_road_m": 850,
        "builtup_ha": 0.0,
        "cropland_ha": 0.0,
        "ntl_sum": 0.785,
        "exposure_score": 37.5,
        "lon": 88.09562,
        "lat": 27.25762,
        "rank_area": 336,
        "rank_exposure": 698,
        "past_slides": 0
      },
      "geometry": {
        "type": "Point",
        "coordinates": [
          88.09562,
          27.25762
        ]
      }
    },
    {
      "type": "Feature",
      "id": 337,
      "properties": {
        "area_ha": 3.15,
        "area_km2": 0.0315,
        "mean_index": 0.6873,
        "max_index": 0.7581,
        "mean_slope_deg": 20.3,
        "max_slope_deg": 24.2,
        "min_dist_road_m": 0,
        "builtup_ha": 0.0,
        "cropland_ha": 0.0,
        "ntl_sum": 1.708,
        "exposure_score": 65.2,
        "lon": 88.41684,
        "lat": 27.22847,
        "rank_area": 337,
        "rank_exposure": 275,
        "past_slides": 0
      },
      "geometry": {
        "type": "Point",
        "coordinates": [
          88.41684,
          27.22847
        ]
      }
    },
    {
      "type": "Feature",
      "id": 338,
      "properties": {
        "area_ha": 3.15,
        "area_km2": 0.0315,
        "mean_index": 0.6792,
        "max_index": 0.7232,
        "mean_slope_deg": 24.3,
        "max_slope_deg": 33.0,
        "min_dist_road_m": 242,
        "builtup_ha": 0.0,
        "cropland_ha": 0.18,
        "ntl_sum": 2.183,
        "exposure_score": 68.4,
        "lon": 88.50982,
        "lat": 27.20746,
        "rank_area": 338,
        "rank_exposure": 238,
        "past_slides": 0
      },
      "geometry": {
        "type": "Point",
        "coordinates": [
          88.50982,
          27.20746
        ]
      }
    },
    {
      "type": "Feature",
      "id": 339,
      "properties": {
        "area_ha": 3.15,
        "area_km2": 0.0315,
        "mean_index": 0.6728,
        "max_index": 0.7117,
        "mean_slope_deg": 31.8,
        "max_slope_deg": 41.0,
        "min_dist_road_m": 175,
        "builtup_ha": 0.0,
        "cropland_ha": 0.0,
        "ntl_sum": 1.898,
        "exposure_score": 63.7,
        "lon": 88.69413,
        "lat": 27.19696,
        "rank_area": 339,
        "rank_exposure": 300,
        "past_slides": 0
      },
      "geometry": {
        "type": "Point",
        "coordinates": [
          88.69413,
          27.19696
        ]
      }
    },
    {
      "type": "Feature",
      "id": 340,
      "properties": {
        "area_ha": 3.15,
        "area_km2": 0.0315,
        "mean_index": 0.6901,
        "max_index": 0.7983,
        "mean_slope_deg": 15.2,
        "max_slope_deg": 25.3,
        "min_dist_road_m": 872,
        "builtup_ha": 0.0,
        "cropland_ha": 0.27,
        "ntl_sum": 2.581,
        "exposure_score": 58.5,
        "lon": 88.32835,
        "lat": 27.17599,
        "rank_area": 340,
        "rank_exposure": 375,
        "past_slides": 0
      },
      "geometry": {
        "type": "Point",
        "coordinates": [
          88.32835,
          27.17599
        ]
      }
    },
    {
      "type": "Feature",
      "id": 341,
      "properties": {
        "area_ha": 3.15,
        "area_km2": 0.0315,
        "mean_index": 0.6804,
        "max_index": 0.7227,
        "mean_slope_deg": 23.4,
        "max_slope_deg": 30.5,
        "min_dist_road_m": 150,
        "builtup_ha": 0.0,
        "cropland_ha": 0.0,
        "ntl_sum": 2.764,
        "exposure_score": 68.9,
        "lon": 88.47233,
        "lat": 27.1644,
        "rank_area": 341,
        "rank_exposure": 230,
        "past_slides": 0
      },
      "geometry": {
        "type": "Point",
        "coordinates": [
          88.47233,
          27.1644
        ]
      }
    },
    {
      "type": "Feature",
      "id": 342,
      "properties": {
        "area_ha": 3.06,
        "area_km2": 0.0306,
        "mean_index": 0.6735,
        "max_index": 0.7181,
        "mean_slope_deg": 33.1,
        "max_slope_deg": 45.9,
        "min_dist_road_m": 301,
        "builtup_ha": 0.0,
        "cropland_ha": 0.0,
        "ntl_sum": 1.703,
        "exposure_score": 69.8,
        "lon": 88.64491,
        "lat": 27.57447,
        "rank_area": 342,
        "rank_exposure": 212,
        "past_slides": 0
      },
      "geometry": {
        "type": "Point",
        "coordinates": [
          88.64491,
          27.57447
        ]
      }
    },
    {
      "type": "Feature",
      "id": 343,
      "properties": {
        "area_ha": 3.06,
        "area_km2": 0.0306,
        "mean_index": 0.7102,
        "max_index": 0.7645,
        "mean_slope_deg": 25.0,
        "max_slope_deg": 38.6,
        "min_dist_road_m": 190,
        "builtup_ha": 0.0,
        "cropland_ha": 0.0,
        "ntl_sum": 1.151,
        "exposure_score": 66.3,
        "lon": 88.60522,
        "lat": 27.40055,
        "rank_area": 343,
        "rank_exposure": 263,
        "past_slides": 0
      },
      "geometry": {
        "type": "Point",
        "coordinates": [
          88.60522,
          27.40055
        ]
      }
    },
    {
      "type": "Feature",
      "id": 344,
      "properties": {
        "area_ha": 3.06,
        "area_km2": 0.0306,
        "mean_index": 0.6665,
        "max_index": 0.7051,
        "mean_slope_deg": 25.5,
        "max_slope_deg": 35.5,
        "min_dist_road_m": 313,
        "builtup_ha": 0.0,
        "cropland_ha": 0.0,
        "ntl_sum": 0.766,
        "exposure_score": 63.0,
        "lon": 88.33325,
        "lat": 27.33761,
        "rank_area": 344,
        "rank_exposure": 308,
        "past_slides": 0
      },
      "geometry": {
        "type": "Point",
        "coordinates": [
          88.33325,
          27.33761
        ]
      }
    },
    {
      "type": "Feature",
      "id": 345,
      "properties": {
        "area_ha": 3.06,
        "area_km2": 0.0306,
        "mean_index": 0.6869,
        "max_index": 0.7474,
        "mean_slope_deg": 31.3,
        "max_slope_deg": 49.6,
        "min_dist_road_m": 2155,
        "builtup_ha": 0.0,
        "cropland_ha": 0.0,
        "ntl_sum": 0.665,
        "exposure_score": 27.0,
        "lon": 88.15581,
        "lat": 27.28476,
        "rank_area": 345,
        "rank_exposure": 827,
        "past_slides": 0
      },
      "geometry": {
        "type": "Point",
        "coordinates": [
          88.15581,
          27.28476
        ]
      }
    },
    {
      "type": "Feature",
      "id": 346,
      "properties": {
        "area_ha": 3.06,
        "area_km2": 0.0306,
        "mean_index": 0.6692,
        "max_index": 0.7203,
        "mean_slope_deg": 30.2,
        "max_slope_deg": 41.9,
        "min_dist_road_m": 2046,
        "builtup_ha": 0.0,
        "cropland_ha": 0.09,
        "ntl_sum": 1.12,
        "exposure_score": 35.5,
        "lon": 88.19702,
        "lat": 27.28184,
        "rank_area": 346,
        "rank_exposure": 736,
        "past_slides": 0
      },
      "geometry": {
        "type": "Point",
        "coordinates": [
          88.19702,
          27.28184
        ]
      }
    },
    {
      "type": "Feature",
      "id": 347,
      "properties": {
        "area_ha": 3.06,
        "area_km2": 0.0306,
        "mean_index": 0.6711,
        "max_index": 0.7201,
        "mean_slope_deg": 36.7,
        "max_slope_deg": 47.5,
        "min_dist_road_m": 175,
        "builtup_ha": 0.0,
        "cropland_ha": 0.0,
        "ntl_sum": 6.195,
        "exposure_score": 65.2,
        "lon": 88.57029,
        "lat": 27.26028,
        "rank_area": 347,
        "rank_exposure": 276,
        "past_slides": 0
      },
      "geometry": {
        "type": "Point",
        "coordinates": [
          88.57029,
          27.26028
        ]
      }
    },
    {
      "type": "Feature",
      "id": 348,
      "properties": {
        "area_ha": 3.06,
        "area_km2": 0.0306,
        "mean_index": 0.6902,
        "max_index": 0.7677,
        "mean_slope_deg": 17.8,
        "max_slope_deg": 25.9,
        "min_dist_road_m": 0,
        "builtup_ha": 1.26,
        "cropland_ha": 0.0,
        "ntl_sum": 3.534,
        "exposure_score": 86.4,
        "lon": 88.59588,
        "lat": 27.23007,
        "rank_area": 348,
        "rank_exposure": 73,
        "past_slides": 0
      },
      "geometry": {
        "type": "Point",
        "coordinates": [
          88.59588,
          27.23007
        ]
      }
    },
    {
      "type": "Feature",
      "id": 349,
      "properties": {
        "area_ha": 3.06,
        "area_km2": 0.0306,
        "mean_index": 0.6882,
        "max_index": 0.7456,
        "mean_slope_deg": 27.4,
        "max_slope_deg": 36.3,
        "min_dist_road_m": 283,
        "builtup_ha": 0.0,
        "cropland_ha": 0.0,
        "ntl_sum": 0.973,
        "exposure_score": 54.9,
        "lon": 88.71151,
        "lat": 27.22586,
        "rank_area": 349,
        "rank_exposure": 428,
        "past_slides": 0
      },
      "geometry": {
        "type": "Point",
        "coordinates": [
          88.71151,
          27.22586
        ]
      }
    },
    {
      "type": "Feature",
      "id": 350,
      "properties": {
        "area_ha": 3.06,
        "area_km2": 0.0306,
        "mean_index": 0.6701,
        "max_index": 0.7182,
        "mean_slope_deg": 30.0,
        "max_slope_deg": 48.0,
        "min_dist_road_m": 335,
        "builtup_ha": 0.0,
        "cropland_ha": 0.0,
        "ntl_sum": 1.025,
        "exposure_score": 57.0,
        "lon": 88.68436,
        "lat": 27.21982,
        "rank_area": 350,
        "rank_exposure": 400,
        "past_slides": 0
      },
      "geometry": {
        "type": "Point",
        "coordinates": [
          88.68436,
          27.21982
        ]
      }
    },
    {
      "type": "Feature",
      "id": 351,
      "properties": {
        "area_ha": 2.97,
        "area_km2": 0.0297,
        "mean_index": 0.6721,
        "max_index": 0.7254,
        "mean_slope_deg": 34.9,
        "max_slope_deg": 45.0,
        "min_dist_road_m": 3447,
        "builtup_ha": 0.0,
        "cropland_ha": 0.0,
        "ntl_sum": 0.611,
        "exposure_score": 32.6,
        "lon": 88.31314,
        "lat": 27.38303,
        "rank_area": 351,
        "rank_exposure": 775,
        "past_slides": 0
      },
      "geometry": {
        "type": "Point",
        "coordinates": [
          88.31314,
          27.38303
        ]
      }
    },
    {
      "type": "Feature",
      "id": 352,
      "properties": {
        "area_ha": 2.97,
        "area_km2": 0.0297,
        "mean_index": 0.6834,
        "max_index": 0.744,
        "mean_slope_deg": 17.6,
        "max_slope_deg": 23.7,
        "min_dist_road_m": 0,
        "builtup_ha": 0.27,
        "cropland_ha": 0.27,
        "ntl_sum": 0.944,
        "exposure_score": 70.4,
        "lon": 88.22085,
        "lat": 27.37872,
        "rank_area": 352,
        "rank_exposure": 199,
        "past_slides": 0
      },
      "geometry": {
        "type": "Point",
        "coordinates": [
          88.22085,
          27.37872
        ]
      }
    },
    {
      "type": "Feature",
      "id": 353,
      "properties": {
        "area_ha": 2.97,
        "area_km2": 0.0297,
        "mean_index": 0.6667,
        "max_index": 0.7066,
        "mean_slope_deg": 27.3,
        "max_slope_deg": 42.3,
        "min_dist_road_m": 242,
        "builtup_ha": 0.0,
        "cropland_ha": 0.0,
        "ntl_sum": 2.84,
        "exposure_score": 72.5,
        "lon": 88.5809,
        "lat": 27.29604,
        "rank_area": 353,
        "rank_exposure": 182,
        "past_slides": 0
      },
      "geometry": {
        "type": "Point",
        "coordinates": [
          88.5809,
          27.29604
        ]
      }
    },
    {
      "type": "Feature",
      "id": 354,
      "properties": {
        "area_ha": 2.97,
        "area_km2": 0.0297,
        "mean_index": 0.6734,
        "max_index": 0.71,
        "mean_slope_deg": 30.6,
        "max_slope_deg": 36.9,
        "min_dist_road_m": 949,
        "builtup_ha": 0.0,
        "cropland_ha": 0.0,
        "ntl_sum": 1.763,
        "exposure_score": 58.3,
        "lon": 88.51109,
        "lat": 27.22126,
        "rank_area": 354,
        "rank_exposure": 381,
        "past_slides": 0
      },
      "geometry": {
        "type": "Point",
        "coordinates": [
          88.51109,
          27.22126
        ]
      }
    },
    {
      "type": "Feature",
      "id": 355,
      "properties": {
        "area_ha": 2.97,
        "area_km2": 0.0297,
        "mean_index": 0.6582,
        "max_index": 0.6745,
        "mean_slope_deg": 29.6,
        "max_slope_deg": 40.4,
        "min_dist_road_m": 0,
        "builtup_ha": 0.0,
        "cropland_ha": 0.0,
        "ntl_sum": 3.516,
        "exposure_score": 70.1,
        "lon": 88.52119,
        "lat": 27.16631,
        "rank_area": 355,
        "rank_exposure": 203,
        "past_slides": 0
      },
      "geometry": {
        "type": "Point",
        "coordinates": [
          88.52119,
          27.16631
        ]
      }
    },
    {
      "type": "Feature",
      "id": 356,
      "properties": {
        "area_ha": 2.88,
        "area_km2": 0.0288,
        "mean_index": 0.6786,
        "max_index": 0.7171,
        "mean_slope_deg": 22.9,
        "max_slope_deg": 27.6,
        "min_dist_road_m": 162,
        "builtup_ha": 0.0,
        "cropland_ha": 0.09,
        "ntl_sum": 0.82,
        "exposure_score": 60.6,
        "lon": 88.59471,
        "lat": 27.43398,
        "rank_area": 356,
        "rank_exposure": 348,
        "past_slides": 0
      },
      "geometry": {
        "type": "Point",
        "coordinates": [
          88.59471,
          27.43398
        ]
      }
    },
    {
      "type": "Feature",
      "id": 357,
      "properties": {
        "area_ha": 2.88,
        "area_km2": 0.0288,
        "mean_index": 0.666,
        "max_index": 0.7086,
        "mean_slope_deg": 29.6,
        "max_slope_deg": 38.6,
        "min_dist_road_m": 3907,
        "builtup_ha": 0.0,
        "cropland_ha": 0.0,
        "ntl_sum": 0.613,
        "exposure_score": 36.2,
        "lon": 88.3201,
        "lat": 27.39271,
        "rank_area": 357,
        "rank_exposure": 729,
        "past_slides": 0
      },
      "geometry": {
        "type": "Point",
        "coordinates": [
          88.3201,
          27.39271
        ]
      }
    },
    {
      "type": "Feature",
      "id": 358,
      "properties": {
        "area_ha": 2.88,
        "area_km2": 0.0288,
        "mean_index": 0.664,
        "max_index": 0.699,
        "mean_slope_deg": 29.0,
        "max_slope_deg": 40.4,
        "min_dist_road_m": 0,
        "builtup_ha": 0.0,
        "cropland_ha": 0.0,
        "ntl_sum": 0.782,
        "exposure_score": 57.8,
        "lon": 88.29166,
        "lat": 27.34491,
        "rank_area": 358,
        "rank_exposure": 383,
        "past_slides": 0
      },
      "geometry": {
        "type": "Point",
        "coordinates": [
          88.29166,
          27.34491
        ]
      }
    },
    {
      "type": "Feature",
      "id": 359,
      "properties": {
        "area_ha": 2.88,
        "area_km2": 0.0288,
        "mean_index": 0.663,
        "max_index": 0.6937,
        "mean_slope_deg": 29.0,
        "max_slope_deg": 36.9,
        "min_dist_road_m": 0,
        "builtup_ha": 0.0,
        "cropland_ha": 1.08,
        "ntl_sum": 0.835,
        "exposure_score": 66.5,
        "lon": 88.84625,
        "lat": 27.30375,
        "rank_area": 359,
        "rank_exposure": 260,
        "past_slides": 0
      },
      "geometry": {
        "type": "Point",
        "coordinates": [
          88.84625,
          27.30375
        ]
      }
    },
    {
      "type": "Feature",
      "id": 360,
      "properties": {
        "area_ha": 2.88,
        "area_km2": 0.0288,
        "mean_index": 0.671,
        "max_index": 0.7102,
        "mean_slope_deg": 32.2,
        "max_slope_deg": 40.1,
        "min_dist_road_m": 1165,
        "builtup_ha": 0.0,
        "cropland_ha": 0.0,
        "ntl_sum": 1.452,
        "exposure_score": 46.1,
        "lon": 88.34421,
        "lat": 27.29797,
        "rank_area": 360,
        "rank_exposure": 573,
        "past_slides": 0
      },
      "geometry": {
        "type": "Point",
        "coordinates": [
          88.34421,
          27.29797
        ]
      }
    },
    {
      "type": "Feature",
      "id": 361,
      "properties": {
        "area_ha": 2.88,
        "area_km2": 0.0288,
        "mean_index": 0.6894,
        "max_index": 0.7678,
        "mean_slope_deg": 26.7,
        "max_slope_deg": 37.2,
        "min_dist_road_m": 362,
        "builtup_ha": 0.0,
        "cropland_ha": 0.0,
        "ntl_sum": 0.689,
        "exposure_score": 44.0,
        "lon": 88.35259,
        "lat": 27.27176,
        "rank_area": 361,
        "rank_exposure": 606,
        "past_slides": 0
      },
      "geometry": {
        "type": "Point",
        "coordinates": [
          88.35259,
          27.27176
        ]
      }
    },
    {
      "type": "Feature",
      "id": 362,
      "properties": {
        "area_ha": 2.88,
        "area_km2": 0.0288,
        "mean_index": 0.6746,
        "max_index": 0.7178,
        "mean_slope_deg": 25.7,
        "max_slope_deg": 35.1,
        "min_dist_road_m": 1188,
        "builtup_ha": 0.0,
        "cropland_ha": 0.0,
        "ntl_sum": 0.793,
        "exposure_score": 34.5,
        "lon": 88.64344,
        "lat": 27.26133,
        "rank_area": 362,
        "rank_exposure": 754,
        "past_slides": 0
      },
      "geometry": {
        "type": "Point",
        "coordinates": [
          88.64344,
          27.26133
        ]
      }
    },
    {
      "type": "Feature",
      "id": 363,
      "properties": {
        "area_ha": 2.88,
        "area_km2": 0.0288,
        "mean_index": 0.7091,
        "max_index": 0.781,
        "mean_slope_deg": 22.2,
        "max_slope_deg": 27.0,
        "min_dist_road_m": 1611,
        "builtup_ha": 0.0,
        "cropland_ha": 0.0,
        "ntl_sum": 0.697,
        "exposure_score": 35.9,
        "lon": 88.18353,
        "lat": 27.23687,
        "rank_area": 363,
        "rank_exposure": 731,
        "past_slides": 0
      },
      "geometry": {
        "type": "Point",
        "coordinates": [
          88.18353,
          27.23687
        ]
      }
    },
    {
      "type": "Feature",
      "id": 364,
      "properties": {
        "area_ha": 2.88,
        "area_km2": 0.0288,
        "mean_index": 0.6845,
        "max_index": 0.7168,
        "mean_slope_deg": 24.3,
        "max_slope_deg": 28.0,
        "min_dist_road_m": 661,
        "builtup_ha": 0.0,
        "cropland_ha": 0.0,
        "ntl_sum": 1.782,
        "exposure_score": 57.6,
        "lon": 88.47786,
        "lat": 27.15445,
        "rank_area": 364,
        "rank_exposure": 388,
        "past_slides": 0
      },
      "geometry": {
        "type": "Point",
        "coordinates": [
          88.47786,
          27.15445
        ]
      }
    },
    {
      "type": "Feature",
      "id": 365,
      "properties": {
        "area_ha": 2.79,
        "area_km2": 0.0279,
        "mean_index": 0.6779,
        "max_index": 0.7257,
        "mean_slope_deg": 38.2,
        "max_slope_deg": 47.2,
        "min_dist_road_m": 2352,
        "builtup_ha": 0.0,
        "cropland_ha": 0.0,
        "ntl_sum": 1.674,
        "exposure_score": 50.1,
        "lon": 88.55028,
        "lat": 27.54076,
        "rank_area": 365,
        "rank_exposure": 497,
        "past_slides": 0
      },
      "geometry": {
        "type": "Point",
        "coordinates": [
          88.55028,
          27.54076
        ]
      }
    },
    {
      "type": "Feature",
      "id": 366,
      "properties": {
        "area_ha": 2.79,
        "area_km2": 0.0279,
        "mean_index": 0.6762,
        "max_index": 0.7322,
        "mean_slope_deg": 26.8,
        "max_slope_deg": 42.4,
        "min_dist_road_m": 3267,
        "builtup_ha": 0.0,
        "cropland_ha": 0.0,
        "ntl_sum": 0.631,
        "exposure_score": 34.9,
        "lon": 88.32216,
        "lat": 27.38714,
        "rank_area": 366,
        "rank_exposure": 748,
        "past_slides": 0
      },
      "geometry": {
        "type": "Point",
        "coordinates": [
          88.32216,
          27.38714
        ]
      }
    },
    {
      "type": "Feature",
      "id": 367,
      "properties": {
        "area_ha": 2.79,
        "area_km2": 0.0279,
        "mean_index": 0.6721,
        "max_index": 0.7071,
        "mean_slope_deg": 38.9,
        "max_slope_deg": 45.1,
        "min_dist_road_m": 108,
        "builtup_ha": 0.0,
        "cropland_ha": 0.0,
        "ntl_sum": 1.896,
        "exposure_score": 69.0,
        "lon": 88.64357,
        "lat": 27.36761,
        "rank_area": 367,
        "rank_exposure": 229,
        "past_slides": 0
      },
      "geometry": {
        "type": "Point",
        "coordinates": [
          88.64357,
          27.36761
        ]
      }
    },
    {
      "type": "Feature",
      "id": 368,
      "properties": {
        "area_ha": 2.79,
        "area_km2": 0.0279,
        "mean_index": 0.6671,
        "max_index": 0.7047,
        "mean_slope_deg": 27.8,
        "max_slope_deg": 33.0,
        "min_dist_road_m": 1350,
        "builtup_ha": 0.0,
        "cropland_ha": 0.0,
        "ntl_sum": 1.246,
        "exposure_score": 59.2,
        "lon": 88.34693,
        "lat": 27.30837,
        "rank_area": 368,
        "rank_exposure": 363,
        "past_slides": 0
      },
      "geometry": {
        "type": "Point",
        "coordinates": [
          88.34693,
          27.30837
        ]
      }
    },
    {
      "type": "Feature",
      "id": 369,
      "properties": {
        "area_ha": 2.79,
        "area_km2": 0.0279,
        "mean_index": 0.663,
        "max_index": 0.6994,
        "mean_slope_deg": 30.3,
        "max_slope_deg": 39.9,
        "min_dist_road_m": 1113,
        "builtup_ha": 0.0,
        "cropland_ha": 0.0,
        "ntl_sum": 1.483,
        "exposure_score": 52.4,
        "lon": 88.51383,
        "lat": 27.22231,
        "rank_area": 369,
        "rank_exposure": 464,
        "past_slides": 0
      },
      "geometry": {
        "type": "Point",
        "coordinates": [
          88.51383,
          27.22231
        ]
      }
    },
    {
      "type": "Feature",
      "id": 370,
      "properties": {
        "area_ha": 2.79,
        "area_km2": 0.0279,
        "mean_index": 0.6762,
        "max_index": 0.718,
        "mean_slope_deg": 38.7,
        "max_slope_deg": 49.7,
        "min_dist_road_m": 228,
        "builtup_ha": 0.0,
        "cropland_ha": 0.0,
        "ntl_sum": 1.603,
        "exposure_score": 64.0,
        "lon": 88.70632,
        "lat": 27.20737,
        "rank_area": 370,
        "rank_exposure": 292,
        "past_slides": 0
      },
      "geometry": {
        "type": "Point",
        "coordinates": [
          88.70632,
          27.20737
        ]
      }
    },
    {
      "type": "Feature",
      "id": 371,
      "properties": {
        "area_ha": 2.7,
        "area_km2": 0.027,
        "mean_index": 0.6877,
        "max_index": 0.7368,
        "mean_slope_deg": 28.4,
        "max_slope_deg": 39.0,
        "min_dist_road_m": 631,
        "builtup_ha": 0.0,
        "cropland_ha": 0.0,
        "ntl_sum": 0.7,
        "exposure_score": 53.2,
        "lon": 88.60745,
        "lat": 27.40946,
        "rank_area": 371,
        "rank_exposure": 451,
        "past_slides": 0
      },
      "geometry": {
        "type": "Point",
        "coordinates": [
          88.60745,
          27.40946
        ]
      }
    },
    {
      "type": "Feature",
      "id": 372,
      "properties": {
        "area_ha": 2.7,
        "area_km2": 0.027,
        "mean_index": 0.663,
        "max_index": 0.7073,
        "mean_slope_deg": 30.3,
        "max_slope_deg": 38.6,
        "min_dist_road_m": 1207,
        "builtup_ha": 0.0,
        "cropland_ha": 0.0,
        "ntl_sum": 1.039,
        "exposure_score": 52.4,
        "lon": 88.54056,
        "lat": 27.39478,
        "rank_area": 372,
        "rank_exposure": 465,
        "past_slides": 0
      },
      "geometry": {
        "type": "Point",
        "coordinates": [
          88.54056,
          27.39478
        ]
      }
    },
    {
      "type": "Feature",
      "id": 373,
      "properties": {
        "area_ha": 2.7,
        "area_km2": 0.027,
        "mean_index": 0.6666,
        "max_index": 0.7018,
        "mean_slope_deg": 32.9,
        "max_slope_deg": 41.8,
        "min_dist_road_m": 361,
        "builtup_ha": 0.0,
        "cropland_ha": 0.0,
        "ntl_sum": 0.885,
        "exposure_score": 55.4,
        "lon": 88.22867,
        "lat": 27.3708,
        "rank_area": 373,
        "rank_exposure": 420,
        "past_slides": 0
      },
      "geometry": {
        "type": "Point",
        "coordinates": [
          88.22867,
          27.3708
        ]
      }
    },
    {
      "type": "Feature",
      "id": 374,
      "properties": {
        "area_ha": 2.7,
        "area_km2": 0.027,
        "mean_index": 0.6823,
        "max_index": 0.7279,
        "mean_slope_deg": 27.1,
        "max_slope_deg": 36.6,
        "min_dist_road_m": 0,
        "builtup_ha": 0.18,
        "cropland_ha": 0.0,
        "ntl_sum": 9.561,
        "exposure_score": 88.6,
        "lon": 88.60162,
        "lat": 27.34522,
        "rank_area": 374,
        "rank_exposure": 63,
        "past_slides": 0
      },
      "geometry": {
        "type": "Point",
        "coordinates": [
          88.60162,
          27.34522
        ]
      }
    },
    {
      "type": "Feature",
      "id": 375,
      "properties": {
        "area_ha": 2.7,
        "area_km2": 0.027,
        "mean_index": 0.6607,
        "max_index": 0.677,
        "mean_slope_deg": 31.5,
        "max_slope_deg": 41.8,
        "min_dist_road_m": 1321,
        "builtup_ha": 0.0,
        "cropland_ha": 0.0,
        "ntl_sum": 0.918,
        "exposure_score": 47.3,
        "lon": 88.26704,
        "lat": 27.34744,
        "rank_area": 375,
        "rank_exposure": 552,
        "past_slides": 0
      },
      "geometry": {
        "type": "Point",
        "coordinates": [
          88.26704,
          27.34744
        ]
      }
    },
    {
      "type": "Feature",
      "id": 376,
      "properties": {
        "area_ha": 2.7,
        "area_km2": 0.027,
        "mean_index": 0.6658,
        "max_index": 0.7054,
        "mean_slope_deg": 36.4,
        "max_slope_deg": 45.6,
        "min_dist_road_m": 175,
        "builtup_ha": 0.0,
        "cropland_ha": 0.0,
        "ntl_sum": 1.047,
        "exposure_score": 68.2,
        "lon": 88.27604,
        "lat": 27.33463,
        "rank_area": 376,
        "rank_exposure": 239,
        "past_slides": 0
      },
      "geometry": {
        "type": "Point",
        "coordinates": [
          88.27604,
          27.33463
        ]
      }
    },
    {
      "type": "Feature",
      "id": 377,
      "properties": {
        "area_ha": 2.7,
        "area_km2": 0.027,
        "mean_index": 0.673,
        "max_index": 0.6975,
        "mean_slope_deg": 37.1,
        "max_slope_deg": 46.1,
        "min_dist_road_m": 966,
        "builtup_ha": 0.0,
        "cropland_ha": 0.0,
        "ntl_sum": 0.545,
        "exposure_score": 46.3,
        "lon": 88.17762,
        "lat": 27.33387,
        "rank_area": 377,
        "rank_exposure": 571,
        "past_slides": 0
      },
      "geometry": {
        "type": "Point",
        "coordinates": [
          88.17762,
          27.33387
        ]
      }
    },
    {
      "type": "Feature",
      "id": 378,
      "properties": {
        "area_ha": 2.7,
        "area_km2": 0.027,
        "mean_index": 0.668,
        "max_index": 0.7002,
        "mean_slope_deg": 34.5,
        "max_slope_deg": 46.0,
        "min_dist_road_m": 1689,
        "builtup_ha": 0.0,
        "cropland_ha": 0.0,
        "ntl_sum": 1.102,
        "exposure_score": 53.4,
        "lon": 88.34156,
        "lat": 27.30531,
        "rank_area": 378,
        "rank_exposure": 449,
        "past_slides": 0
      },
      "geometry": {
        "type": "Point",
        "coordinates": [
          88.34156,
          27.30531
        ]
      }
    },
    {
      "type": "Feature",
      "id": 379,
      "properties": {
        "area_ha": 2.7,
        "area_km2": 0.027,
        "mean_index": 0.6577,
        "max_index": 0.6871,
        "mean_slope_deg": 39.6,
        "max_slope_deg": 48.8,
        "min_dist_road_m": 0,
        "builtup_ha": 0.0,
        "cropland_ha": 0.0,
        "ntl_sum": 1.632,
        "exposure_score": 74.7,
        "lon": 88.62689,
        "lat": 27.29686,
        "rank_area": 379,
        "rank_exposure": 156,
        "past_slides": 0
      },
      "geometry": {
        "type": "Point",
        "coordinates": [
          88.62689,
          27.29686
        ]
      }
    },
    {
      "type": "Feature",
      "id": 380,
      "properties": {
        "area_ha": 2.7,
        "area_km2": 0.027,
        "mean_index": 0.6896,
        "max_index": 0.7201,
        "mean_slope_deg": 33.6,
        "max_slope_deg": 41.6,
        "min_dist_road_m": 2142,
        "builtup_ha": 0.0,
        "cropland_ha": 0.0,
        "ntl_sum": 0.528,
        "exposure_score": 20.4,
        "lon": 88.16115,
        "lat": 27.2992,
        "rank_area": 380,
        "rank_exposure": 871,
        "past_slides": 0
      },
      "geometry": {
        "type": "Point",
        "coordinates": [
          88.16115,
          27.2992
        ]
      }
    },
    {
      "type": "Feature",
      "id": 381,
      "properties": {
        "area_ha": 2.7,
        "area_km2": 0.027,
        "mean_index": 0.6982,
        "max_index": 0.75,
        "mean_slope_deg": 26.5,
        "max_slope_deg": 35.6,
        "min_dist_road_m": 0,
        "builtup_ha": 0.0,
        "cropland_ha": 0.0,
        "ntl_sum": 2.745,
        "exposure_score": 64.2,
        "lon": 88.41581,
        "lat": 27.29456,
        "rank_area": 381,
        "rank_exposure": 290,
        "past_slides": 0
      },
      "geometry": {
        "type": "Point",
        "coordinates": [
          88.41581,
          27.29456
        ]
      }
    },
    {
      "type": "Feature",
      "id": 382,
      "properties": {
        "area_ha": 2.7,
        "area_km2": 0.027,
        "mean_index": 0.6973,
        "max_index": 0.7668,
        "mean_slope_deg": 25.5,
        "max_slope_deg": 37.3,
        "min_dist_road_m": 277,
        "builtup_ha": 0.0,
        "cropland_ha": 0.09,
        "ntl_sum": 2.066,
        "exposure_score": 57.0,
        "lon": 88.59036,
        "lat": 27.25937,
        "rank_area": 382,
        "rank_exposure": 401,
        "past_slides": 0
      },
      "geometry": {
        "type": "Point",
        "coordinates": [
          88.59036,
          27.25937
        ]
      }
    },
    {
      "type": "Feature",
      "id": 383,
      "properties": {
        "area_ha": 2.7,
        "area_km2": 0.027,
        "mean_index": 0.6658,
        "max_index": 0.7079,
        "mean_slope_deg": 19.7,
        "max_slope_deg": 30.3,
        "min_dist_road_m": 319,
        "builtup_ha": 0.0,
        "cropland_ha": 0.09,
        "ntl_sum": 2.948,
        "exposure_score": 60.5,
        "lon": 88.18693,
        "lat": 27.25363,
        "rank_area": 383,
        "rank_exposure": 350,
        "past_slides": 0
      },
      "geometry": {
        "type": "Point",
        "coordinates": [
          88.18693,
          27.25363
        ]
      }
    },
    {
      "type": "Feature",
      "id": 384,
      "properties": {
        "area_ha": 2.7,
        "area_km2": 0.027,
        "mean_index": 0.6813,
        "max_index": 0.729,
        "mean_slope_deg": 24.2,
        "max_slope_deg": 29.0,
        "min_dist_road_m": 190,
        "builtup_ha": 1.35,
        "cropland_ha": 0.36,
        "ntl_sum": 4.488,
        "exposure_score": 86.2,
        "lon": 88.58877,
        "lat": 27.23624,
        "rank_area": 384,
        "rank_exposure": 75,
        "past_slides": 0
      },
      "geometry": {
        "type": "Point",
        "coordinates": [
          88.58877,
          27.23624
        ]
      }
    },
    {
      "type": "Feature",
      "id": 385,
      "properties": {
        "area_ha": 2.7,
        "area_km2": 0.027,
        "mean_index": 0.6946,
        "max_index": 0.7692,
        "mean_slope_deg": 21.5,
        "max_slope_deg": 26.6,
        "min_dist_road_m": 1935,
        "builtup_ha": 0.0,
        "cropland_ha": 0.0,
        "ntl_sum": 0.579,
        "exposure_score": 29.4,
        "lon": 88.19373,
        "lat": 27.23813,
        "rank_area": 385,
        "rank_exposure": 807,
        "past_slides": 0
      },
      "geometry": {
        "type": "Point",
        "coordinates": [
          88.19373,
          27.23813
        ]
      }
    },
    {
      "type": "Feature",
      "id": 386,
      "properties": {
        "area_ha": 2.7,
        "area_km2": 0.027,
        "mean_index": 0.6722,
        "max_index": 0.7158,
        "mean_slope_deg": 43.9,
        "max_slope_deg": 57.2,
        "min_dist_road_m": 297,
        "builtup_ha": 0.0,
        "cropland_ha": 0.36,
        "ntl_sum": 1.331,
        "exposure_score": 61.7,
        "lon": 88.72019,
        "lat": 27.21329,
        "rank_area": 386,
        "rank_exposure": 325,
        "past_slides": 0
      },
      "geometry": {
        "type": "Point",
        "coordinates": [
          88.72019,
          27.21329
        ]
      }
    },
    {
      "type": "Feature",
      "id": 387,
      "properties": {
        "area_ha": 2.7,
        "area_km2": 0.027,
        "mean_index": 0.6893,
        "max_index": 0.7342,
        "mean_slope_deg": 23.6,
        "max_slope_deg": 33.8,
        "min_dist_road_m": 256,
        "builtup_ha": 0.0,
        "cropland_ha": 0.0,
        "ntl_sum": 1.481,
        "exposure_score": 59.0,
        "lon": 88.65467,
        "lat": 27.18579,
        "rank_area": 387,
        "rank_exposure": 367,
        "past_slides": 0
      },
      "geometry": {
        "type": "Point",
        "coordinates": [
          88.65467,
          27.18579
        ]
      }
    },
    {
      "type": "Feature",
      "id": 388,
      "properties": {
        "area_ha": 2.7,
        "area_km2": 0.027,
        "mean_index": 0.6704,
        "max_index": 0.7201,
        "mean_slope_deg": 26.1,
        "max_slope_deg": 33.6,
        "min_dist_road_m": 1189,
        "builtup_ha": 0.0,
        "cropland_ha": 0.09,
        "ntl_sum": 2.109,
        "exposure_score": 53.1,
        "lon": 88.29301,
        "lat": 27.1839,
        "rank_area": 388,
        "rank_exposure": 452,
        "past_slides": 0
      },
      "geometry": {
        "type": "Point",
        "coordinates": [
          88.29301,
          27.1839
        ]
      }
    },
    {
      "type": "Feature",
      "id": 389,
      "properties": {
        "area_ha": 2.7,
        "area_km2": 0.027,
        "mean_index": 0.6758,
        "max_index": 0.739,
        "mean_slope_deg": 26.8,
        "max_slope_deg": 34.8,
        "min_dist_road_m": 301,
        "builtup_ha": 0.0,
        "cropland_ha": 0.0,
        "ntl_sum": 1.994,
        "exposure_score": 63.0,
        "lon": 88.27537,
        "lat": 27.14859,
        "rank_area": 389,
        "rank_exposure": 309,
        "past_slides": 0
      },
      "geometry": {
        "type": "Point",
        "coordinates": [
          88.27537,
          27.14859
        ]
      }
    },
    {
      "type": "Feature",
      "id": 390,
      "properties": {
        "area_ha": 2.61,
        "area_km2": 0.0261,
        "mean_index": 0.7174,
        "max_index": 0.7832,
        "mean_slope_deg": 20.6,
        "max_slope_deg": 31.9,
        "min_dist_road_m": 0,
        "builtup_ha": 0.18,
        "cropland_ha": 0.18,
        "ntl_sum": 0.793,
        "exposure_score": 67.0,
        "lon": 88.6262,
        "lat": 27.61517,
        "rank_area": 390,
        "rank_exposure": 254,
        "past_slides": 0
      },
      "geometry": {
        "type": "Point",
        "coordinates": [
          88.6262,
          27.61517
        ]
      }
    },
    {
      "type": "Feature",
      "id": 391,
      "properties": {
        "area_ha": 2.61,
        "area_km2": 0.0261,
        "mean_index": 0.6658,
        "max_index": 0.6897,
        "mean_slope_deg": 34.5,
        "max_slope_deg": 42.6,
        "min_dist_road_m": 1340,
        "builtup_ha": 0.0,
        "cropland_ha": 0.0,
        "ntl_sum": 0.65,
        "exposure_score": 41.8,
        "lon": 88.60302,
        "lat": 27.54707,
        "rank_area": 391,
        "rank_exposure": 644,
        "past_slides": 1
      },
      "geometry": {
        "type": "Point",
        "coordinates": [
          88.60302,
          27.54707
        ]
      }
    },
    {
      "type": "Feature",
      "id": 392,
      "properties": {
        "area_ha": 2.61,
        "area_km2": 0.0261,
        "mean_index": 0.6718,
        "max_index": 0.7085,
        "mean_slope_deg": 38.0,
        "max_slope_deg": 45.9,
        "min_dist_road_m": 335,
        "builtup_ha": 0.0,
        "cropland_ha": 0.0,
        "ntl_sum": 1.336,
        "exposure_score": 66.7,
        "lon": 88.51405,
        "lat": 27.40645,
        "rank_area": 392,
        "rank_exposure": 258,
        "past_slides": 0
      },
      "geometry": {
        "type": "Point",
        "coordinates": [
          88.51405,
          27.40645
        ]
      }
    },
    {
      "type": "Feature",
      "id": 393,
      "properties": {
        "area_ha": 2.61,
        "area_km2": 0.0261,
        "mean_index": 0.6824,
        "max_index": 0.7387,
        "mean_slope_deg": 31.3,
        "max_slope_deg": 37.7,
        "min_dist_road_m": 323,
        "builtup_ha": 0.0,
        "cropland_ha": 0.0,
        "ntl_sum": 2.535,
        "exposure_score": 73.6,
        "lon": 88.52387,
        "lat": 27.39754,
        "rank_area": 393,
        "rank_exposure": 170,
        "past_slides": 0
      },
      "geometry": {
        "type": "Point",
        "coordinates": [
          88.52387,
          27.39754
        ]
      }
    },
    {
      "type": "Feature",
      "id": 394,
      "properties": {
        "area_ha": 2.61,
        "area_km2": 0.0261,
        "mean_index": 0.6757,
        "max_index": 0.7082,
        "mean_slope_deg": 30.8,
        "max_slope_deg": 44.3,
        "min_dist_road_m": 3390,
        "builtup_ha": 0.0,
        "cropland_ha": 0.09,
        "ntl_sum": 0.541,
        "exposure_score": 30.0,
        "lon": 88.30521,
        "lat": 27.37606,
        "rank_area": 394,
        "rank_exposure": 797,
        "past_slides": 0
      },
      "geometry": {
        "type": "Point",
        "coordinates": [
          88.30521,
          27.37606
        ]
      }
    },
    {
      "type": "Feature",
      "id": 395,
      "properties": {
        "area_ha": 2.61,
        "area_km2": 0.0261,
        "mean_index": 0.6664,
        "max_index": 0.7008,
        "mean_slope_deg": 36.8,
        "max_slope_deg": 46.2,
        "min_dist_road_m": 659,
        "builtup_ha": 0.0,
        "cropland_ha": 0.0,
        "ntl_sum": 0.814,
        "exposure_score": 57.4,
        "lon": 88.33199,
        "lat": 27.3165,
        "rank_area": 395,
        "rank_exposure": 391,
        "past_slides": 0
      },
      "geometry": {
        "type": "Point",
        "coordinates": [
          88.33199,
          27.3165
        ]
      }
    },
    {
      "type": "Feature",
      "id": 396,
      "properties": {
        "area_ha": 2.61,
        "area_km2": 0.0261,
        "mean_index": 0.6736,
        "max_index": 0.7083,
        "mean_slope_deg": 31.9,
        "max_slope_deg": 38.0,
        "min_dist_road_m": 218,
        "builtup_ha": 0.0,
        "cropland_ha": 0.0,
        "ntl_sum": 0.945,
        "exposure_score": 62.9,
        "lon": 88.25354,
        "lat": 27.31276,
        "rank_area": 396,
        "rank_exposure": 310,
        "past_slides": 0
      },
      "geometry": {
        "type": "Point",
        "coordinates": [
          88.25354,
          27.31276
        ]
      }
    },
    {
      "type": "Feature",
      "id": 397,
      "properties": {
        "area_ha": 2.61,
        "area_km2": 0.0261,
        "mean_index": 0.69,
        "max_index": 0.7546,
        "mean_slope_deg": 30.6,
        "max_slope_deg": 37.5,
        "min_dist_road_m": 212,
        "builtup_ha": 0.0,
        "cropland_ha": 0.0,
        "ntl_sum": 1.036,
        "exposure_score": 63.8,
        "lon": 88.22957,
        "lat": 27.31257,
        "rank_area": 397,
        "rank_exposure": 297,
        "past_slides": 0
      },
      "geometry": {
        "type": "Point",
        "coordinates": [
          88.22957,
          27.31257
        ]
      }
    },
    {
      "type": "Feature",
      "id": 398,
      "properties": {
        "area_ha": 2.61,
        "area_km2": 0.0261,
        "mean_index": 0.6677,
        "max_index": 0.6905,
        "mean_slope_deg": 27.6,
        "max_slope_deg": 36.1,
        "min_dist_road_m": 180,
        "builtup_ha": 0.0,
        "cropland_ha": 0.09,
        "ntl_sum": 1.549,
        "exposure_score": 74.4,
        "lon": 88.56587,
        "lat": 27.30487,
        "rank_area": 398,
        "rank_exposure": 158,
        "past_slides": 0
      },
      "geometry": {
        "type": "Point",
        "coordinates": [
          88.56587,
          27.30487
        ]
      }
    },
    {
      "type": "Feature",
      "id": 399,
      "properties": {
        "area_ha": 2.61,
        "area_km2": 0.0261,
        "mean_index": 0.6637,
        "max_index": 0.72,
        "mean_slope_deg": 35.3,
        "max_slope_deg": 57.6,
        "min_dist_road_m": 511,
        "builtup_ha": 0.0,
        "cropland_ha": 0.0,
        "ntl_sum": 1.067,
        "exposure_score": 64.3,
        "lon": 88.3153,
        "lat": 27.30447,
        "rank_area": 399,
        "rank_exposure": 289,
        "past_slides": 0
      },
      "geometry": {
        "type": "Point",
        "coordinates": [
          88.3153,
          27.30447
        ]
      }
    },
    {
      "type": "Feature",
      "id": 400,
      "properties": {
        "area_ha": 2.61,
        "area_km2": 0.0261,
        "mean_index": 0.6602,
        "max_index": 0.6899,
        "mean_slope_deg": 29.5,
        "max_slope_deg": 38.2,
        "min_dist_road_m": 242,
        "builtup_ha": 0.0,
        "cropland_ha": 0.0,
        "ntl_sum": 1.012,
        "exposure_score": 55.9,
        "lon": 88.40956,
        "lat": 27.23234,
        "rank_area": 400,
        "rank_exposure": 413,
        "past_slides": 0
      },
      "geometry": {
        "type": "Point",
        "coordinates": [
          88.40956,
          27.23234
        ]
      }
    },
    {
      "type": "Feature",
      "id": 401,
      "properties": {
        "area_ha": 2.61,
        "area_km2": 0.0261,
        "mean_index": 0.661,
        "max_index": 0.6871,
        "mean_slope_deg": 37.2,
        "max_slope_deg": 49.5,
        "min_dist_road_m": 2063,
        "builtup_ha": 0.0,
        "cropland_ha": 0.0,
        "ntl_sum": 1.173,
        "exposure_score": 40.1,
        "lon": 88.53929,
        "lat": 27.23029,
        "rank_area": 401,
        "rank_exposure": 664,
        "past_slides": 0
      },
      "geometry": {
        "type": "Point",
        "coordinates": [
          88.53929,
          27.23029
        ]
      }
    },
    {
      "type": "Feature",
      "id": 402,
      "properties": {
        "area_ha": 2.61,
        "area_km2": 0.0261,
        "mean_index": 0.6772,
        "max_index": 0.7103,
        "mean_slope_deg": 25.5,
        "max_slope_deg": 29.9,
        "min_dist_road_m": 424,
        "builtup_ha": 0.0,
        "cropland_ha": 0.54,
        "ntl_sum": 1.889,
        "exposure_score": 61.7,
        "lon": 88.47661,
        "lat": 27.15623,
        "rank_area": 402,
        "rank_exposure": 326,
        "past_slides": 0
      },
      "geometry": {
        "type": "Point",
        "coordinates": [
          88.47661,
          27.15623
        ]
      }
    },
    {
      "type": "Feature",
      "id": 403,
      "properties": {
        "area_ha": 2.61,
        "area_km2": 0.0261,
        "mean_index": 0.6614,
        "max_index": 0.6921,
        "mean_slope_deg": 34.7,
        "max_slope_deg": 46.2,
        "min_dist_road_m": 2134,
        "builtup_ha": 0.0,
        "cropland_ha": 0.0,
        "ntl_sum": 1.129,
        "exposure_score": 37.1,
        "lon": 88.48292,
        "lat": 27.13572,
        "rank_area": 403,
        "rank_exposure": 707,
        "past_slides": 0
      },
      "geometry": {
        "type": "Point",
        "coordinates": [
          88.48292,
          27.13572
        ]
      }
    },
    {
      "type": "Feature",
      "id": 404,
      "properties": {
        "area_ha": 2.52,
        "area_km2": 0.0252,
        "mean_index": 0.6763,
        "max_index": 0.7053,
        "mean_slope_deg": 39.3,
        "max_slope_deg": 54.7,
        "min_dist_road_m": 0,
        "builtup_ha": 0.0,
        "cropland_ha": 0.0,
        "ntl_sum": 0.581,
        "exposure_score": 53.8,
        "lon": 88.66128,
        "lat": 27.61841,
        "rank_area": 404,
        "rank_exposure": 439,
        "past_slides": 0
      },
      "geometry": {
        "type": "Point",
        "coordinates": [
          88.66128,
          27.61841
        ]
      }
    },
    {
      "type": "Feature",
      "id": 405,
      "properties": {
        "area_ha": 2.52,
        "area_km2": 0.0252,
        "mean_index": 0.6696,
        "max_index": 0.7027,
        "mean_slope_deg": 34.1,
        "max_slope_deg": 39.1,
        "min_dist_road_m": 331,
        "builtup_ha": 0.0,
        "cropland_ha": 0.0,
        "ntl_sum": 1.143,
        "exposure_score": 62.6,
        "lon": 88.6455,
        "lat": 27.58854,
        "rank_area": 405,
        "rank_exposure": 315,
        "past_slides": 0
      },
      "geometry": {
        "type": "Point",
        "coordinates": [
          88.6455,
          27.58854
        ]
      }
    },
    {
      "type": "Feature",
      "id": 406,
      "properties": {
        "area_ha": 2.52,
        "area_km2": 0.0252,
        "mean_index": 0.6852,
        "max_index": 0.7431,
        "mean_slope_deg": 30.2,
        "max_slope_deg": 37.8,
        "min_dist_road_m": 2461,
        "builtup_ha": 0.0,
        "cropland_ha": 0.0,
        "ntl_sum": 1.155,
        "exposure_score": 44.3,
        "lon": 88.55172,
        "lat": 27.54102,
        "rank_area": 406,
        "rank_exposure": 599,
        "past_slides": 0
      },
      "geometry": {
        "type": "Point",
        "coordinates": [
          88.55172,
          27.54102
        ]
      }
    },
    {
      "type": "Feature",
      "id": 407,
      "properties": {
        "area_ha": 2.52,
        "area_km2": 0.0252,
        "mean_index": 0.6791,
        "max_index": 0.7206,
        "mean_slope_deg": 42.2,
        "max_slope_deg": 56.2,
        "min_dist_road_m": 2868,
        "builtup_ha": 0.0,
        "cropland_ha": 0.0,
        "ntl_sum": 0.515,
        "exposure_score": 28.4,
        "lon": 88.32417,
        "lat": 27.38387,
        "rank_area": 407,
        "rank_exposure": 818,
        "past_slides": 0
      },
      "geometry": {
        "type": "Point",
        "coordinates": [
          88.32417,
          27.38387
        ]
      }
    },
    {
      "type": "Feature",
      "id": 408,
      "properties": {
        "area_ha": 2.52,
        "area_km2": 0.0252,
        "mean_index": 0.6777,
        "max_index": 0.768,
        "mean_slope_deg": 21.0,
        "max_slope_deg": 26.6,
        "min_dist_road_m": 0,
        "builtup_ha": 0.0,
        "cropland_ha": 0.09,
        "ntl_sum": 0.852,
        "exposure_score": 64.9,
        "lon": 88.46805,
        "lat": 27.33978,
        "rank_area": 408,
        "rank_exposure": 281,
        "past_slides": 0
      },
      "geometry": {
        "type": "Point",
        "coordinates": [
          88.46805,
          27.33978
        ]
      }
    },
    {
      "type": "Feature",
      "id": 409,
      "properties": {
        "area_ha": 2.52,
        "area_km2": 0.0252,
        "mean_index": 0.6871,
        "max_index": 0.7495,
        "mean_slope_deg": 24.7,
        "max_slope_deg": 33.1,
        "min_dist_road_m": 0,
        "builtup_ha": 0.0,
        "cropland_ha": 0.0,
        "ntl_sum": 1.133,
        "exposure_score": 67.2,
        "lon": 88.32462,
        "lat": 27.32754,
        "rank_area": 409,
        "rank_exposure": 251,
        "past_slides": 0
      },
      "geometry": {
        "type": "Point",
        "coordinates": [
          88.32462,
          27.32754
        ]
      }
    },
    {
      "type": "Feature",
      "id": 410,
      "properties": {
        "area_ha": 2.52,
        "area_km2": 0.0252,
        "mean_index": 0.6794,
        "max_index": 0.7133,
        "mean_slope_deg": 23.7,
        "max_slope_deg": 31.3,
        "min_dist_road_m": 0,
        "builtup_ha": 0.0,
        "cropland_ha": 1.62,
        "ntl_sum": 0.56,
        "exposure_score": 56.0,
        "lon": 88.83407,
        "lat": 27.31745,
        "rank_area": 410,
        "rank_exposure": 411,
        "past_slides": 0
      },
      "geometry": {
        "type": "Point",
        "coordinates": [
          88.83407,
          27.31745
        ]
      }
    },
    {
      "type": "Feature",
      "id": 411,
      "properties": {
        "area_ha": 2.52,
        "area_km2": 0.0252,
        "mean_index": 0.6705,
        "max_index": 0.7175,
        "mean_slope_deg": 23.6,
        "max_slope_deg": 31.1,
        "min_dist_road_m": 210,
        "builtup_ha": 0.0,
        "cropland_ha": 0.09,
        "ntl_sum": 1.344,
        "exposure_score": 68.1,
        "lon": 88.42353,
        "lat": 27.30924,
        "rank_area": 411,
        "rank_exposure": 241,
        "past_slides": 0
      },
      "geometry": {
        "type": "Point",
        "coordinates": [
          88.42353,
          27.30924
        ]
      }
    },
    {
      "type": "Feature",
      "id": 412,
      "properties": {
        "area_ha": 2.52,
        "area_km2": 0.0252,
        "mean_index": 0.6936,
        "max_index": 0.7761,
        "mean_slope_deg": 22.1,
        "max_slope_deg": 26.5,
        "min_dist_road_m": 240,
        "builtup_ha": 0.0,
        "cropland_ha": 0.0,
        "ntl_sum": 1.078,
        "exposure_score": 49.8,
        "lon": 88.31235,
        "lat": 27.28893,
        "rank_area": 412,
        "rank_exposure": 505,
        "past_slides": 0
      },
      "geometry": {
        "type": "Point",
        "coordinates": [
          88.31235,
          27.28893
        ]
      }
    },
    {
      "type": "Feature",
      "id": 413,
      "properties": {
        "area_ha": 2.52,
        "area_km2": 0.0252,
        "mean_index": 0.7043,
        "max_index": 0.7735,
        "mean_slope_deg": 23.3,
        "max_slope_deg": 31.1,
        "min_dist_road_m": 0,
        "builtup_ha": 0.09,
        "cropland_ha": 0.0,
        "ntl_sum": 1.399,
        "exposure_score": 73.8,
        "lon": 88.46192,
        "lat": 27.28081,
        "rank_area": 413,
        "rank_exposure": 167,
        "past_slides": 0
      },
      "geometry": {
        "type": "Point",
        "coordinates": [
          88.46192,
          27.28081
        ]
      }
    },
    {
      "type": "Feature",
      "id": 414,
      "properties": {
        "area_ha": 2.52,
        "area_km2": 0.0252,
        "mean_index": 0.6627,
        "max_index": 0.692,
        "mean_slope_deg": 33.6,
        "max_slope_deg": 51.1,
        "min_dist_road_m": 1084,
        "builtup_ha": 0.0,
        "cropland_ha": 0.0,
        "ntl_sum": 1.289,
        "exposure_score": 42.0,
        "lon": 88.53548,
        "lat": 27.26324,
        "rank_area": 414,
        "rank_exposure": 640,
        "past_slides": 0
      },
      "geometry": {
        "type": "Point",
        "coordinates": [
          88.53548,
          27.26324
        ]
      }
    },
    {
      "type": "Feature",
      "id": 415,
      "properties": {
        "area_ha": 2.52,
        "area_km2": 0.0252,
        "mean_index": 0.6649,
        "max_index": 0.6874,
        "mean_slope_deg": 27.0,
        "max_slope_deg": 34.7,
        "min_dist_road_m": 1040,
        "builtup_ha": 0.0,
        "cropland_ha": 0.0,
        "ntl_sum": 0.688,
        "exposure_score": 31.6,
        "lon": 88.643,
        "lat": 27.25849,
        "rank_area": 415,
        "rank_exposure": 782,
        "past_slides": 0
      },
      "geometry": {
        "type": "Point",
        "coordinates": [
          88.643,
          27.25849
        ]
      }
    },
    {
      "type": "Feature",
      "id": 416,
      "properties": {
        "area_ha": 2.52,
        "area_km2": 0.0252,
        "mean_index": 0.7079,
        "max_index": 0.7721,
        "mean_slope_deg": 25.1,
        "max_slope_deg": 34.2,
        "min_dist_road_m": 295,
        "builtup_ha": 0.0,
        "cropland_ha": 0.0,
        "ntl_sum": 0.53,
        "exposure_score": 35.9,
        "lon": 88.36947,
        "lat": 27.24316,
        "rank_area": 416,
        "rank_exposure": 732,
        "past_slides": 0
      },
      "geometry": {
        "type": "Point",
        "coordinates": [
          88.36947,
          27.24316
        ]
      }
    },
    {
      "type": "Feature",
      "id": 417,
      "properties": {
        "area_ha": 2.43,
        "area_km2": 0.0243,
        "mean_index": 0.6603,
        "max_index": 0.7051,
        "mean_slope_deg": 27.4,
        "max_slope_deg": 38.4,
        "min_dist_road_m": 277,
        "builtup_ha": 0.0,
        "cropland_ha": 0.0,
        "ntl_sum": 0.664,
        "exposure_score": 54.3,
        "lon": 88.63139,
        "lat": 27.39551,
        "rank_area": 417,
        "rank_exposure": 436,
        "past_slides": 0
      },
      "geometry": {
        "type": "Point",
        "coordinates": [
          88.63139,
          27.39551
        ]
      }
    },
    {
      "type": "Feature",
      "id": 418,
      "properties": {
        "area_ha": 2.43,
        "area_km2": 0.0243,
        "mean_index": 0.6761,
        "max_index": 0.7123,
        "mean_slope_deg": 29.2,
        "max_slope_deg": 36.1,
        "min_dist_road_m": 1159,
        "builtup_ha": 0.0,
        "cropland_ha": 0.0,
        "ntl_sum": 0.789,
        "exposure_score": 48.5,
        "lon": 88.54595,
        "lat": 27.3931,
        "rank_area": 418,
        "rank_exposure": 529,
        "past_slides": 0
      },
      "geometry": {
        "type": "Point",
        "coordinates": [
          88.54595,
          27.3931
        ]
      }
    },
    {
      "type": "Feature",
      "id": 419,
      "properties": {
        "area_ha": 2.43,
        "area_km2": 0.0243,
        "mean_index": 0.6696,
        "max_index": 0.7041,
        "mean_slope_deg": 26.5,
        "max_slope_deg": 35.0,
        "min_dist_road_m": 1664,
        "builtup_ha": 0.09,
        "cropland_ha": 0.09,
        "ntl_sum": 0.555,
        "exposure_score": 43.1,
        "lon": 88.44065,
        "lat": 27.38339,
        "rank_area": 419,
        "rank_exposure": 624,
        "past_slides": 0
      },
      "geometry": {
        "type": "Point",
        "coordinates": [
          88.44065,
          27.38339
        ]
      }
    },
    {
      "type": "Feature",
      "id": 420,
      "properties": {
        "area_ha": 2.43,
        "area_km2": 0.0243,
        "mean_index": 0.6568,
        "max_index": 0.6721,
        "mean_slope_deg": 21.4,
        "max_slope_deg": 35.1,
        "min_dist_road_m": 0,
        "builtup_ha": 0.0,
        "cropland_ha": 0.72,
        "ntl_sum": 2.074,
        "exposure_score": 70.5,
        "lon": 88.78487,
        "lat": 27.37535,
        "rank_area": 420,
        "rank_exposure": 197,
        "past_slides": 0
      },
      "geometry": {
        "type": "Point",
        "coordinates": [
          88.78487,
          27.37535
        ]
      }
    },
    {
      "type": "Feature",
      "id": 421,
      "properties": {
        "area_ha": 2.43,
        "area_km2": 0.0243,
        "mean_index": 0.6953,
        "max_index": 0.743,
        "mean_slope_deg": 23.1,
        "max_slope_deg": 30.3,
        "min_dist_road_m": 190,
        "builtup_ha": 0.09,
        "cropland_ha": 0.0,
        "ntl_sum": 1.204,
        "exposure_score": 71.3,
        "lon": 88.60467,
        "lat": 27.37362,
        "rank_area": 421,
        "rank_exposure": 192,
        "past_slides": 0
      },
      "geometry": {
        "type": "Point",
        "coordinates": [
          88.60467,
          27.37362
        ]
      }
    },
    {
      "type": "Feature",
      "id": 422,
      "properties": {
        "area_ha": 2.43,
        "area_km2": 0.0243,
        "mean_index": 0.6563,
        "max_index": 0.6745,
        "mean_slope_deg": 26.4,
        "max_slope_deg": 35.1,
        "min_dist_road_m": 1663,
        "builtup_ha": 0.0,
        "cropland_ha": 0.0,
        "ntl_sum": 0.564,
        "exposure_score": 34.2,
        "lon": 88.44869,
        "lat": 27.34865,
        "rank_area": 422,
        "rank_exposure": 758,
        "past_slides": 0
      },
      "geometry": {
        "type": "Point",
        "coordinates": [
          88.44869,
          27.34865
        ]
      }
    },
    {
      "type": "Feature",
      "id": 423,
      "properties": {
        "area_ha": 2.43,
        "area_km2": 0.0243,
        "mean_index": 0.6981,
        "max_index": 0.7407,
        "mean_slope_deg": 23.3,
        "max_slope_deg": 28.6,
        "min_dist_road_m": 0,
        "builtup_ha": 0.0,
        "cropland_ha": 0.0,
        "ntl_sum": 2.857,
        "exposure_score": 77.8,
        "lon": 88.58013,
        "lat": 27.32488,
        "rank_area": 423,
        "rank_exposure": 134,
        "past_slides": 0
      },
      "geometry": {
        "type": "Point",
        "coordinates": [
          88.58013,
          27.32488
        ]
      }
    },
    {
      "type": "Feature",
      "id": 424,
      "properties": {
        "area_ha": 2.43,
        "area_km2": 0.0243,
        "mean_index": 0.6659,
        "max_index": 0.6941,
        "mean_slope_deg": 42.0,
        "max_slope_deg": 55.7,
        "min_dist_road_m": 366,
        "builtup_ha": 0.0,
        "cropland_ha": 0.0,
        "ntl_sum": 0.803,
        "exposure_score": 60.2,
        "lon": 88.332,
        "lat": 27.31962,
        "rank_area": 424,
        "rank_exposure": 356,
        "past_slides": 0
      },
      "geometry": {
        "type": "Point",
        "coordinates": [
          88.332,
          27.31962
        ]
      }
    },
    {
      "type": "Feature",
      "id": 425,
      "properties": {
        "area_ha": 2.43,
        "area_km2": 0.0243,
        "mean_index": 0.6581,
        "max_index": 0.6827,
        "mean_slope_deg": 26.3,
        "max_slope_deg": 39.0,
        "min_dist_road_m": 1358,
        "builtup_ha": 0.0,
        "cropland_ha": 0.0,
        "ntl_sum": 0.812,
        "exposure_score": 49.4,
        "lon": 88.34463,
        "lat": 27.31516,
        "rank_area": 425,
        "rank_exposure": 511,
        "past_slides": 0
      },
      "geometry": {
        "type": "Point",
        "coordinates": [
          88.34463,
          27.31516
        ]
      }
    },
    {
      "type": "Feature",
      "id": 426,
      "properties": {
        "area_ha": 2.43,
        "area_km2": 0.0243,
        "mean_index": 0.6705,
        "max_index": 0.7282,
        "mean_slope_deg": 33.9,
        "max_slope_deg": 50.6,
        "min_dist_road_m": 981,
        "builtup_ha": 0.0,
        "cropland_ha": 0.0,
        "ntl_sum": 1.479,
        "exposure_score": 52.6,
        "lon": 88.44997,
        "lat": 27.22597,
        "rank_area": 426,
        "rank_exposure": 459,
        "past_slides": 0
      },
      "geometry": {
        "type": "Point",
        "coordinates": [
          88.44997,
          27.22597
        ]
      }
    },
    {
      "type": "Feature",
      "id": 427,
      "properties": {
        "area_ha": 2.43,
        "area_km2": 0.0243,
        "mean_index": 0.655,
        "max_index": 0.6889,
        "mean_slope_deg": 30.4,
        "max_slope_deg": 37.7,
        "min_dist_road_m": 180,
        "builtup_ha": 0.0,
        "cropland_ha": 0.0,
        "ntl_sum": 1.415,
        "exposure_score": 62.3,
        "lon": 88.45943,
        "lat": 27.21449,
        "rank_area": 427,
        "rank_exposure": 320,
        "past_slides": 0
      },
      "geometry": {
        "type": "Point",
        "coordinates": [
          88.45943,
          27.21449
        ]
      }
    },
    {
      "type": "Feature",
      "id": 428,
      "properties": {
        "area_ha": 2.43,
        "area_km2": 0.0243,
        "mean_index": 0.6656,
        "max_index": 0.6957,
        "mean_slope_deg": 28.3,
        "max_slope_deg": 36.9,
        "min_dist_road_m": 313,
        "builtup_ha": 0.0,
        "cropland_ha": 0.0,
        "ntl_sum": 10.87,
        "exposure_score": 69.9,
        "lon": 88.48087,
        "lat": 27.19937,
        "rank_area": 428,
        "rank_exposure": 211,
        "past_slides": 0
      },
      "geometry": {
        "type": "Point",
        "coordinates": [
          88.48087,
          27.19937
        ]
      }
    },
    {
      "type": "Feature",
      "id": 429,
      "properties": {
        "area_ha": 2.43,
        "area_km2": 0.0243,
        "mean_index": 0.6604,
        "max_index": 0.6866,
        "mean_slope_deg": 28.7,
        "max_slope_deg": 44.6,
        "min_dist_road_m": 495,
        "builtup_ha": 0.0,
        "cropland_ha": 0.0,
        "ntl_sum": 0.728,
        "exposure_score": 43.7,
        "lon": 88.69093,
        "lat": 27.18102,
        "rank_area": 429,
        "rank_exposure": 615,
        "past_slides": 0
      },
      "geometry": {
        "type": "Point",
        "coordinates": [
          88.69093,
          27.18102
        ]
      }
    },
    {
      "type": "Feature",
      "id": 430,
      "properties": {
        "area_ha": 2.34,
        "area_km2": 0.0234,
        "mean_index": 0.6687,
        "max_index": 0.7189,
        "mean_slope_deg": 28.8,
        "max_slope_deg": 33.5,
        "min_dist_road_m": 1148,
        "builtup_ha": 0.0,
        "cropland_ha": 0.0,
        "ntl_sum": 0.767,
        "exposure_score": 44.0,
        "lon": 88.60588,
        "lat": 27.38294,
        "rank_area": 430,
        "rank_exposure": 607,
        "past_slides": 0
      },
      "geometry": {
        "type": "Point",
        "coordinates": [
          88.60588,
          27.38294
        ]
      }
    },
    {
      "type": "Feature",
      "id": 431,
      "properties": {
        "area_ha": 2.34,
        "area_km2": 0.0234,
        "mean_index": 0.677,
        "max_index": 0.7174,
        "mean_slope_deg": 19.6,
        "max_slope_deg": 28.3,
        "min_dist_road_m": 0,
        "builtup_ha": 0.0,
        "cropland_ha": 0.09,
        "ntl_sum": 2.567,
        "exposure_score": 76.7,
        "lon": 88.57565,
        "lat": 27.33008,
        "rank_area": 431,
        "rank_exposure": 143,
        "past_slides": 0
      },
      "geometry": {
        "type": "Point",
        "coordinates": [
          88.57565,
          27.33008
        ]
      }
    },
    {
      "type": "Feature",
      "id": 432,
      "properties": {
        "area_ha": 2.34,
        "area_km2": 0.0234,
        "mean_index": 0.6841,
        "max_index": 0.732,
        "mean_slope_deg": 36.5,
        "max_slope_deg": 44.1,
        "min_dist_road_m": 979,
        "builtup_ha": 0.0,
        "cropland_ha": 0.0,
        "ntl_sum": 1.959,
        "exposure_score": 67.9,
        "lon": 88.28728,
        "lat": 27.30988,
        "rank_area": 432,
        "rank_exposure": 243,
        "past_slides": 0
      },
      "geometry": {
        "type": "Point",
        "coordinates": [
          88.28728,
          27.30988
        ]
      }
    },
    {
      "type": "Feature",
      "id": 433,
      "properties": {
        "area_ha": 2.34,
        "area_km2": 0.0234,
        "mean_index": 0.6754,
        "max_index": 0.7231,
        "mean_slope_deg": 32.5,
        "max_slope_deg": 40.5,
        "min_dist_road_m": 270,
        "builtup_ha": 0.0,
        "cropland_ha": 0.0,
        "ntl_sum": 1.074,
        "exposure_score": 50.0,
        "lon": 88.45233,
        "lat": 27.29202,
        "rank_area": 433,
        "rank_exposure": 500,
        "past_slides": 0
      },
      "geometry": {
        "type": "Point",
        "coordinates": [
          88.45233,
          27.29202
        ]
      }
    },
    {
      "type": "Feature",
      "id": 434,
      "properties": {
        "area_ha": 2.34,
        "area_km2": 0.0234,
        "mean_index": 0.6939,
        "max_index": 0.7694,
        "mean_slope_deg": 22.7,
        "max_slope_deg": 30.5,
        "min_dist_road_m": 0,
        "builtup_ha": 0.45,
        "cropland_ha": 0.0,
        "ntl_sum": 1.796,
        "exposure_score": 78.8,
        "lon": 88.56285,
        "lat": 27.28933,
        "rank_area": 434,
        "rank_exposure": 121,
        "past_slides": 0
      },
      "geometry": {
        "type": "Point",
        "coordinates": [
          88.56285,
          27.28933
        ]
      }
    },
    {
      "type": "Feature",
      "id": 435,
      "properties": {
        "area_ha": 2.34,
        "area_km2": 0.0234,
        "mean_index": 0.6845,
        "max_index": 0.7482,
        "mean_slope_deg": 27.6,
        "max_slope_deg": 38.5,
        "min_dist_road_m": 1622,
        "builtup_ha": 0.0,
        "cropland_ha": 0.0,
        "ntl_sum": 0.542,
        "exposure_score": 23.9,
        "lon": 88.17672,
        "lat": 27.28919,
        "rank_area": 435,
        "rank_exposure": 855,
        "past_slides": 0
      },
      "geometry": {
        "type": "Point",
        "coordinates": [
          88.17672,
          27.28919
        ]
      }
    },
    {
      "type": "Feature",
      "id": 436,
      "properties": {
        "area_ha": 2.34,
        "area_km2": 0.0234,
        "mean_index": 0.678,
        "max_index": 0.7338,
        "mean_slope_deg": 34.9,
        "max_slope_deg": 45.7,
        "min_dist_road_m": 708,
        "builtup_ha": 0.0,
        "cropland_ha": 0.0,
        "ntl_sum": 1.114,
        "exposure_score": 46.9,
        "lon": 88.55334,
        "lat": 27.27035,
        "rank_area": 436,
        "rank_exposure": 561,
        "past_slides": 0
      },
      "geometry": {
        "type": "Point",
        "coordinates": [
          88.55334,
          27.27035
        ]
      }
    },
    {
      "type": "Feature",
      "id": 437,
      "properties": {
        "area_ha": 2.34,
        "area_km2": 0.0234,
        "mean_index": 0.6582,
        "max_index": 0.6718,
        "mean_slope_deg": 35.5,
        "max_slope_deg": 39.6,
        "min_dist_road_m": 0,
        "builtup_ha": 1.08,
        "cropland_ha": 0.72,
        "ntl_sum": 0.573,
        "exposure_score": 61.7,
        "lon": 88.78644,
        "lat": 27.26202,
        "rank_area": 437,
        "rank_exposure": 327,
        "past_slides": 0
      },
      "geometry": {
        "type": "Point",
        "coordinates": [
          88.78644,
          27.26202
        ]
      }
    },
    {
      "type": "Feature",
      "id": 438,
      "properties": {
        "area_ha": 2.34,
        "area_km2": 0.0234,
        "mean_index": 0.6725,
        "max_index": 0.7263,
        "mean_slope_deg": 36.3,
        "max_slope_deg": 47.4,
        "min_dist_road_m": 190,
        "builtup_ha": 0.0,
        "cropland_ha": 0.0,
        "ntl_sum": 1.549,
        "exposure_score": 52.8,
        "lon": 88.439,
        "lat": 27.25573,
        "rank_area": 438,
        "rank_exposure": 455,
        "past_slides": 0
      },
      "geometry": {
        "type": "Point",
        "coordinates": [
          88.439,
          27.25573
        ]
      }
    },
    {
      "type": "Feature",
      "id": 439,
      "properties": {
        "area_ha": 2.34,
        "area_km2": 0.0234,
        "mean_index": 0.669,
        "max_index": 0.6992,
        "mean_slope_deg": 22.6,
        "max_slope_deg": 30.8,
        "min_dist_road_m": 1082,
        "builtup_ha": 0.0,
        "cropland_ha": 0.0,
        "ntl_sum": 1.146,
        "exposure_score": 41.0,
        "lon": 88.25237,
        "lat": 27.25224,
        "rank_area": 439,
        "rank_exposure": 653,
        "past_slides": 0
      },
      "geometry": {
        "type": "Point",
        "coordinates": [
          88.25237,
          27.25224
        ]
      }
    },
    {
      "type": "Feature",
      "id": 440,
      "properties": {
        "area_ha": 2.34,
        "area_km2": 0.0234,
        "mean_index": 0.657,
        "max_index": 0.6836,
        "mean_slope_deg": 29.5,
        "max_slope_deg": 38.5,
        "min_dist_road_m": 366,
        "builtup_ha": 0.0,
        "cropland_ha": 0.0,
        "ntl_sum": 0.853,
        "exposure_score": 51.6,
        "lon": 88.40799,
        "lat": 27.23479,
        "rank_area": 440,
        "rank_exposure": 477,
        "past_slides": 0
      },
      "geometry": {
        "type": "Point",
        "coordinates": [
          88.40799,
          27.23479
        ]
      }
    },
    {
      "type": "Feature",
      "id": 441,
      "properties": {
        "area_ha": 2.34,
        "area_km2": 0.0234,
        "mean_index": 0.6638,
        "max_index": 0.6985,
        "mean_slope_deg": 32.3,
        "max_slope_deg": 41.5,
        "min_dist_road_m": 541,
        "builtup_ha": 0.0,
        "cropland_ha": 0.0,
        "ntl_sum": 1.055,
        "exposure_score": 50.9,
        "lon": 88.45138,
        "lat": 27.1661,
        "rank_area": 441,
        "rank_exposure": 490,
        "past_slides": 0
      },
      "geometry": {
        "type": "Point",
        "coordinates": [
          88.45138,
          27.1661
        ]
      }
    },
    {
      "type": "Feature",
      "id": 442,
      "properties": {
        "area_ha": 2.34,
        "area_km2": 0.0234,
        "mean_index": 0.6842,
        "max_index": 0.7582,
        "mean_slope_deg": 35.6,
        "max_slope_deg": 43.2,
        "min_dist_road_m": 1421,
        "builtup_ha": 0.0,
        "cropland_ha": 0.0,
        "ntl_sum": 1.44,
        "exposure_score": 50.1,
        "lon": 88.13812,
        "lat": 27.11971,
        "rank_area": 442,
        "rank_exposure": 498,
        "past_slides": 0
      },
      "geometry": {
        "type": "Point",
        "coordinates": [
          88.13812,
          27.11971
        ]
      }
    },
    {
      "type": "Feature",
      "id": 443,
      "properties": {
        "area_ha": 2.25,
        "area_km2": 0.0225,
        "mean_index": 0.6625,
        "max_index": 0.6906,
        "mean_slope_deg": 48.2,
        "max_slope_deg": 55.9,
        "min_dist_road_m": 0,
        "builtup_ha": 0.0,
        "cropland_ha": 0.0,
        "ntl_sum": 0.38,
        "exposure_score": 46.7,
        "lon": 88.59609,
        "lat": 27.67834,
        "rank_area": 443,
        "rank_exposure": 566,
        "past_slides": 0
      },
      "geometry": {
        "type": "Point",
        "coordinates": [
          88.59609,
          27.67834
        ]
      }
    },
    {
      "type": "Feature",
      "id": 444,
      "properties": {
        "area_ha": 2.25,
        "area_km2": 0.0225,
        "mean_index": 0.6783,
        "max_index": 0.7218,
        "mean_slope_deg": 33.6,
        "max_slope_deg": 46.6,
        "min_dist_road_m": 3178,
        "builtup_ha": 0.0,
        "cropland_ha": 0.0,
        "ntl_sum": 0.498,
        "exposure_score": 30.7,
        "lon": 88.3336,
        "lat": 27.39881,
        "rank_area": 444,
        "rank_exposure": 789,
        "past_slides": 0
      },
      "geometry": {
        "type": "Point",
        "coordinates": [
          88.3336,
          27.39881
        ]
      }
    },
    {
      "type": "Feature",
      "id": 445,
      "properties": {
        "area_ha": 2.25,
        "area_km2": 0.0225,
        "mean_index": 0.6638,
        "max_index": 0.7055,
        "mean_slope_deg": 32.2,
        "max_slope_deg": 46.2,
        "min_dist_road_m": 4211,
        "builtup_ha": 0.0,
        "cropland_ha": 0.0,
        "ntl_sum": 0.485,
        "exposure_score": 30.6,
        "lon": 88.31698,
        "lat": 27.39531,
        "rank_area": 445,
        "rank_exposure": 791,
        "past_slides": 0
      },
      "geometry": {
        "type": "Point",
        "coordinates": [
          88.31698,
          27.39531
        ]
      }
    },
    {
      "type": "Feature",
      "id": 446,
      "properties": {
        "area_ha": 2.25,
        "area_km2": 0.0225,
        "mean_index": 0.665,
        "max_index": 0.6936,
        "mean_slope_deg": 37.8,
        "max_slope_deg": 47.9,
        "min_dist_road_m": 339,
        "builtup_ha": 0.0,
        "cropland_ha": 0.0,
        "ntl_sum": 0.635,
        "exposure_score": 49.2,
        "lon": 88.54633,
        "lat": 27.38091,
        "rank_area": 446,
        "rank_exposure": 516,
        "past_slides": 0
      },
      "geometry": {
        "type": "Point",
        "coordinates": [
          88.54633,
          27.38091
        ]
      }
    },
    {
      "type": "Feature",
      "id": 447,
      "properties": {
        "area_ha": 2.25,
        "area_km2": 0.0225,
        "mean_index": 0.6626,
        "max_index": 0.6822,
        "mean_slope_deg": 30.8,
        "max_slope_deg": 39.3,
        "min_dist_road_m": 1465,
        "builtup_ha": 0.0,
        "cropland_ha": 0.0,
        "ntl_sum": 0.73,
        "exposure_score": 44.6,
        "lon": 88.26529,
        "lat": 27.34908,
        "rank_area": 447,
        "rank_exposure": 594,
        "past_slides": 0
      },
      "geometry": {
        "type": "Point",
        "coordinates": [
          88.26529,
          27.34908
        ]
      }
    },
    {
      "type": "Feature",
      "id": 448,
      "properties": {
        "area_ha": 2.25,
        "area_km2": 0.0225,
        "mean_index": 0.6859,
        "max_index": 0.7322,
        "mean_slope_deg": 28.6,
        "max_slope_deg": 38.6,
        "min_dist_road_m": 247,
        "builtup_ha": 0.0,
        "cropland_ha": 0.0,
        "ntl_sum": 1.365,
        "exposure_score": 69.3,
        "lon": 88.56406,
        "lat": 27.33671,
        "rank_area": 448,
        "rank_exposure": 224,
        "past_slides": 0
      },
      "geometry": {
        "type": "Point",
        "coordinates": [
          88.56406,
          27.33671
        ]
      }
    },
    {
      "type": "Feature",
      "id": 449,
      "properties": {
        "area_ha": 2.25,
        "area_km2": 0.0225,
        "mean_index": 0.6598,
        "max_index": 0.6825,
        "mean_slope_deg": 34.5,
        "max_slope_deg": 41.9,
        "min_dist_road_m": 900,
        "builtup_ha": 0.0,
        "cropland_ha": 0.0,
        "ntl_sum": 1.158,
        "exposure_score": 58.8,
        "lon": 88.25934,
        "lat": 27.32963,
        "rank_area": 449,
        "rank_exposure": 370,
        "past_slides": 0
      },
      "geometry": {
        "type": "Point",
        "coordinates": [
          88.25934,
          27.32963
        ]
      }
    },
    {
      "type": "Feature",
      "id": 450,
      "properties": {
        "area_ha": 2.25,
        "area_km2": 0.0225,
        "mean_index": 0.6823,
        "max_index": 0.7165,
        "mean_slope_deg": 28.4,
        "max_slope_deg": 36.1,
        "min_dist_road_m": 421,
        "builtup_ha": 0.0,
        "cropland_ha": 0.09,
        "ntl_sum": 0.782,
        "exposure_score": 58.5,
        "lon": 88.42411,
        "lat": 27.31167,
        "rank_area": 450,
        "rank_exposure": 376,
        "past_slides": 0
      },
      "geometry": {
        "type": "Point",
        "coordinates": [
          88.42411,
          27.31167
        ]
      }
    },
    {
      "type": "Feature",
      "id": 451,
      "properties": {
        "area_ha": 2.25,
        "area_km2": 0.0225,
        "mean_index": 0.6812,
        "max_index": 0.7351,
        "mean_slope_deg": 25.1,
        "max_slope_deg": 29.2,
        "min_dist_road_m": 1114,
        "builtup_ha": 0.0,
        "cropland_ha": 0.0,
        "ntl_sum": 0.555,
        "exposure_score": 30.2,
        "lon": 88.19872,
        "lat": 27.29496,
        "rank_area": 451,
        "rank_exposure": 794,
        "past_slides": 0
      },
      "geometry": {
        "type": "Point",
        "coordinates": [
          88.19872,
          27.29496
        ]
      }
    },
    {
      "type": "Feature",
      "id": 452,
      "properties": {
        "area_ha": 2.25,
        "area_km2": 0.0225,
        "mean_index": 0.6717,
        "max_index": 0.7257,
        "mean_slope_deg": 25.0,
        "max_slope_deg": 27.5,
        "min_dist_road_m": 330,
        "builtup_ha": 0.0,
        "cropland_ha": 0.99,
        "ntl_sum": 1.437,
        "exposure_score": 52.6,
        "lon": 88.43105,
        "lat": 27.28723,
        "rank_area": 452,
        "rank_exposure": 460,
        "past_slides": 0
      },
      "geometry": {
        "type": "Point",
        "coordinates": [
          88.43105,
          27.28723
        ]
      }
    },
    {
      "type": "Feature",
      "id": 453,
      "properties": {
        "area_ha": 2.25,
        "area_km2": 0.0225,
        "mean_index": 0.6847,
        "max_index": 0.7402,
        "mean_slope_deg": 28.3,
        "max_slope_deg": 33.7,
        "min_dist_road_m": 630,
        "builtup_ha": 0.0,
        "cropland_ha": 0.0,
        "ntl_sum": 0.914,
        "exposure_score": 43.3,
        "lon": 88.31903,
        "lat": 27.28738,
        "rank_area": 453,
        "rank_exposure": 620,
        "past_slides": 0
      },
      "geometry": {
        "type": "Point",
        "coordinates": [
          88.31903,
          27.28738
        ]
      }
    },
    {
      "type": "Feature",
      "id": 454,
      "properties": {
        "area_ha": 2.25,
        "area_km2": 0.0225,
        "mean_index": 0.6915,
        "max_index": 0.7699,
        "mean_slope_deg": 25.0,
        "max_slope_deg": 35.1,
        "min_dist_road_m": 192,
        "builtup_ha": 0.0,
        "cropland_ha": 0.0,
        "ntl_sum": 1.286,
        "exposure_score": 55.3,
        "lon": 88.42658,
        "lat": 27.28009,
        "rank_area": 454,
        "rank_exposure": 425,
        "past_slides": 0
      },
      "geometry": {
        "type": "Point",
        "coordinates": [
          88.42658,
          27.28009
        ]
      }
    },
    {
      "type": "Feature",
      "id": 455,
      "properties": {
        "area_ha": 2.25,
        "area_km2": 0.0225,
        "mean_index": 0.6681,
        "max_index": 0.7082,
        "mean_slope_deg": 29.6,
        "max_slope_deg": 37.2,
        "min_dist_road_m": 108,
        "builtup_ha": 0.0,
        "cropland_ha": 0.0,
        "ntl_sum": 1.37,
        "exposure_score": 55.8,
        "lon": 88.4617,
        "lat": 27.27283,
        "rank_area": 455,
        "rank_exposure": 416,
        "past_slides": 0
      },
      "geometry": {
        "type": "Point",
        "coordinates": [
          88.4617,
          27.27283
        ]
      }
    },
    {
      "type": "Feature",
      "id": 456,
      "properties": {
        "area_ha": 2.25,
        "area_km2": 0.0225,
        "mean_index": 0.6776,
        "max_index": 0.7347,
        "mean_slope_deg": 24.7,
        "max_slope_deg": 30.2,
        "min_dist_road_m": 300,
        "builtup_ha": 0.0,
        "cropland_ha": 0.0,
        "ntl_sum": 0.672,
        "exposure_score": 38.3,
        "lon": 88.65928,
        "lat": 27.25668,
        "rank_area": 456,
        "rank_exposure": 681,
        "past_slides": 1
      },
      "geometry": {
        "type": "Point",
        "coordinates": [
          88.65928,
          27.25668
        ]
      }
    },
    {
      "type": "Feature",
      "id": 457,
      "properties": {
        "area_ha": 2.25,
        "area_km2": 0.0225,
        "mean_index": 0.6871,
        "max_index": 0.749,
        "mean_slope_deg": 27.8,
        "max_slope_deg": 35.7,
        "min_dist_road_m": 947,
        "builtup_ha": 0.0,
        "cropland_ha": 0.0,
        "ntl_sum": 1.701,
        "exposure_score": 45.6,
        "lon": 88.58386,
        "lat": 27.25633,
        "rank_area": 457,
        "rank_exposure": 582,
        "past_slides": 0
      },
      "geometry": {
        "type": "Point",
        "coordinates": [
          88.58386,
          27.25633
        ]
      }
    },
    {
      "type": "Feature",
      "id": 458,
      "properties": {
        "area_ha": 2.25,
        "area_km2": 0.0225,
        "mean_index": 0.6879,
        "max_index": 0.7254,
        "mean_slope_deg": 23.5,
        "max_slope_deg": 27.5,
        "min_dist_road_m": 323,
        "builtup_ha": 0.0,
        "cropland_ha": 0.0,
        "ntl_sum": 0.651,
        "exposure_score": 39.2,
        "lon": 88.64664,
        "lat": 27.25168,
        "rank_area": 458,
        "rank_exposure": 674,
        "past_slides": 0
      },
      "geometry": {
        "type": "Point",
        "coordinates": [
          88.64664,
          27.25168
        ]
      }
    },
    {
      "type": "Feature",
      "id": 459,
      "properties": {
        "area_ha": 2.25,
        "area_km2": 0.0225,
        "mean_index": 0.6688,
        "max_index": 0.7032,
        "mean_slope_deg": 42.0,
        "max_slope_deg": 51.2,
        "min_dist_road_m": 382,
        "builtup_ha": 0.0,
        "cropland_ha": 0.0,
        "ntl_sum": 0.486,
        "exposure_score": 33.8,
        "lon": 88.7614,
        "lat": 27.24785,
        "rank_area": 459,
        "rank_exposure": 761,
        "past_slides": 0
      },
      "geometry": {
        "type": "Point",
        "coordinates": [
          88.7614,
          27.24785
        ]
      }
    },
    {
      "type": "Feature",
      "id": 460,
      "properties": {
        "area_ha": 2.25,
        "area_km2": 0.0225,
        "mean_index": 0.6584,
        "max_index": 0.6837,
        "mean_slope_deg": 14.0,
        "max_slope_deg": 24.6,
        "min_dist_road_m": 0,
        "builtup_ha": 0.72,
        "cropland_ha": 0.0,
        "ntl_sum": 2.12,
        "exposure_score": 81.2,
        "lon": 88.5307,
        "lat": 27.25043,
        "rank_area": 460,
        "rank_exposure": 102,
        "past_slides": 0
      },
      "geometry": {
        "type": "Point",
        "coordinates": [
          88.5307,
          27.25043
        ]
      }
    },
    {
      "type": "Feature",
      "id": 461,
      "properties": {
        "area_ha": 2.25,
        "area_km2": 0.0225,
        "mean_index": 0.6537,
        "max_index": 0.6708,
        "mean_slope_deg": 29.9,
        "max_slope_deg": 36.8,
        "min_dist_road_m": 0,
        "builtup_ha": 0.63,
        "cropland_ha": 0.0,
        "ntl_sum": 2.054,
        "exposure_score": 80.4,
        "lon": 88.44794,
        "lat": 27.24129,
        "rank_area": 461,
        "rank_exposure": 106,
        "past_slides": 0
      },
      "geometry": {
        "type": "Point",
        "coordinates": [
          88.44794,
          27.24129
        ]
      }
    },
    {
      "type": "Feature",
      "id": 462,
      "properties": {
        "area_ha": 2.25,
        "area_km2": 0.0225,
        "mean_index": 0.6702,
        "max_index": 0.727,
        "mean_slope_deg": 30.2,
        "max_slope_deg": 41.7,
        "min_dist_road_m": 228,
        "builtup_ha": 0.0,
        "cropland_ha": 0.0,
        "ntl_sum": 0.618,
        "exposure_score": 48.3,
        "lon": 88.4102,
        "lat": 27.22244,
        "rank_area": 462,
        "rank_exposure": 535,
        "past_slides": 0
      },
      "geometry": {
        "type": "Point",
        "coordinates": [
          88.4102,
          27.22244
        ]
      }
    },
    {
      "type": "Feature",
      "id": 463,
      "properties": {
        "area_ha": 2.25,
        "area_km2": 0.0225,
        "mean_index": 0.6783,
        "max_index": 0.7325,
        "mean_slope_deg": 32.9,
        "max_slope_deg": 43.3,
        "min_dist_road_m": 633,
        "builtup_ha": 0.0,
        "cropland_ha": 0.0,
        "ntl_sum": 0.883,
        "exposure_score": 50.8,
        "lon": 88.67569,
        "lat": 27.21641,
        "rank_area": 463,
        "rank_exposure": 492,
        "past_slides": 0
      },
      "geometry": {
        "type": "Point",
        "coordinates": [
          88.67569,
          27.21641
        ]
      }
    },
    {
      "type": "Feature",
      "id": 464,
      "properties": {
        "area_ha": 2.25,
        "area_km2": 0.0225,
        "mean_index": 0.6625,
        "max_index": 0.7121,
        "mean_slope_deg": 29.6,
        "max_slope_deg": 41.5,
        "min_dist_road_m": 511,
        "builtup_ha": 0.0,
        "cropland_ha": 0.0,
        "ntl_sum": 1.229,
        "exposure_score": 55.8,
        "lon": 88.5301,
        "lat": 27.2113,
        "rank_area": 464,
        "rank_exposure": 417,
        "past_slides": 0
      },
      "geometry": {
        "type": "Point",
        "coordinates": [
          88.5301,
          27.2113
        ]
      }
    },
    {
      "type": "Feature",
      "id": 465,
      "properties": {
        "area_ha": 2.25,
        "area_km2": 0.0225,
        "mean_index": 0.6648,
        "max_index": 0.6994,
        "mean_slope_deg": 31.3,
        "max_slope_deg": 39.5,
        "min_dist_road_m": 942,
        "builtup_ha": 0.0,
        "cropland_ha": 0.0,
        "ntl_sum": 1.331,
        "exposure_score": 52.8,
        "lon": 88.54219,
        "lat": 27.20616,
        "rank_area": 465,
        "rank_exposure": 456,
        "past_slides": 0
      },
      "geometry": {
        "type": "Point",
        "coordinates": [
          88.54219,
          27.20616
        ]
      }
    },
    {
      "type": "Feature",
      "id": 466,
      "properties": {
        "area_ha": 2.16,
        "area_km2": 0.0216,
        "mean_index": 0.6732,
        "max_index": 0.7119,
        "mean_slope_deg": 29.7,
        "max_slope_deg": 37.0,
        "min_dist_road_m": 914,
        "builtup_ha": 0.0,
        "cropland_ha": 0.0,
        "ntl_sum": 1.004,
        "exposure_score": 53.7,
        "lon": 88.52571,
        "lat": 27.39264,
        "rank_area": 466,
        "rank_exposure": 442,
        "past_slides": 0
      },
      "geometry": {
        "type": "Point",
        "coordinates": [
          88.52571,
          27.39264
        ]
      }
    },
    {
      "type": "Feature",
      "id": 467,
      "properties": {
        "area_ha": 2.16,
        "area_km2": 0.0216,
        "mean_index": 0.6698,
        "max_index": 0.7097,
        "mean_slope_deg": 40.6,
        "max_slope_deg": 49.6,
        "min_dist_road_m": 247,
        "builtup_ha": 0.0,
        "cropland_ha": 0.0,
        "ntl_sum": 0.626,
        "exposure_score": 51.1,
        "lon": 88.23763,
        "lat": 27.35799,
        "rank_area": 467,
        "rank_exposure": 486,
        "past_slides": 0
      },
      "geometry": {
        "type": "Point",
        "coordinates": [
          88.23763,
          27.35799
        ]
      }
    },
    {
      "type": "Feature",
      "id": 468,
      "properties": {
        "area_ha": 2.16,
        "area_km2": 0.0216,
        "mean_index": 0.6592,
        "max_index": 0.6869,
        "mean_slope_deg": 26.1,
        "max_slope_deg": 36.7,
        "min_dist_road_m": 277,
        "builtup_ha": 0.0,
        "cropland_ha": 0.0,
        "ntl_sum": 0.682,
        "exposure_score": 52.4,
        "lon": 88.46307,
        "lat": 27.35405,
        "rank_area": 468,
        "rank_exposure": 466,
        "past_slides": 0
      },
      "geometry": {
        "type": "Point",
        "coordinates": [
          88.46307,
          27.35405
        ]
      }
    },
    {
      "type": "Feature",
      "id": 469,
      "properties": {
        "area_ha": 2.16,
        "area_km2": 0.0216,
        "mean_index": 0.6723,
        "max_index": 0.7132,
        "mean_slope_deg": 41.1,
        "max_slope_deg": 51.0,
        "min_dist_road_m": 150,
        "builtup_ha": 0.0,
        "cropland_ha": 0.0,
        "ntl_sum": 1.507,
        "exposure_score": 72.3,
        "lon": 88.22979,
        "lat": 27.34168,
        "rank_area": 469,
        "rank_exposure": 185,
        "past_slides": 0
      },
      "geometry": {
        "type": "Point",
        "coordinates": [
          88.22979,
          27.34168
        ]
      }
    },
    {
      "type": "Feature",
      "id": 470,
      "properties": {
        "area_ha": 2.16,
        "area_km2": 0.0216,
        "mean_index": 0.6601,
        "max_index": 0.6825,
        "mean_slope_deg": 23.5,
        "max_slope_deg": 28.5,
        "min_dist_road_m": 0,
        "builtup_ha": 0.0,
        "cropland_ha": 1.17,
        "ntl_sum": 0.453,
        "exposure_score": 52.4,
        "lon": 88.83648,
        "lat": 27.3143,
        "rank_area": 470,
        "rank_exposure": 467,
        "past_slides": 1
      },
      "geometry": {
        "type": "Point",
        "coordinates": [
          88.83648,
          27.3143
        ]
      }
    },
    {
      "type": "Feature",
      "id": 471,
      "properties": {
        "area_ha": 2.16,
        "area_km2": 0.0216,
        "mean_index": 0.6702,
        "max_index": 0.7021,
        "mean_slope_deg": 25.5,
        "max_slope_deg": 33.1,
        "min_dist_road_m": 0,
        "builtup_ha": 0.0,
        "cropland_ha": 0.0,
        "ntl_sum": 0.56,
        "exposure_score": 55.6,
        "lon": 88.50564,
        "lat": 27.31853,
        "rank_area": 471,
        "rank_exposure": 418,
        "past_slides": 0
      },
      "geometry": {
        "type": "Point",
        "coordinates": [
          88.50564,
          27.31853
        ]
      }
    },
    {
      "type": "Feature",
      "id": 472,
      "properties": {
        "area_ha": 2.16,
        "area_km2": 0.0216,
        "mean_index": 0.668,
        "max_index": 0.7178,
        "mean_slope_deg": 30.0,
        "max_slope_deg": 39.1,
        "min_dist_road_m": 1082,
        "builtup_ha": 0.0,
        "cropland_ha": 0.0,
        "ntl_sum": 0.596,
        "exposure_score": 48.1,
        "lon": 88.5025,
        "lat": 27.30597,
        "rank_area": 472,
        "rank_exposure": 540,
        "past_slides": 0
      },
      "geometry": {
        "type": "Point",
        "coordinates": [
          88.5025,
          27.30597
        ]
      }
    },
    {
      "type": "Feature",
      "id": 473,
      "properties": {
        "area_ha": 2.16,
        "area_km2": 0.0216,
        "mean_index": 0.6871,
        "max_index": 0.7294,
        "mean_slope_deg": 26.3,
        "max_slope_deg": 31.5,
        "min_dist_road_m": 757,
        "builtup_ha": 0.0,
        "cropland_ha": 0.0,
        "ntl_sum": 0.577,
        "exposure_score": 34.1,
        "lon": 88.20478,
        "lat": 27.29789,
        "rank_area": 473,
        "rank_exposure": 760,
        "past_slides": 0
      },
      "geometry": {
        "type": "Point",
        "coordinates": [
          88.20478,
          27.29789
        ]
      }
    },
    {
      "type": "Feature",
      "id": 474,
      "properties": {
        "area_ha": 2.16,
        "area_km2": 0.0216,
        "mean_index": 0.6667,
        "max_index": 0.7349,
        "mean_slope_deg": 37.3,
        "max_slope_deg": 46.8,
        "min_dist_road_m": 277,
        "builtup_ha": 0.0,
        "cropland_ha": 0.0,
        "ntl_sum": 0.905,
        "exposure_score": 47.2,
        "lon": 88.45957,
        "lat": 27.29356,
        "rank_area": 474,
        "rank_exposure": 554,
        "past_slides": 0
      },
      "geometry": {
        "type": "Point",
        "coordinates": [
          88.45957,
          27.29356
        ]
      }
    },
    {
      "type": "Feature",
      "id": 475,
      "properties": {
        "area_ha": 2.16,
        "area_km2": 0.0216,
        "mean_index": 0.666,
        "max_index": 0.7129,
        "mean_slope_deg": 33.6,
        "max_slope_deg": 41.5,
        "min_dist_road_m": 256,
        "builtup_ha": 0.0,
        "cropland_ha": 0.0,
        "ntl_sum": 0.953,
        "exposure_score": 45.2,
        "lon": 88.40137,
        "lat": 27.26451,
        "rank_area": 475,
        "rank_exposure": 585,
        "past_slides": 0
      },
      "geometry": {
        "type": "Point",
        "coordinates": [
          88.40137,
          27.26451
        ]
      }
    },
    {
      "type": "Feature",
      "id": 476,
      "properties": {
        "area_ha": 2.16,
        "area_km2": 0.0216,
        "mean_index": 0.6687,
        "max_index": 0.7253,
        "mean_slope_deg": 32.3,
        "max_slope_deg": 45.8,
        "min_dist_road_m": 234,
        "builtup_ha": 0.0,
        "cropland_ha": 0.0,
        "ntl_sum": 0.501,
        "exposure_score": 34.5,
        "lon": 88.37758,
        "lat": 27.25405,
        "rank_area": 476,
        "rank_exposure": 755,
        "past_slides": 0
      },
      "geometry": {
        "type": "Point",
        "coordinates": [
          88.37758,
          27.25405
        ]
      }
    },
    {
      "type": "Feature",
      "id": 477,
      "properties": {
        "area_ha": 2.16,
        "area_km2": 0.0216,
        "mean_index": 0.6654,
        "max_index": 0.725,
        "mean_slope_deg": 35.3,
        "max_slope_deg": 44.3,
        "min_dist_road_m": 1077,
        "builtup_ha": 0.0,
        "cropland_ha": 0.0,
        "ntl_sum": 1.132,
        "exposure_score": 47.0,
        "lon": 88.51635,
        "lat": 27.22689,
        "rank_area": 477,
        "rank_exposure": 558,
        "past_slides": 0
      },
      "geometry": {
        "type": "Point",
        "coordinates": [
          88.51635,
          27.22689
        ]
      }
    },
    {
      "type": "Feature",
      "id": 478,
      "properties": {
        "area_ha": 2.07,
        "area_km2": 0.0207,
        "mean_index": 0.6742,
        "max_index": 0.7181,
        "mean_slope_deg": 24.3,
        "max_slope_deg": 28.7,
        "min_dist_road_m": 270,
        "builtup_ha": 0.0,
        "cropland_ha": 0.54,
        "ntl_sum": 0.567,
        "exposure_score": 49.8,
        "lon": 88.5475,
        "lat": 27.72343,
        "rank_area": 478,
        "rank_exposure": 506,
        "past_slides": 0
      },
      "geometry": {
        "type": "Point",
        "coordinates": [
          88.5475,
          27.72343
        ]
      }
    },
    {
      "type": "Feature",
      "id": 479,
      "properties": {
        "area_ha": 2.07,
        "area_km2": 0.0207,
        "mean_index": 0.6632,
        "max_index": 0.684,
        "mean_slope_deg": 32.4,
        "max_slope_deg": 37.8,
        "min_dist_road_m": 330,
        "builtup_ha": 0.0,
        "cropland_ha": 0.0,
        "ntl_sum": 1.604,
        "exposure_score": 64.6,
        "lon": 88.63612,
        "lat": 27.35958,
        "rank_area": 479,
        "rank_exposure": 286,
        "past_slides": 0
      },
      "geometry": {
        "type": "Point",
        "coordinates": [
          88.63612,
          27.35958
        ]
      }
    },
    {
      "type": "Feature",
      "id": 480,
      "properties": {
        "area_ha": 2.07,
        "area_km2": 0.0207,
        "mean_index": 0.6732,
        "max_index": 0.6977,
        "mean_slope_deg": 31.3,
        "max_slope_deg": 37.5,
        "min_dist_road_m": 644,
        "builtup_ha": 0.0,
        "cropland_ha": 0.0,
        "ntl_sum": 0.818,
        "exposure_score": 55.9,
        "lon": 88.20796,
        "lat": 27.32413,
        "rank_area": 480,
        "rank_exposure": 414,
        "past_slides": 0
      },
      "geometry": {
        "type": "Point",
        "coordinates": [
          88.20796,
          27.32413
        ]
      }
    },
    {
      "type": "Feature",
      "id": 481,
      "properties": {
        "area_ha": 2.07,
        "area_km2": 0.0207,
        "mean_index": 0.6744,
        "max_index": 0.7075,
        "mean_slope_deg": 24.5,
        "max_slope_deg": 30.3,
        "min_dist_road_m": 743,
        "builtup_ha": 0.0,
        "cropland_ha": 0.0,
        "ntl_sum": 0.686,
        "exposure_score": 53.3,
        "lon": 88.55634,
        "lat": 27.29861,
        "rank_area": 481,
        "rank_exposure": 450,
        "past_slides": 0
      },
      "geometry": {
        "type": "Point",
        "coordinates": [
          88.55634,
          27.29861
        ]
      }
    },
    {
      "type": "Feature",
      "id": 482,
      "properties": {
        "area_ha": 2.07,
        "area_km2": 0.0207,
        "mean_index": 0.6664,
        "max_index": 0.7112,
        "mean_slope_deg": 32.7,
        "max_slope_deg": 40.8,
        "min_dist_road_m": 1112,
        "builtup_ha": 0.0,
        "cropland_ha": 0.0,
        "ntl_sum": 0.762,
        "exposure_score": 34.6,
        "lon": 88.31905,
        "lat": 27.29875,
        "rank_area": 482,
        "rank_exposure": 752,
        "past_slides": 0
      },
      "geometry": {
        "type": "Point",
        "coordinates": [
          88.31905,
          27.29875
        ]
      }
    },
    {
      "type": "Feature",
      "id": 483,
      "properties": {
        "area_ha": 2.07,
        "area_km2": 0.0207,
        "mean_index": 0.6806,
        "max_index": 0.7216,
        "mean_slope_deg": 24.8,
        "max_slope_deg": 28.6,
        "min_dist_road_m": 924,
        "builtup_ha": 0.0,
        "cropland_ha": 0.0,
        "ntl_sum": 0.51,
        "exposure_score": 30.0,
        "lon": 88.19429,
        "lat": 27.29689,
        "rank_area": 483,
        "rank_exposure": 798,
        "past_slides": 0
      },
      "geometry": {
        "type": "Point",
        "coordinates": [
          88.19429,
          27.29689
        ]
      }
    },
    {
      "type": "Feature",
      "id": 484,
      "properties": {
        "area_ha": 2.07,
        "area_km2": 0.0207,
        "mean_index": 0.6838,
        "max_index": 0.7164,
        "mean_slope_deg": 23.1,
        "max_slope_deg": 27.9,
        "min_dist_road_m": 234,
        "builtup_ha": 0.0,
        "cropland_ha": 0.09,
        "ntl_sum": 1.282,
        "exposure_score": 51.5,
        "lon": 88.56649,
        "lat": 27.28943,
        "rank_area": 484,
        "rank_exposure": 479,
        "past_slides": 0
      },
      "geometry": {
        "type": "Point",
        "coordinates": [
          88.56649,
          27.28943
        ]
      }
    },
    {
      "type": "Feature",
      "id": 485,
      "properties": {
        "area_ha": 2.07,
        "area_km2": 0.0207,
        "mean_index": 0.6962,
        "max_index": 0.7596,
        "mean_slope_deg": 24.9,
        "max_slope_deg": 32.1,
        "min_dist_road_m": 390,
        "builtup_ha": 0.0,
        "cropland_ha": 0.0,
        "ntl_sum": 1.283,
        "exposure_score": 50.0,
        "lon": 88.56846,
        "lat": 27.28778,
        "rank_area": 485,
        "rank_exposure": 501,
        "past_slides": 0
      },
      "geometry": {
        "type": "Point",
        "coordinates": [
          88.56846,
          27.28778
        ]
      }
    },
    {
      "type": "Feature",
      "id": 486,
      "properties": {
        "area_ha": 2.07,
        "area_km2": 0.0207,
        "mean_index": 0.6775,
        "max_index": 0.7221,
        "mean_slope_deg": 24.6,
        "max_slope_deg": 31.3,
        "min_dist_road_m": 997,
        "builtup_ha": 0.0,
        "cropland_ha": 0.0,
        "ntl_sum": 0.662,
        "exposure_score": 34.2,
        "lon": 88.64235,
        "lat": 27.27177,
        "rank_area": 486,
        "rank_exposure": 759,
        "past_slides": 0
      },
      "geometry": {
        "type": "Point",
        "coordinates": [
          88.64235,
          27.27177
        ]
      }
    },
    {
      "type": "Feature",
      "id": 487,
      "properties": {
        "area_ha": 2.07,
        "area_km2": 0.0207,
        "mean_index": 0.6764,
        "max_index": 0.7322,
        "mean_slope_deg": 28.9,
        "max_slope_deg": 33.0,
        "min_dist_road_m": 930,
        "builtup_ha": 0.0,
        "cropland_ha": 0.0,
        "ntl_sum": 0.858,
        "exposure_score": 36.5,
        "lon": 88.25878,
        "lat": 27.26681,
        "rank_area": 487,
        "rank_exposure": 722,
        "past_slides": 0
      },
      "geometry": {
        "type": "Point",
        "coordinates": [
          88.25878,
          27.26681
        ]
      }
    },
    {
      "type": "Feature",
      "id": 488,
      "properties": {
        "area_ha": 2.07,
        "area_km2": 0.0207,
        "mean_index": 0.6775,
        "max_index": 0.7288,
        "mean_slope_deg": 25.1,
        "max_slope_deg": 35.2,
        "min_dist_road_m": 1214,
        "builtup_ha": 0.0,
        "cropland_ha": 0.0,
        "ntl_sum": 0.888,
        "exposure_score": 33.4,
        "lon": 88.08783,
        "lat": 27.26445,
        "rank_area": 488,
        "rank_exposure": 768,
        "past_slides": 0
      },
      "geometry": {
        "type": "Point",
        "coordinates": [
          88.08783,
          27.26445
        ]
      }
    },
    {
      "type": "Feature",
      "id": 489,
      "properties": {
        "area_ha": 2.07,
        "area_km2": 0.0207,
        "mean_index": 0.6634,
        "max_index": 0.7019,
        "mean_slope_deg": 39.7,
        "max_slope_deg": 43.6,
        "min_dist_road_m": 1120,
        "builtup_ha": 0.0,
        "cropland_ha": 0.0,
        "ntl_sum": 0.509,
        "exposure_score": 25.6,
        "lon": 88.17429,
        "lat": 27.24019,
        "rank_area": 489,
        "rank_exposure": 842,
        "past_slides": 0
      },
      "geometry": {
        "type": "Point",
        "coordinates": [
          88.17429,
          27.24019
        ]
      }
    },
    {
      "type": "Feature",
      "id": 490,
      "properties": {
        "area_ha": 2.07,
        "area_km2": 0.0207,
        "mean_index": 0.6724,
        "max_index": 0.7393,
        "mean_slope_deg": 19.5,
        "max_slope_deg": 26.7,
        "min_dist_road_m": 0,
        "builtup_ha": 0.09,
        "cropland_ha": 0.09,
        "ntl_sum": 2.351,
        "exposure_score": 79.5,
        "lon": 88.59669,
        "lat": 27.23249,
        "rank_area": 490,
        "rank_exposure": 112,
        "past_slides": 0
      },
      "geometry": {
        "type": "Point",
        "coordinates": [
          88.59669,
          27.23249
        ]
      }
    },
    {
      "type": "Feature",
      "id": 491,
      "properties": {
        "area_ha": 2.07,
        "area_km2": 0.0207,
        "mean_index": 0.6771,
        "max_index": 0.7091,
        "mean_slope_deg": 23.6,
        "max_slope_deg": 31.1,
        "min_dist_road_m": 270,
        "builtup_ha": 0.0,
        "cropland_ha": 0.0,
        "ntl_sum": 1.365,
        "exposure_score": 58.8,
        "lon": 88.60042,
        "lat": 27.23137,
        "rank_area": 491,
        "rank_exposure": 371,
        "past_slides": 0
      },
      "geometry": {
        "type": "Point",
        "coordinates": [
          88.60042,
          27.23137
        ]
      }
    },
    {
      "type": "Feature",
      "id": 492,
      "properties": {
        "area_ha": 2.07,
        "area_km2": 0.0207,
        "mean_index": 0.6778,
        "max_index": 0.7454,
        "mean_slope_deg": 20.3,
        "max_slope_deg": 26.8,
        "min_dist_road_m": 0,
        "builtup_ha": 0.09,
        "cropland_ha": 0.0,
        "ntl_sum": 5.538,
        "exposure_score": 84.2,
        "lon": 88.5921,
        "lat": 27.23038,
        "rank_area": 492,
        "rank_exposure": 84,
        "past_slides": 0
      },
      "geometry": {
        "type": "Point",
        "coordinates": [
          88.5921,
          27.23038
        ]
      }
    },
    {
      "type": "Feature",
      "id": 493,
      "properties": {
        "area_ha": 2.07,
        "area_km2": 0.0207,
        "mean_index": 0.6637,
        "max_index": 0.6933,
        "mean_slope_deg": 26.4,
        "max_slope_deg": 29.7,
        "min_dist_road_m": 836,
        "builtup_ha": 0.0,
        "cropland_ha": 0.0,
        "ntl_sum": 1.239,
        "exposure_score": 52.3,
        "lon": 88.53933,
        "lat": 27.20782,
        "rank_area": 493,
        "rank_exposure": 470,
        "past_slides": 0
      },
      "geometry": {
        "type": "Point",
        "coordinates": [
          88.53933,
          27.20782
        ]
      }
    },
    {
      "type": "Feature",
      "id": 494,
      "properties": {
        "area_ha": 2.07,
        "area_km2": 0.0207,
        "mean_index": 0.6744,
        "max_index": 0.7361,
        "mean_slope_deg": 25.0,
        "max_slope_deg": 29.5,
        "min_dist_road_m": 1068,
        "builtup_ha": 0.0,
        "cropland_ha": 0.0,
        "ntl_sum": 1.679,
        "exposure_score": 51.6,
        "lon": 88.28092,
        "lat": 27.16831,
        "rank_area": 494,
        "rank_exposure": 478,
        "past_slides": 0
      },
      "geometry": {
        "type": "Point",
        "coordinates": [
          88.28092,
          27.16831
        ]
      }
    },
    {
      "type": "Feature",
      "id": 495,
      "properties": {
        "area_ha": 2.07,
        "area_km2": 0.0207,
        "mean_index": 0.6761,
        "max_index": 0.7122,
        "mean_slope_deg": 19.9,
        "max_slope_deg": 25.3,
        "min_dist_road_m": 218,
        "builtup_ha": 0.0,
        "cropland_ha": 0.0,
        "ntl_sum": 1.727,
        "exposure_score": 60.5,
        "lon": 88.33499,
        "lat": 27.12095,
        "rank_area": 495,
        "rank_exposure": 351,
        "past_slides": 0
      },
      "geometry": {
        "type": "Point",
        "coordinates": [
          88.33499,
          27.12095
        ]
      }
    },
    {
      "type": "Feature",
      "id": 496,
      "properties": {
        "area_ha": 1.98,
        "area_km2": 0.0198,
        "mean_index": 0.663,
        "max_index": 0.6829,
        "mean_slope_deg": 30.6,
        "max_slope_deg": 39.3,
        "min_dist_road_m": 0,
        "builtup_ha": 0.36,
        "cropland_ha": 0.0,
        "ntl_sum": 0.879,
        "exposure_score": 67.4,
        "lon": 88.57153,
        "lat": 27.41001,
        "rank_area": 496,
        "rank_exposure": 245,
        "past_slides": 0
      },
      "geometry": {
        "type": "Point",
        "coordinates": [
          88.57153,
          27.41001
        ]
      }
    },
    {
      "type": "Feature",
      "id": 497,
      "properties": {
        "area_ha": 1.98,
        "area_km2": 0.0198,
        "mean_index": 0.6663,
        "max_index": 0.7044,
        "mean_slope_deg": 27.4,
        "max_slope_deg": 32.7,
        "min_dist_road_m": 1036,
        "builtup_ha": 0.0,
        "cropland_ha": 0.09,
        "ntl_sum": 0.664,
        "exposure_score": 42.7,
        "lon": 88.60315,
        "lat": 27.38338,
        "rank_area": 497,
        "rank_exposure": 634,
        "past_slides": 0
      },
      "geometry": {
        "type": "Point",
        "coordinates": [
          88.60315,
          27.38338
        ]
      }
    },
    {
      "type": "Feature",
      "id": 498,
      "properties": {
        "area_ha": 1.98,
        "area_km2": 0.0198,
        "mean_index": 0.6577,
        "max_index": 0.6863,
        "mean_slope_deg": 25.8,
        "max_slope_deg": 39.4,
        "min_dist_road_m": 0,
        "builtup_ha": 0.45,
        "cropland_ha": 0.27,
        "ntl_sum": 0.715,
        "exposure_score": 63.9,
        "lon": 88.76975,
        "lat": 27.37825,
        "rank_area": 498,
        "rank_exposure": 294,
        "past_slides": 0
      },
      "geometry": {
        "type": "Point",
        "coordinates": [
          88.76975,
          27.37825
        ]
      }
    },
    {
      "type": "Feature",
      "id": 499,
      "properties": {
        "area_ha": 1.98,
        "area_km2": 0.0198,
        "mean_index": 0.6607,
        "max_index": 0.6976,
        "mean_slope_deg": 43.0,
        "max_slope_deg": 56.6,
        "min_dist_road_m": 371,
        "builtup_ha": 0.0,
        "cropland_ha": 0.0,
        "ntl_sum": 0.479,
        "exposure_score": 43.1,
        "lon": 88.70195,
        "lat": 27.37233,
        "rank_area": 499,
        "rank_exposure": 625,
        "past_slides": 0
      },
      "geometry": {
        "type": "Point",
        "coordinates": [
          88.70195,
          27.37233
        ]
      }
    },
    {
      "type": "Feature",
      "id": 500,
      "properties": {
        "area_ha": 1.98,
        "area_km2": 0.0198,
        "mean_index": 0.6661,
        "max_index": 0.699,
        "mean_slope_deg": 37.1,
        "max_slope_deg": 42.5,
        "min_dist_road_m": 1233,
        "builtup_ha": 0.0,
        "cropland_ha": 0.0,
        "ntl_sum": 0.477,
        "exposure_score": 33.8,
        "lon": 88.69832,
        "lat": 27.36344,
        "rank_area": 500,
        "rank_exposure": 762,
        "past_slides": 0
      },
      "geometry": {
        "type": "Point",
        "coordinates": [
          88.69832,
          27.36344
        ]
      }
    },
    {
      "type": "Feature",
      "id": 501,
      "properties": {
        "area_ha": 1.98,
        "area_km2": 0.0198,
        "mean_index": 0.667,
        "max_index": 0.7077,
        "mean_slope_deg": 31.9,
        "max_slope_deg": 42.2,
        "min_dist_road_m": 1762,
        "builtup_ha": 0.0,
        "cropland_ha": 0.0,
        "ntl_sum": 0.567,
        "exposure_score": 32.6,
        "lon": 88.44825,
        "lat": 27.36233,
        "rank_area": 501,
        "rank_exposure": 776,
        "past_slides": 0
      },
      "geometry": {
        "type": "Point",
        "coordinates": [
          88.44825,
          27.36233
        ]
      }
    },
    {
      "type": "Feature",
      "id": 502,
      "properties": {
        "area_ha": 1.98,
        "area_km2": 0.0198,
        "mean_index": 0.6612,
        "max_index": 0.6887,
        "mean_slope_deg": 27.7,
        "max_slope_deg": 35.7,
        "min_dist_road_m": 339,
        "builtup_ha": 0.0,
        "cropland_ha": 0.0,
        "ntl_sum": 0.784,
        "exposure_score": 52.4,
        "lon": 88.57672,
        "lat": 27.34848,
        "rank_area": 502,
        "rank_exposure": 468,
        "past_slides": 0
      },
      "geometry": {
        "type": "Point",
        "coordinates": [
          88.57672,
          27.34848
        ]
      }
    },
    {
      "type": "Feature",
      "id": 503,
      "properties": {
        "area_ha": 1.98,
        "area_km2": 0.0198,
        "mean_index": 0.6671,
        "max_index": 0.7153,
        "mean_slope_deg": 27.7,
        "max_slope_deg": 37.0,
        "min_dist_road_m": 283,
        "builtup_ha": 0.0,
        "cropland_ha": 0.0,
        "ntl_sum": 0.552,
        "exposure_score": 47.1,
        "lon": 88.46497,
        "lat": 27.34401,
        "rank_area": 503,
        "rank_exposure": 555,
        "past_slides": 0
      },
      "geometry": {
        "type": "Point",
        "coordinates": [
          88.46497,
          27.34401
        ]
      }
    },
    {
      "type": "Feature",
      "id": 504,
      "properties": {
        "area_ha": 1.98,
        "area_km2": 0.0198,
        "mean_index": 0.6611,
        "max_index": 0.702,
        "mean_slope_deg": 37.7,
        "max_slope_deg": 53.2,
        "min_dist_road_m": 0,
        "builtup_ha": 0.0,
        "cropland_ha": 0.0,
        "ntl_sum": 0.708,
        "exposure_score": 57.7,
        "lon": 88.46787,
        "lat": 27.32381,
        "rank_area": 504,
        "rank_exposure": 386,
        "past_slides": 0
      },
      "geometry": {
        "type": "Point",
        "coordinates": [
          88.46787,
          27.32381
        ]
      }
    },
    {
      "type": "Feature",
      "id": 505,
      "properties": {
        "area_ha": 1.98,
        "area_km2": 0.0198,
        "mean_index": 0.6994,
        "max_index": 0.7716,
        "mean_slope_deg": 29.5,
        "max_slope_deg": 39.7,
        "min_dist_road_m": 384,
        "builtup_ha": 0.0,
        "cropland_ha": 0.0,
        "ntl_sum": 0.717,
        "exposure_score": 56.3,
        "lon": 88.22927,
        "lat": 27.31623,
        "rank_area": 505,
        "rank_exposure": 407,
        "past_slides": 0
      },
      "geometry": {
        "type": "Point",
        "coordinates": [
          88.22927,
          27.31623
        ]
      }
    },
    {
      "type": "Feature",
      "id": 506,
      "properties": {
        "area_ha": 1.98,
        "area_km2": 0.0198,
        "mean_index": 0.6834,
        "max_index": 0.7281,
        "mean_slope_deg": 30.3,
        "max_slope_deg": 34.7,
        "min_dist_road_m": 192,
        "builtup_ha": 0.0,
        "cropland_ha": 0.0,
        "ntl_sum": 0.863,
        "exposure_score": 62.4,
        "lon": 88.41444,
        "lat": 27.31326,
        "rank_area": 506,
        "rank_exposure": 318,
        "past_slides": 0
      },
      "geometry": {
        "type": "Point",
        "coordinates": [
          88.41444,
          27.31326
        ]
      }
    },
    {
      "type": "Feature",
      "id": 507,
      "properties": {
        "area_ha": 1.98,
        "area_km2": 0.0198,
        "mean_index": 0.6703,
        "max_index": 0.7177,
        "mean_slope_deg": 32.6,
        "max_slope_deg": 39.6,
        "min_dist_road_m": 693,
        "builtup_ha": 0.0,
        "cropland_ha": 0.0,
        "ntl_sum": 0.956,
        "exposure_score": 44.2,
        "lon": 88.56499,
        "lat": 27.27943,
        "rank_area": 507,
        "rank_exposure": 603,
        "past_slides": 0
      },
      "geometry": {
        "type": "Point",
        "coordinates": [
          88.56499,
          27.27943
        ]
      }
    },
    {
      "type": "Feature",
      "id": 508,
      "properties": {
        "area_ha": 1.98,
        "area_km2": 0.0198,
        "mean_index": 0.6815,
        "max_index": 0.7429,
        "mean_slope_deg": 21.3,
        "max_slope_deg": 26.8,
        "min_dist_road_m": 960,
        "builtup_ha": 0.0,
        "cropland_ha": 0.0,
        "ntl_sum": 0.633,
        "exposure_score": 33.6,
        "lon": 88.64027,
        "lat": 27.27071,
        "rank_area": 508,
        "rank_exposure": 767,
        "past_slides": 0
      },
      "geometry": {
        "type": "Point",
        "coordinates": [
          88.64027,
          27.27071
        ]
      }
    },
    {
      "type": "Feature",
      "id": 509,
      "properties": {
        "area_ha": 1.98,
        "area_km2": 0.0198,
        "mean_index": 0.6723,
        "max_index": 0.7257,
        "mean_slope_deg": 34.4,
        "max_slope_deg": 44.9,
        "min_dist_road_m": 698,
        "builtup_ha": 0.0,
        "cropland_ha": 0.0,
        "ntl_sum": 1.094,
        "exposure_score": 45.2,
        "lon": 88.56556,
        "lat": 27.27076,
        "rank_area": 509,
        "rank_exposure": 586,
        "past_slides": 0
      },
      "geometry": {
        "type": "Point",
        "coordinates": [
          88.56556,
          27.27076
        ]
      }
    },
    {
      "type": "Feature",
      "id": 510,
      "properties": {
        "area_ha": 1.98,
        "area_km2": 0.0198,
        "mean_index": 0.6921,
        "max_index": 0.7419,
        "mean_slope_deg": 22.3,
        "max_slope_deg": 30.0,
        "min_dist_road_m": 1337,
        "builtup_ha": 0.0,
        "cropland_ha": 0.0,
        "ntl_sum": 0.563,
        "exposure_score": 24.2,
        "lon": 88.64012,
        "lat": 27.26124,
        "rank_area": 510,
        "rank_exposure": 852,
        "past_slides": 0
      },
      "geometry": {
        "type": "Point",
        "coordinates": [
          88.64012,
          27.26124
        ]
      }
    },
    {
      "type": "Feature",
      "id": 511,
      "properties": {
        "area_ha": 1.98,
        "area_km2": 0.0198,
        "mean_index": 0.6828,
        "max_index": 0.7274,
        "mean_slope_deg": 21.3,
        "max_slope_deg": 25.6,
        "min_dist_road_m": 323,
        "builtup_ha": 0.0,
        "cropland_ha": 0.0,
        "ntl_sum": 1.326,
        "exposure_score": 48.2,
        "lon": 88.23133,
        "lat": 27.25812,
        "rank_area": 511,
        "rank_exposure": 537,
        "past_slides": 0
      },
      "geometry": {
        "type": "Point",
        "coordinates": [
          88.23133,
          27.25812
        ]
      }
    },
    {
      "type": "Feature",
      "id": 512,
      "properties": {
        "area_ha": 1.98,
        "area_km2": 0.0198,
        "mean_index": 0.6862,
        "max_index": 0.7307,
        "mean_slope_deg": 26.1,
        "max_slope_deg": 30.5,
        "min_dist_road_m": 376,
        "builtup_ha": 0.0,
        "cropland_ha": 0.18,
        "ntl_sum": 0.708,
        "exposure_score": 40.1,
        "lon": 88.66906,
        "lat": 27.24411,
        "rank_area": 512,
        "rank_exposure": 665,
        "past_slides": 0
      },
      "geometry": {
        "type": "Point",
        "coordinates": [
          88.66906,
          27.24411
        ]
      }
    },
    {
      "type": "Feature",
      "id": 513,
      "properties": {
        "area_ha": 1.98,
        "area_km2": 0.0198,
        "mean_index": 0.6696,
        "max_index": 0.7171,
        "mean_slope_deg": 22.4,
        "max_slope_deg": 27.9,
        "min_dist_road_m": 1116,
        "builtup_ha": 0.0,
        "cropland_ha": 0.0,
        "ntl_sum": 0.639,
        "exposure_score": 29.5,
        "lon": 88.11928,
        "lat": 27.24606,
        "rank_area": 513,
        "rank_exposure": 806,
        "past_slides": 0
      },
      "geometry": {
        "type": "Point",
        "coordinates": [
          88.11928,
          27.24606
        ]
      }
    },
    {
      "type": "Feature",
      "id": 514,
      "properties": {
        "area_ha": 1.98,
        "area_km2": 0.0198,
        "mean_index": 0.6824,
        "max_index": 0.7507,
        "mean_slope_deg": 16.9,
        "max_slope_deg": 22.7,
        "min_dist_road_m": 0,
        "builtup_ha": 0.18,
        "cropland_ha": 0.09,
        "ntl_sum": 4.268,
        "exposure_score": 83.3,
        "lon": 88.59167,
        "lat": 27.2339,
        "rank_area": 514,
        "rank_exposure": 88,
        "past_slides": 0
      },
      "geometry": {
        "type": "Point",
        "coordinates": [
          88.59167,
          27.2339
        ]
      }
    },
    {
      "type": "Feature",
      "id": 515,
      "properties": {
        "area_ha": 1.98,
        "area_km2": 0.0198,
        "mean_index": 0.6676,
        "max_index": 0.6958,
        "mean_slope_deg": 30.8,
        "max_slope_deg": 35.9,
        "min_dist_road_m": 631,
        "builtup_ha": 0.0,
        "cropland_ha": 0.0,
        "ntl_sum": 0.587,
        "exposure_score": 41.4,
        "lon": 88.73096,
        "lat": 27.22724,
        "rank_area": 515,
        "rank_exposure": 649,
        "past_slides": 0
      },
      "geometry": {
        "type": "Point",
        "coordinates": [
          88.73096,
          27.22724
        ]
      }
    },
    {
      "type": "Feature",
      "id": 516,
      "properties": {
        "area_ha": 1.98,
        "area_km2": 0.0198,
        "mean_index": 0.661,
        "max_index": 0.6847,
        "mean_slope_deg": 13.2,
        "max_slope_deg": 22.1,
        "min_dist_road_m": 0,
        "builtup_ha": 0.27,
        "cropland_ha": 0.09,
        "ntl_sum": 1.043,
        "exposure_score": 69.1,
        "lon": 88.73851,
        "lat": 27.22647,
        "rank_area": 516,
        "rank_exposure": 228,
        "past_slides": 0
      },
      "geometry": {
        "type": "Point",
        "coordinates": [
          88.73851,
          27.22647
        ]
      }
    },
    {
      "type": "Feature",
      "id": 517,
      "properties": {
        "area_ha": 1.98,
        "area_km2": 0.0198,
        "mean_index": 0.6723,
        "max_index": 0.7156,
        "mean_slope_deg": 26.7,
        "max_slope_deg": 34.8,
        "min_dist_road_m": 983,
        "builtup_ha": 0.0,
        "cropland_ha": 0.0,
        "ntl_sum": 1.588,
        "exposure_score": 49.1,
        "lon": 88.29483,
        "lat": 27.18267,
        "rank_area": 517,
        "rank_exposure": 517,
        "past_slides": 0
      },
      "geometry": {
        "type": "Point",
        "coordinates": [
          88.29483,
          27.18267
        ]
      }
    },
    {
      "type": "Feature",
      "id": 518,
      "properties": {
        "area_ha": 1.98,
        "area_km2": 0.0198,
        "mean_index": 0.6948,
        "max_index": 0.7455,
        "mean_slope_deg": 25.4,
        "max_slope_deg": 34.8,
        "min_dist_road_m": 242,
        "builtup_ha": 0.0,
        "cropland_ha": 0.36,
        "ntl_sum": 1.992,
        "exposure_score": 60.3,
        "lon": 88.298,
        "lat": 27.17641,
        "rank_area": 518,
        "rank_exposure": 353,
        "past_slides": 0
      },
      "geometry": {
        "type": "Point",
        "coordinates": [
          88.298,
          27.17641
        ]
      }
    },
    {
      "type": "Feature",
      "id": 519,
      "properties": {
        "area_ha": 1.98,
        "area_km2": 0.0198,
        "mean_index": 0.6724,
        "max_index": 0.7203,
        "mean_slope_deg": 35.7,
        "max_slope_deg": 42.3,
        "min_dist_road_m": 402,
        "builtup_ha": 0.0,
        "cropland_ha": 0.0,
        "ntl_sum": 3.747,
        "exposure_score": 62.9,
        "lon": 88.50538,
        "lat": 27.17366,
        "rank_area": 519,
        "rank_exposure": 311,
        "past_slides": 0
      },
      "geometry": {
        "type": "Point",
        "coordinates": [
          88.50538,
          27.17366
        ]
      }
    },
    {
      "type": "Feature",
      "id": 520,
      "properties": {
        "area_ha": 1.98,
        "area_km2": 0.0198,
        "mean_index": 0.6625,
        "max_index": 0.6995,
        "mean_slope_deg": 33.4,
        "max_slope_deg": 39.8,
        "min_dist_road_m": 1687,
        "builtup_ha": 0.0,
        "cropland_ha": 0.09,
        "ntl_sum": 1.012,
        "exposure_score": 37.3,
        "lon": 88.26642,
        "lat": 27.15842,
        "rank_area": 520,
        "rank_exposure": 702,
        "past_slides": 0
      },
      "geometry": {
        "type": "Point",
        "coordinates": [
          88.26642,
          27.15842
        ]
      }
    },
    {
      "type": "Feature",
      "id": 521,
      "properties": {
        "area_ha": 1.89,
        "area_km2": 0.0189,
        "mean_index": 0.6702,
        "max_index": 0.7085,
        "mean_slope_deg": 42.1,
        "max_slope_deg": 50.2,
        "min_dist_road_m": 0,
        "builtup_ha": 0.0,
        "cropland_ha": 0.72,
        "ntl_sum": 0.307,
        "exposure_score": 43.3,
        "lon": 88.58366,
        "lat": 27.6904,
        "rank_area": 521,
        "rank_exposure": 621,
        "past_slides": 0
      },
      "geometry": {
        "type": "Point",
        "coordinates": [
          88.58366,
          27.6904
        ]
      }
    },
    {
      "type": "Feature",
      "id": 522,
      "properties": {
        "area_ha": 1.89,
        "area_km2": 0.0189,
        "mean_index": 0.665,
        "max_index": 0.6876,
        "mean_slope_deg": 38.4,
        "max_slope_deg": 51.2,
        "min_dist_road_m": 0,
        "builtup_ha": 0.0,
        "cropland_ha": 0.36,
        "ntl_sum": 0.788,
        "exposure_score": 57.3,
        "lon": 88.61226,
        "lat": 27.64187,
        "rank_area": 522,
        "rank_exposure": 393,
        "past_slides": 0
      },
      "geometry": {
        "type": "Point",
        "coordinates": [
          88.61226,
          27.64187
        ]
      }
    },
    {
      "type": "Feature",
      "id": 523,
      "properties": {
        "area_ha": 1.89,
        "area_km2": 0.0189,
        "mean_index": 0.6658,
        "max_index": 0.6962,
        "mean_slope_deg": 25.0,
        "max_slope_deg": 36.1,
        "min_dist_road_m": 973,
        "builtup_ha": 0.0,
        "cropland_ha": 0.0,
        "ntl_sum": 0.636,
        "exposure_score": 45.8,
        "lon": 88.50395,
        "lat": 27.40899,
        "rank_area": 523,
        "rank_exposure": 576,
        "past_slides": 0
      },
      "geometry": {
        "type": "Point",
        "coordinates": [
          88.50395,
          27.40899
        ]
      }
    },
    {
      "type": "Feature",
      "id": 524,
      "properties": {
        "area_ha": 1.89,
        "area_km2": 0.0189,
        "mean_index": 0.6846,
        "max_index": 0.7131,
        "mean_slope_deg": 38.5,
        "max_slope_deg": 46.3,
        "min_dist_road_m": 391,
        "builtup_ha": 0.0,
        "cropland_ha": 0.0,
        "ntl_sum": 0.579,
        "exposure_score": 49.1,
        "lon": 88.61123,
        "lat": 27.39344,
        "rank_area": 524,
        "rank_exposure": 518,
        "past_slides": 0
      },
      "geometry": {
        "type": "Point",
        "coordinates": [
          88.61123,
          27.39344
        ]
      }
    },
    {
      "type": "Feature",
      "id": 525,
      "properties": {
        "area_ha": 1.89,
        "area_km2": 0.0189,
        "mean_index": 0.6779,
        "max_index": 0.7176,
        "mean_slope_deg": 36.8,
        "max_slope_deg": 42.0,
        "min_dist_road_m": 277,
        "builtup_ha": 0.0,
        "cropland_ha": 0.0,
        "ntl_sum": 1.231,
        "exposure_score": 60.8,
        "lon": 88.63121,
        "lat": 27.35503,
        "rank_area": 525,
        "rank_exposure": 343,
        "past_slides": 0
      },
      "geometry": {
        "type": "Point",
        "coordinates": [
          88.63121,
          27.35503
        ]
      }
    },
    {
      "type": "Feature",
      "id": 526,
      "properties": {
        "area_ha": 1.89,
        "area_km2": 0.0189,
        "mean_index": 0.6757,
        "max_index": 0.7083,
        "mean_slope_deg": 28.3,
        "max_slope_deg": 35.4,
        "min_dist_road_m": 242,
        "builtup_ha": 0.0,
        "cropland_ha": 0.0,
        "ntl_sum": 0.592,
        "exposure_score": 54.5,
        "lon": 88.32318,
        "lat": 27.33297,
        "rank_area": 526,
        "rank_exposure": 431,
        "past_slides": 0
      },
      "geometry": {
        "type": "Point",
        "coordinates": [
          88.32318,
          27.33297
        ]
      }
    },
    {
      "type": "Feature",
      "id": 527,
      "properties": {
        "area_ha": 1.89,
        "area_km2": 0.0189,
        "mean_index": 0.6579,
        "max_index": 0.6853,
        "mean_slope_deg": 32.5,
        "max_slope_deg": 42.6,
        "min_dist_road_m": 0,
        "builtup_ha": 0.72,
        "cropland_ha": 0.09,
        "ntl_sum": 12.435,
        "exposure_score": 87.6,
        "lon": 88.61007,
        "lat": 27.32359,
        "rank_area": 527,
        "rank_exposure": 67,
        "past_slides": 0
      },
      "geometry": {
        "type": "Point",
        "coordinates": [
          88.61007,
          27.32359
        ]
      }
    },
    {
      "type": "Feature",
      "id": 528,
      "properties": {
        "area_ha": 1.89,
        "area_km2": 0.0189,
        "mean_index": 0.6769,
        "max_index": 0.7165,
        "mean_slope_deg": 36.1,
        "max_slope_deg": 44.5,
        "min_dist_road_m": 720,
        "builtup_ha": 0.0,
        "cropland_ha": 0.09,
        "ntl_sum": 0.912,
        "exposure_score": 55.4,
        "lon": 88.2769,
        "lat": 27.3265,
        "rank_area": 528,
        "rank_exposure": 421,
        "past_slides": 0
      },
      "geometry": {
        "type": "Point",
        "coordinates": [
          88.2769,
          27.3265
        ]
      }
    },
    {
      "type": "Feature",
      "id": 529,
      "properties": {
        "area_ha": 1.89,
        "area_km2": 0.0189,
        "mean_index": 0.6627,
        "max_index": 0.6801,
        "mean_slope_deg": 29.4,
        "max_slope_deg": 40.2,
        "min_dist_road_m": 0,
        "builtup_ha": 0.0,
        "cropland_ha": 0.09,
        "ntl_sum": 0.431,
        "exposure_score": 51.0,
        "lon": 88.8441,
        "lat": 27.30757,
        "rank_area": 529,
        "rank_exposure": 489,
        "past_slides": 0
      },
      "geometry": {
        "type": "Point",
        "coordinates": [
          88.8441,
          27.30757
        ]
      }
    },
    {
      "type": "Feature",
      "id": 530,
      "properties": {
        "area_ha": 1.89,
        "area_km2": 0.0189,
        "mean_index": 0.6697,
        "max_index": 0.6975,
        "mean_slope_deg": 35.5,
        "max_slope_deg": 47.9,
        "min_dist_road_m": 2120,
        "builtup_ha": 0.0,
        "cropland_ha": 0.0,
        "ntl_sum": 0.667,
        "exposure_score": 38.3,
        "lon": 88.3369,
        "lat": 27.304,
        "rank_area": 530,
        "rank_exposure": 682,
        "past_slides": 0
      },
      "geometry": {
        "type": "Point",
        "coordinates": [
          88.3369,
          27.304
        ]
      }
    },
    {
      "type": "Feature",
      "id": 531,
      "properties": {
        "area_ha": 1.89,
        "area_km2": 0.0189,
        "mean_index": 0.6711,
        "max_index": 0.7067,
        "mean_slope_deg": 39.4,
        "max_slope_deg": 50.9,
        "min_dist_road_m": 420,
        "builtup_ha": 0.0,
        "cropland_ha": 0.0,
        "ntl_sum": 0.781,
        "exposure_score": 58.4,
        "lon": 88.40592,
        "lat": 27.29912,
        "rank_area": 531,
        "rank_exposure": 380,
        "past_slides": 0
      },
      "geometry": {
        "type": "Point",
        "coordinates": [
          88.40592,
          27.29912
        ]
      }
    },
    {
      "type": "Feature",
      "id": 532,
      "properties": {
        "area_ha": 1.89,
        "area_km2": 0.0189,
        "mean_index": 0.7003,
        "max_index": 0.7585,
        "mean_slope_deg": 27.0,
        "max_slope_deg": 34.8,
        "min_dist_road_m": 1907,
        "builtup_ha": 0.0,
        "cropland_ha": 0.0,
        "ntl_sum": 0.456,
        "exposure_score": 18.5,
        "lon": 88.17486,
        "lat": 27.28758,
        "rank_area": 532,
        "rank_exposure": 881,
        "past_slides": 0
      },
      "geometry": {
        "type": "Point",
        "coordinates": [
          88.17486,
          27.28758
        ]
      }
    },
    {
      "type": "Feature",
      "id": 533,
      "properties": {
        "area_ha": 1.89,
        "area_km2": 0.0189,
        "mean_index": 0.6793,
        "max_index": 0.716,
        "mean_slope_deg": 34.1,
        "max_slope_deg": 42.6,
        "min_dist_road_m": 902,
        "builtup_ha": 0.0,
        "cropland_ha": 0.0,
        "ntl_sum": 0.523,
        "exposure_score": 26.6,
        "lon": 88.72225,
        "lat": 27.26336,
        "rank_area": 533,
        "rank_exposure": 832,
        "past_slides": 0
      },
      "geometry": {
        "type": "Point",
        "coordinates": [
          88.72225,
          27.26336
        ]
      }
    },
    {
      "type": "Feature",
      "id": 534,
      "properties": {
        "area_ha": 1.89,
        "area_km2": 0.0189,
        "mean_index": 0.6653,
        "max_index": 0.6855,
        "mean_slope_deg": 26.4,
        "max_slope_deg": 40.8,
        "min_dist_road_m": 0,
        "builtup_ha": 0.09,
        "cropland_ha": 0.0,
        "ntl_sum": 0.559,
        "exposure_score": 57.8,
        "lon": 88.69726,
        "lat": 27.24932,
        "rank_area": 534,
        "rank_exposure": 384,
        "past_slides": 0
      },
      "geometry": {
        "type": "Point",
        "coordinates": [
          88.69726,
          27.24932
        ]
      }
    },
    {
      "type": "Feature",
      "id": 535,
      "properties": {
        "area_ha": 1.89,
        "area_km2": 0.0189,
        "mean_index": 0.6899,
        "max_index": 0.7535,
        "mean_slope_deg": 23.6,
        "max_slope_deg": 28.4,
        "min_dist_road_m": 192,
        "builtup_ha": 0.0,
        "cropland_ha": 0.0,
        "ntl_sum": 1.851,
        "exposure_score": 54.5,
        "lon": 88.59158,
        "lat": 27.24203,
        "rank_area": 535,
        "rank_exposure": 432,
        "past_slides": 0
      },
      "geometry": {
        "type": "Point",
        "coordinates": [
          88.59158,
          27.24203
        ]
      }
    },
    {
      "type": "Feature",
      "id": 536,
      "properties": {
        "area_ha": 1.89,
        "area_km2": 0.0189,
        "mean_index": 0.6591,
        "max_index": 0.6874,
        "mean_slope_deg": 23.7,
        "max_slope_deg": 28.6,
        "min_dist_road_m": 379,
        "builtup_ha": 0.0,
        "cropland_ha": 0.0,
        "ntl_sum": 1.252,
        "exposure_score": 55.9,
        "lon": 88.60009,
        "lat": 27.22799,
        "rank_area": 536,
        "rank_exposure": 415,
        "past_slides": 0
      },
      "geometry": {
        "type": "Point",
        "coordinates": [
          88.60009,
          27.22799
        ]
      }
    },
    {
      "type": "Feature",
      "id": 537,
      "properties": {
        "area_ha": 1.89,
        "area_km2": 0.0189,
        "mean_index": 0.6726,
        "max_index": 0.7008,
        "mean_slope_deg": 25.3,
        "max_slope_deg": 28.8,
        "min_dist_road_m": 534,
        "builtup_ha": 0.0,
        "cropland_ha": 0.0,
        "ntl_sum": 0.81,
        "exposure_score": 49.3,
        "lon": 88.45073,
        "lat": 27.21513,
        "rank_area": 537,
        "rank_exposure": 514,
        "past_slides": 0
      },
      "geometry": {
        "type": "Point",
        "coordinates": [
          88.45073,
          27.21513
        ]
      }
    },
    {
      "type": "Feature",
      "id": 538,
      "properties": {
        "area_ha": 1.89,
        "area_km2": 0.0189,
        "mean_index": 0.6674,
        "max_index": 0.7096,
        "mean_slope_deg": 33.8,
        "max_slope_deg": 41.7,
        "min_dist_road_m": 300,
        "builtup_ha": 0.0,
        "cropland_ha": 0.0,
        "ntl_sum": 1.104,
        "exposure_score": 55.1,
        "lon": 88.70939,
        "lat": 27.20855,
        "rank_area": 538,
        "rank_exposure": 427,
        "past_slides": 0
      },
      "geometry": {
        "type": "Point",
        "coordinates": [
          88.70939,
          27.20855
        ]
      }
    },
    {
      "type": "Feature",
      "id": 539,
      "properties": {
        "area_ha": 1.89,
        "area_km2": 0.0189,
        "mean_index": 0.6717,
        "max_index": 0.7001,
        "mean_slope_deg": 31.6,
        "max_slope_deg": 36.6,
        "min_dist_road_m": 860,
        "builtup_ha": 0.0,
        "cropland_ha": 0.0,
        "ntl_sum": 0.934,
        "exposure_score": 44.3,
        "lon": 88.71898,
        "lat": 27.19869,
        "rank_area": 539,
        "rank_exposure": 600,
        "past_slides": 0
      },
      "geometry": {
        "type": "Point",
        "coordinates": [
          88.71898,
          27.19869
        ]
      }
    },
    {
      "type": "Feature",
      "id": 540,
      "properties": {
        "area_ha": 1.89,
        "area_km2": 0.0189,
        "mean_index": 0.6776,
        "max_index": 0.7322,
        "mean_slope_deg": 29.6,
        "max_slope_deg": 37.1,
        "min_dist_road_m": 247,
        "builtup_ha": 0.0,
        "cropland_ha": 0.0,
        "ntl_sum": 4.33,
        "exposure_score": 65.7,
        "lon": 88.50395,
        "lat": 27.19168,
        "rank_area": 540,
        "rank_exposure": 266,
        "past_slides": 0
      },
      "geometry": {
        "type": "Point",
        "coordinates": [
          88.50395,
          27.19168
        ]
      }
    },
    {
      "type": "Feature",
      "id": 541,
      "properties": {
        "area_ha": 1.89,
        "area_km2": 0.0189,
        "mean_index": 0.6804,
        "max_index": 0.7601,
        "mean_slope_deg": 24.5,
        "max_slope_deg": 29.0,
        "min_dist_road_m": 384,
        "builtup_ha": 0.0,
        "cropland_ha": 0.0,
        "ntl_sum": 1.892,
        "exposure_score": 59.9,
        "lon": 88.37229,
        "lat": 27.15999,
        "rank_area": 541,
        "rank_exposure": 357,
        "past_slides": 0
      },
      "geometry": {
        "type": "Point",
        "coordinates": [
          88.37229,
          27.15999
        ]
      }
    },
    {
      "type": "Feature",
      "id": 542,
      "properties": {
        "area_ha": 1.89,
        "area_km2": 0.0189,
        "mean_index": 0.6667,
        "max_index": 0.694,
        "mean_slope_deg": 26.3,
        "max_slope_deg": 33.7,
        "min_dist_road_m": 1008,
        "builtup_ha": 0.0,
        "cropland_ha": 1.17,
        "ntl_sum": 0.395,
        "exposure_score": 28.5,
        "lon": 88.11361,
        "lat": 27.15348,
        "rank_area": 542,
        "rank_exposure": 814,
        "past_slides": 0
      },
      "geometry": {
        "type": "Point",
        "coordinates": [
          88.11361,
          27.15348
        ]
      }
    },
    {
      "type": "Feature",
      "id": 543,
      "properties": {
        "area_ha": 1.89,
        "area_km2": 0.0189,
        "mean_index": 0.6663,
        "max_index": 0.709,
        "mean_slope_deg": 26.0,
        "max_slope_deg": 31.2,
        "min_dist_road_m": 319,
        "builtup_ha": 0.0,
        "cropland_ha": 0.0,
        "ntl_sum": 0.78,
        "exposure_score": 46.5,
        "lon": 88.19144,
        "lat": 27.15109,
        "rank_area": 543,
        "rank_exposure": 569,
        "past_slides": 0
      },
      "geometry": {
        "type": "Point",
        "coordinates": [
          88.19144,
          27.15109
        ]
      }
    },
    {
      "type": "Feature",
      "id": 544,
      "properties": {
        "area_ha": 1.89,
        "area_km2": 0.0189,
        "mean_index": 0.6686,
        "max_index": 0.7102,
        "mean_slope_deg": 23.2,
        "max_slope_deg": 26.4,
        "min_dist_road_m": 541,
        "builtup_ha": 0.0,
        "cropland_ha": 0.36,
        "ntl_sum": 1.013,
        "exposure_score": 48.2,
        "lon": 88.15775,
        "lat": 27.14988,
        "rank_area": 544,
        "rank_exposure": 538,
        "past_slides": 0
      },
      "geometry": {
        "type": "Point",
        "coordinates": [
          88.15775,
          27.14988
        ]
      }
    },
    {
      "type": "Feature",
      "id": 545,
      "properties": {
        "area_ha": 1.89,
        "area_km2": 0.0189,
        "mean_index": 0.6656,
        "max_index": 0.7053,
        "mean_slope_deg": 25.5,
        "max_slope_deg": 29.0,
        "min_dist_road_m": 577,
        "builtup_ha": 0.0,
        "cropland_ha": 0.0,
        "ntl_sum": 1.563,
        "exposure_score": 51.1,
        "lon": 88.33222,
        "lat": 27.12098,
        "rank_area": 545,
        "rank_exposure": 487,
        "past_slides": 0
      },
      "geometry": {
        "type": "Point",
        "coordinates": [
          88.33222,
          27.12098
        ]
      }
    },
    {
      "type": "Feature",
      "id": 546,
      "properties": {
        "area_ha": 1.8,
        "area_km2": 0.018,
        "mean_index": 0.6937,
        "max_index": 0.7495,
        "mean_slope_deg": 22.0,
        "max_slope_deg": 25.8,
        "min_dist_road_m": 335,
        "builtup_ha": 0.0,
        "cropland_ha": 0.0,
        "ntl_sum": 0.554,
        "exposure_score": 49.6,
        "lon": 88.60601,
        "lat": 27.40271,
        "rank_area": 546,
        "rank_exposure": 508,
        "past_slides": 0
      },
      "geometry": {
        "type": "Point",
        "coordinates": [
          88.60601,
          27.40271
        ]
      }
    },
    {
      "type": "Feature",
      "id": 547,
      "properties": {
        "area_ha": 1.8,
        "area_km2": 0.018,
        "mean_index": 0.6592,
        "max_index": 0.6885,
        "mean_slope_deg": 35.2,
        "max_slope_deg": 50.0,
        "min_dist_road_m": 2536,
        "builtup_ha": 0.0,
        "cropland_ha": 0.0,
        "ntl_sum": 0.349,
        "exposure_score": 21.2,
        "lon": 88.2879,
        "lat": 27.37351,
        "rank_area": 547,
        "rank_exposure": 866,
        "past_slides": 0
      },
      "geometry": {
        "type": "Point",
        "coordinates": [
          88.2879,
          27.37351
        ]
      }
    },
    {
      "type": "Feature",
      "id": 548,
      "properties": {
        "area_ha": 1.8,
        "area_km2": 0.018,
        "mean_index": 0.6729,
        "max_index": 0.6962,
        "mean_slope_deg": 39.6,
        "max_slope_deg": 48.4,
        "min_dist_road_m": 300,
        "builtup_ha": 0.0,
        "cropland_ha": 0.0,
        "ntl_sum": 0.802,
        "exposure_score": 51.4,
        "lon": 88.59561,
        "lat": 27.36763,
        "rank_area": 548,
        "rank_exposure": 481,
        "past_slides": 0
      },
      "geometry": {
        "type": "Point",
        "coordinates": [
          88.59561,
          27.36763
        ]
      }
    },
    {
      "type": "Feature",
      "id": 549,
      "properties": {
        "area_ha": 1.8,
        "area_km2": 0.018,
        "mean_index": 0.6677,
        "max_index": 0.6943,
        "mean_slope_deg": 31.9,
        "max_slope_deg": 41.5,
        "min_dist_road_m": 900,
        "builtup_ha": 0.0,
        "cropland_ha": 0.0,
        "ntl_sum": 0.434,
        "exposure_score": 34.6,
        "lon": 88.23447,
        "lat": 27.37088,
        "rank_area": 549,
        "rank_exposure": 753,
        "past_slides": 0
      },
      "geometry": {
        "type": "Point",
        "coordinates": [
          88.23447,
          27.37088
        ]
      }
    },
    {
      "type": "Feature",
      "id": 550,
      "properties": {
        "area_ha": 1.8,
        "area_km2": 0.018,
        "mean_index": 0.6652,
        "max_index": 0.6922,
        "mean_slope_deg": 21.3,
        "max_slope_deg": 25.4,
        "min_dist_road_m": 0,
        "builtup_ha": 0.0,
        "cropland_ha": 0.0,
        "ntl_sum": 0.461,
        "exposure_score": 45.9,
        "lon": 88.55882,
        "lat": 27.36398,
        "rank_area": 550,
        "rank_exposure": 575,
        "past_slides": 0
      },
      "geometry": {
        "type": "Point",
        "coordinates": [
          88.55882,
          27.36398
        ]
      }
    },
    {
      "type": "Feature",
      "id": 551,
      "properties": {
        "area_ha": 1.8,
        "area_km2": 0.018,
        "mean_index": 0.6794,
        "max_index": 0.7078,
        "mean_slope_deg": 32.3,
        "max_slope_deg": 42.3,
        "min_dist_road_m": 210,
        "builtup_ha": 0.0,
        "cropland_ha": 0.0,
        "ntl_sum": 1.123,
        "exposure_score": 59.7,
        "lon": 88.63014,
        "lat": 27.35965,
        "rank_area": 551,
        "rank_exposure": 359,
        "past_slides": 0
      },
      "geometry": {
        "type": "Point",
        "coordinates": [
          88.63014,
          27.35965
        ]
      }
    },
    {
      "type": "Feature",
      "id": 552,
      "properties": {
        "area_ha": 1.8,
        "area_km2": 0.018,
        "mean_index": 0.6591,
        "max_index": 0.6881,
        "mean_slope_deg": 31.2,
        "max_slope_deg": 43.9,
        "min_dist_road_m": 395,
        "builtup_ha": 0.0,
        "cropland_ha": 0.0,
        "ntl_sum": 0.787,
        "exposure_score": 56.0,
        "lon": 88.26329,
        "lat": 27.32364,
        "rank_area": 552,
        "rank_exposure": 412,
        "past_slides": 0
      },
      "geometry": {
        "type": "Point",
        "coordinates": [
          88.26329,
          27.32364
        ]
      }
    },
    {
      "type": "Feature",
      "id": 553,
      "properties": {
        "area_ha": 1.8,
        "area_km2": 0.018,
        "mean_index": 0.6612,
        "max_index": 0.6855,
        "mean_slope_deg": 44.3,
        "max_slope_deg": 55.1,
        "min_dist_road_m": 1905,
        "builtup_ha": 0.0,
        "cropland_ha": 0.0,
        "ntl_sum": 0.626,
        "exposure_score": 37.7,
        "lon": 88.32911,
        "lat": 27.30299,
        "rank_area": 553,
        "rank_exposure": 693,
        "past_slides": 0
      },
      "geometry": {
        "type": "Point",
        "coordinates": [
          88.32911,
          27.30299
        ]
      }
    },
    {
      "type": "Feature",
      "id": 554,
      "properties": {
        "area_ha": 1.8,
        "area_km2": 0.018,
        "mean_index": 0.685,
        "max_index": 0.755,
        "mean_slope_deg": 21.2,
        "max_slope_deg": 26.4,
        "min_dist_road_m": 201,
        "builtup_ha": 0.0,
        "cropland_ha": 0.0,
        "ntl_sum": 0.838,
        "exposure_score": 45.8,
        "lon": 88.32182,
        "lat": 27.27706,
        "rank_area": 554,
        "rank_exposure": 577,
        "past_slides": 0
      },
      "geometry": {
        "type": "Point",
        "coordinates": [
          88.32182,
          27.27706
        ]
      }
    },
    {
      "type": "Feature",
      "id": 555,
      "properties": {
        "area_ha": 1.8,
        "area_km2": 0.018,
        "mean_index": 0.6744,
        "max_index": 0.7332,
        "mean_slope_deg": 27.4,
        "max_slope_deg": 36.1,
        "min_dist_road_m": 741,
        "builtup_ha": 0.0,
        "cropland_ha": 0.0,
        "ntl_sum": 1.175,
        "exposure_score": 41.3,
        "lon": 88.24483,
        "lat": 27.25881,
        "rank_area": 555,
        "rank_exposure": 651,
        "past_slides": 1
      },
      "geometry": {
        "type": "Point",
        "coordinates": [
          88.24483,
          27.25881
        ]
      }
    },
    {
      "type": "Feature",
      "id": 556,
      "properties": {
        "area_ha": 1.8,
        "area_km2": 0.018,
        "mean_index": 0.6849,
        "max_index": 0.7245,
        "mean_slope_deg": 29.7,
        "max_slope_deg": 34.7,
        "min_dist_road_m": 216,
        "builtup_ha": 0.0,
        "cropland_ha": 0.0,
        "ntl_sum": 1.132,
        "exposure_score": 47.1,
        "lon": 88.5461,
        "lat": 27.25364,
        "rank_area": 556,
        "rank_exposure": 556,
        "past_slides": 0
      },
      "geometry": {
        "type": "Point",
        "coordinates": [
          88.5461,
          27.25364
        ]
      }
    },
    {
      "type": "Feature",
      "id": 557,
      "properties": {
        "area_ha": 1.8,
        "area_km2": 0.018,
        "mean_index": 0.7036,
        "max_index": 0.7752,
        "mean_slope_deg": 22.9,
        "max_slope_deg": 28.5,
        "min_dist_road_m": 210,
        "builtup_ha": 0.0,
        "cropland_ha": 0.0,
        "ntl_sum": 1.49,
        "exposure_score": 52.2,
        "lon": 88.23188,
        "lat": 27.25161,
        "rank_area": 557,
        "rank_exposure": 472,
        "past_slides": 0
      },
      "geometry": {
        "type": "Point",
        "coordinates": [
          88.23188,
          27.25161
        ]
      }
    },
    {
      "type": "Feature",
      "id": 558,
      "properties": {
        "area_ha": 1.8,
        "area_km2": 0.018,
        "mean_index": 0.6746,
        "max_index": 0.7165,
        "mean_slope_deg": 28.9,
        "max_slope_deg": 36.4,
        "min_dist_road_m": 870,
        "builtup_ha": 0.0,
        "cropland_ha": 0.0,
        "ntl_sum": 0.882,
        "exposure_score": 37.8,
        "lon": 88.25084,
        "lat": 27.2509,
        "rank_area": 558,
        "rank_exposure": 691,
        "past_slides": 0
      },
      "geometry": {
        "type": "Point",
        "coordinates": [
          88.25084,
          27.2509
        ]
      }
    },
    {
      "type": "Feature",
      "id": 559,
      "properties": {
        "area_ha": 1.8,
        "area_km2": 0.018,
        "mean_index": 0.6646,
        "max_index": 0.6984,
        "mean_slope_deg": 28.5,
        "max_slope_deg": 38.8,
        "min_dist_road_m": 0,
        "builtup_ha": 0.0,
        "cropland_ha": 0.0,
        "ntl_sum": 2.578,
        "exposure_score": 59.5,
        "lon": 88.4482,
        "lat": 27.24819,
        "rank_area": 559,
        "rank_exposure": 360,
        "past_slides": 0
      },
      "geometry": {
        "type": "Point",
        "coordinates": [
          88.4482,
          27.24819
        ]
      }
    },
    {
      "type": "Feature",
      "id": 560,
      "properties": {
        "area_ha": 1.8,
        "area_km2": 0.018,
        "mean_index": 0.6683,
        "max_index": 0.7126,
        "mean_slope_deg": 32.2,
        "max_slope_deg": 42.7,
        "min_dist_road_m": 886,
        "builtup_ha": 0.0,
        "cropland_ha": 0.0,
        "ntl_sum": 1.095,
        "exposure_score": 46.6,
        "lon": 88.46326,
        "lat": 27.20173,
        "rank_area": 560,
        "rank_exposure": 567,
        "past_slides": 0
      },
      "geometry": {
        "type": "Point",
        "coordinates": [
          88.46326,
          27.20173
        ]
      }
    },
    {
      "type": "Feature",
      "id": 561,
      "properties": {
        "area_ha": 1.8,
        "area_km2": 0.018,
        "mean_index": 0.6795,
        "max_index": 0.7242,
        "mean_slope_deg": 26.4,
        "max_slope_deg": 29.8,
        "min_dist_road_m": 1187,
        "builtup_ha": 0.0,
        "cropland_ha": 0.0,
        "ntl_sum": 0.39,
        "exposure_score": 25.9,
        "lon": 88.18028,
        "lat": 27.18909,
        "rank_area": 561,
        "rank_exposure": 838,
        "past_slides": 0
      },
      "geometry": {
        "type": "Point",
        "coordinates": [
          88.18028,
          27.18909
        ]
      }
    },
    {
      "type": "Feature",
      "id": 562,
      "properties": {
        "area_ha": 1.8,
        "area_km2": 0.018,
        "mean_index": 0.6674,
        "max_index": 0.7122,
        "mean_slope_deg": 37.6,
        "max_slope_deg": 41.8,
        "min_dist_road_m": 900,
        "builtup_ha": 0.0,
        "cropland_ha": 0.0,
        "ntl_sum": 1.341,
        "exposure_score": 47.4,
        "lon": 88.28357,
        "lat": 27.17261,
        "rank_area": 562,
        "rank_exposure": 550,
        "past_slides": 0
      },
      "geometry": {
        "type": "Point",
        "coordinates": [
          88.28357,
          27.17261
        ]
      }
    },
    {
      "type": "Feature",
      "id": 563,
      "properties": {
        "area_ha": 1.71,
        "area_km2": 0.0171,
        "mean_index": 0.6562,
        "max_index": 0.6754,
        "mean_slope_deg": 27.9,
        "max_slope_deg": 34.8,
        "min_dist_road_m": 1590,
        "builtup_ha": 0.0,
        "cropland_ha": 0.0,
        "ntl_sum": 0.422,
        "exposure_score": 30.3,
        "lon": 88.63176,
        "lat": 27.59087,
        "rank_area": 563,
        "rank_exposure": 793,
        "past_slides": 0
      },
      "geometry": {
        "type": "Point",
        "coordinates": [
          88.63176,
          27.59087
        ]
      }
    },
    {
      "type": "Feature",
      "id": 564,
      "properties": {
        "area_ha": 1.71,
        "area_km2": 0.0171,
        "mean_index": 0.6722,
        "max_index": 0.7021,
        "mean_slope_deg": 29.5,
        "max_slope_deg": 41.4,
        "min_dist_road_m": 1995,
        "builtup_ha": 0.0,
        "cropland_ha": 0.0,
        "ntl_sum": 0.441,
        "exposure_score": 27.5,
        "lon": 88.48984,
        "lat": 27.42174,
        "rank_area": 564,
        "rank_exposure": 821,
        "past_slides": 0
      },
      "geometry": {
        "type": "Point",
        "coordinates": [
          88.48984,
          27.42174
        ]
      }
    },
    {
      "type": "Feature",
      "id": 565,
      "properties": {
        "area_ha": 1.71,
        "area_km2": 0.0171,
        "mean_index": 0.6763,
        "max_index": 0.7059,
        "mean_slope_deg": 36.2,
        "max_slope_deg": 40.6,
        "min_dist_road_m": 190,
        "builtup_ha": 0.0,
        "cropland_ha": 0.0,
        "ntl_sum": 0.812,
        "exposure_score": 53.6,
        "lon": 88.62278,
        "lat": 27.37869,
        "rank_area": 565,
        "rank_exposure": 446,
        "past_slides": 0
      },
      "geometry": {
        "type": "Point",
        "coordinates": [
          88.62278,
          27.37869
        ]
      }
    },
    {
      "type": "Feature",
      "id": 566,
      "properties": {
        "area_ha": 1.71,
        "area_km2": 0.0171,
        "mean_index": 0.6701,
        "max_index": 0.7038,
        "mean_slope_deg": 26.2,
        "max_slope_deg": 31.8,
        "min_dist_road_m": 108,
        "builtup_ha": 0.0,
        "cropland_ha": 0.0,
        "ntl_sum": 0.441,
        "exposure_score": 43.8,
        "lon": 88.46136,
        "lat": 27.37844,
        "rank_area": 566,
        "rank_exposure": 609,
        "past_slides": 0
      },
      "geometry": {
        "type": "Point",
        "coordinates": [
          88.46136,
          27.37844
        ]
      }
    },
    {
      "type": "Feature",
      "id": 567,
      "properties": {
        "area_ha": 1.71,
        "area_km2": 0.0171,
        "mean_index": 0.6677,
        "max_index": 0.6962,
        "mean_slope_deg": 49.5,
        "max_slope_deg": 63.9,
        "min_dist_road_m": 3005,
        "builtup_ha": 0.0,
        "cropland_ha": 0.0,
        "ntl_sum": 0.333,
        "exposure_score": 21.2,
        "lon": 88.31702,
        "lat": 27.375,
        "rank_area": 567,
        "rank_exposure": 867,
        "past_slides": 0
      },
      "geometry": {
        "type": "Point",
        "coordinates": [
          88.31702,
          27.375
        ]
      }
    },
    {
      "type": "Feature",
      "id": 568,
      "properties": {
        "area_ha": 1.71,
        "area_km2": 0.0171,
        "mean_index": 0.6677,
        "max_index": 0.6934,
        "mean_slope_deg": 28.6,
        "max_slope_deg": 34.2,
        "min_dist_road_m": 3294,
        "builtup_ha": 0.0,
        "cropland_ha": 0.0,
        "ntl_sum": 0.355,
        "exposure_score": 21.3,
        "lon": 88.30485,
        "lat": 27.37417,
        "rank_area": 568,
        "rank_exposure": 865,
        "past_slides": 0
      },
      "geometry": {
        "type": "Point",
        "coordinates": [
          88.30485,
          27.37417
        ]
      }
    },
    {
      "type": "Feature",
      "id": 569,
      "properties": {
        "area_ha": 1.71,
        "area_km2": 0.0171,
        "mean_index": 0.6655,
        "max_index": 0.6892,
        "mean_slope_deg": 27.5,
        "max_slope_deg": 34.7,
        "min_dist_road_m": 285,
        "builtup_ha": 0.0,
        "cropland_ha": 0.0,
        "ntl_sum": 0.788,
        "exposure_score": 51.3,
        "lon": 88.58654,
        "lat": 27.36692,
        "rank_area": 569,
        "rank_exposure": 484,
        "past_slides": 0
      },
      "geometry": {
        "type": "Point",
        "coordinates": [
          88.58654,
          27.36692
        ]
      }
    },
    {
      "type": "Feature",
      "id": 570,
      "properties": {
        "area_ha": 1.71,
        "area_km2": 0.0171,
        "mean_index": 0.6653,
        "max_index": 0.7054,
        "mean_slope_deg": 39.8,
        "max_slope_deg": 43.6,
        "min_dist_road_m": 309,
        "builtup_ha": 0.0,
        "cropland_ha": 0.0,
        "ntl_sum": 0.53,
        "exposure_score": 45.4,
        "lon": 88.22834,
        "lat": 27.36525,
        "rank_area": 570,
        "rank_exposure": 584,
        "past_slides": 0
      },
      "geometry": {
        "type": "Point",
        "coordinates": [
          88.22834,
          27.36525
        ]
      }
    },
    {
      "type": "Feature",
      "id": 571,
      "properties": {
        "area_ha": 1.71,
        "area_km2": 0.0171,
        "mean_index": 0.6805,
        "max_index": 0.7392,
        "mean_slope_deg": 21.3,
        "max_slope_deg": 29.9,
        "min_dist_road_m": 0,
        "builtup_ha": 0.09,
        "cropland_ha": 0.0,
        "ntl_sum": 0.846,
        "exposure_score": 64.5,
        "lon": 88.48584,
        "lat": 27.34718,
        "rank_area": 571,
        "rank_exposure": 287,
        "past_slides": 0
      },
      "geometry": {
        "type": "Point",
        "coordinates": [
          88.48584,
          27.34718
        ]
      }
    },
    {
      "type": "Feature",
      "id": 572,
      "properties": {
        "area_ha": 1.71,
        "area_km2": 0.0171,
        "mean_index": 0.6683,
        "max_index": 0.7044,
        "mean_slope_deg": 39.4,
        "max_slope_deg": 43.4,
        "min_dist_road_m": 1666,
        "builtup_ha": 0.0,
        "cropland_ha": 0.0,
        "ntl_sum": 1.362,
        "exposure_score": 53.8,
        "lon": 88.24537,
        "lat": 27.33815,
        "rank_area": 572,
        "rank_exposure": 440,
        "past_slides": 0
      },
      "geometry": {
        "type": "Point",
        "coordinates": [
          88.24537,
          27.33815
        ]
      }
    },
    {
      "type": "Feature",
      "id": 573,
      "properties": {
        "area_ha": 1.71,
        "area_km2": 0.0171,
        "mean_index": 0.6799,
        "max_index": 0.7119,
        "mean_slope_deg": 25.8,
        "max_slope_deg": 31.7,
        "min_dist_road_m": 323,
        "builtup_ha": 0.0,
        "cropland_ha": 0.0,
        "ntl_sum": 0.644,
        "exposure_score": 53.1,
        "lon": 88.31252,
        "lat": 27.33145,
        "rank_area": 573,
        "rank_exposure": 453,
        "past_slides": 0
      },
      "geometry": {
        "type": "Point",
        "coordinates": [
          88.31252,
          27.33145
        ]
      }
    },
    {
      "type": "Feature",
      "id": 574,
      "properties": {
        "area_ha": 1.71,
        "area_km2": 0.0171,
        "mean_index": 0.6771,
        "max_index": 0.7239,
        "mean_slope_deg": 21.4,
        "max_slope_deg": 29.7,
        "min_dist_road_m": 0,
        "builtup_ha": 0.0,
        "cropland_ha": 0.0,
        "ntl_sum": 1.169,
        "exposure_score": 65.5,
        "lon": 88.33164,
        "lat": 27.32856,
        "rank_area": 574,
        "rank_exposure": 272,
        "past_slides": 0
      },
      "geometry": {
        "type": "Point",
        "coordinates": [
          88.33164,
          27.32856
        ]
      }
    },
    {
      "type": "Feature",
      "id": 575,
      "properties": {
        "area_ha": 1.71,
        "area_km2": 0.0171,
        "mean_index": 0.6782,
        "max_index": 0.7211,
        "mean_slope_deg": 33.3,
        "max_slope_deg": 41.8,
        "min_dist_road_m": 450,
        "builtup_ha": 0.0,
        "cropland_ha": 0.0,
        "ntl_sum": 0.586,
        "exposure_score": 50.5,
        "lon": 88.21013,
        "lat": 27.32926,
        "rank_area": 575,
        "rank_exposure": 494,
        "past_slides": 0
      },
      "geometry": {
        "type": "Point",
        "coordinates": [
          88.21013,
          27.32926
        ]
      }
    },
    {
      "type": "Feature",
      "id": 576,
      "properties": {
        "area_ha": 1.71,
        "area_km2": 0.0171,
        "mean_index": 0.6654,
        "max_index": 0.707,
        "mean_slope_deg": 34.8,
        "max_slope_deg": 48.4,
        "min_dist_road_m": 323,
        "builtup_ha": 0.0,
        "cropland_ha": 0.0,
        "ntl_sum": 0.527,
        "exposure_score": 48.5,
        "lon": 88.47679,
        "lat": 27.32412,
        "rank_area": 576,
        "rank_exposure": 530,
        "past_slides": 0
      },
      "geometry": {
        "type": "Point",
        "coordinates": [
          88.47679,
          27.32412
        ]
      }
    },
    {
      "type": "Feature",
      "id": 577,
      "properties": {
        "area_ha": 1.71,
        "area_km2": 0.0171,
        "mean_index": 0.6653,
        "max_index": 0.6857,
        "mean_slope_deg": 26.0,
        "max_slope_deg": 34.1,
        "min_dist_road_m": 1290,
        "builtup_ha": 0.0,
        "cropland_ha": 0.0,
        "ntl_sum": 0.557,
        "exposure_score": 40.7,
        "lon": 88.34012,
        "lat": 27.31602,
        "rank_area": 577,
        "rank_exposure": 659,
        "past_slides": 0
      },
      "geometry": {
        "type": "Point",
        "coordinates": [
          88.34012,
          27.31602
        ]
      }
    },
    {
      "type": "Feature",
      "id": 578,
      "properties": {
        "area_ha": 1.71,
        "area_km2": 0.0171,
        "mean_index": 0.661,
        "max_index": 0.6957,
        "mean_slope_deg": 19.0,
        "max_slope_deg": 23.0,
        "min_dist_road_m": 0,
        "builtup_ha": 0.09,
        "cropland_ha": 0.0,
        "ntl_sum": 1.778,
        "exposure_score": 74.1,
        "lon": 88.57832,
        "lat": 27.30798,
        "rank_area": 578,
        "rank_exposure": 165,
        "past_slides": 0
      },
      "geometry": {
        "type": "Point",
        "coordinates": [
          88.57832,
          27.30798
        ]
      }
    },
    {
      "type": "Feature",
      "id": 579,
      "properties": {
        "area_ha": 1.71,
        "area_km2": 0.0171,
        "mean_index": 0.6638,
        "max_index": 0.7003,
        "mean_slope_deg": 37.2,
        "max_slope_deg": 47.4,
        "min_dist_road_m": 3225,
        "builtup_ha": 0.0,
        "cropland_ha": 0.0,
        "ntl_sum": 0.331,
        "exposure_score": 28.5,
        "lon": 88.08164,
        "lat": 27.3039,
        "rank_area": 579,
        "rank_exposure": 815,
        "past_slides": 0
      },
      "geometry": {
        "type": "Point",
        "coordinates": [
          88.08164,
          27.3039
        ]
      }
    },
    {
      "type": "Feature",
      "id": 580,
      "properties": {
        "area_ha": 1.71,
        "area_km2": 0.0171,
        "mean_index": 0.6897,
        "max_index": 0.7321,
        "mean_slope_deg": 32.1,
        "max_slope_deg": 39.9,
        "min_dist_road_m": 703,
        "builtup_ha": 0.0,
        "cropland_ha": 0.0,
        "ntl_sum": 0.677,
        "exposure_score": 35.4,
        "lon": 88.39857,
        "lat": 27.29798,
        "rank_area": 580,
        "rank_exposure": 740,
        "past_slides": 0
      },
      "geometry": {
        "type": "Point",
        "coordinates": [
          88.39857,
          27.29798
        ]
      }
    },
    {
      "type": "Feature",
      "id": 581,
      "properties": {
        "area_ha": 1.71,
        "area_km2": 0.0171,
        "mean_index": 0.663,
        "max_index": 0.708,
        "mean_slope_deg": 30.2,
        "max_slope_deg": 34.7,
        "min_dist_road_m": 402,
        "builtup_ha": 0.0,
        "cropland_ha": 0.0,
        "ntl_sum": 0.567,
        "exposure_score": 35.7,
        "lon": 88.47016,
        "lat": 27.29372,
        "rank_area": 581,
        "rank_exposure": 733,
        "past_slides": 0
      },
      "geometry": {
        "type": "Point",
        "coordinates": [
          88.47016,
          27.29372
        ]
      }
    },
    {
      "type": "Feature",
      "id": 582,
      "properties": {
        "area_ha": 1.71,
        "area_km2": 0.0171,
        "mean_index": 0.6692,
        "max_index": 0.7165,
        "mean_slope_deg": 25.2,
        "max_slope_deg": 28.2,
        "min_dist_road_m": 711,
        "builtup_ha": 0.0,
        "cropland_ha": 0.0,
        "ntl_sum": 0.746,
        "exposure_score": 33.3,
        "lon": 88.31535,
        "lat": 27.29337,
        "rank_area": 582,
        "rank_exposure": 769,
        "past_slides": 0
      },
      "geometry": {
        "type": "Point",
        "coordinates": [
          88.31535,
          27.29337
        ]
      }
    },
    {
      "type": "Feature",
      "id": 583,
      "properties": {
        "area_ha": 1.71,
        "area_km2": 0.0171,
        "mean_index": 0.6899,
        "max_index": 0.737,
        "mean_slope_deg": 27.0,
        "max_slope_deg": 33.1,
        "min_dist_road_m": 2032,
        "builtup_ha": 0.0,
        "cropland_ha": 0.0,
        "ntl_sum": 0.415,
        "exposure_score": 12.9,
        "lon": 88.4894,
        "lat": 27.28865,
        "rank_area": 583,
        "rank_exposure": 903,
        "past_slides": 0
      },
      "geometry": {
        "type": "Point",
        "coordinates": [
          88.4894,
          27.28865
        ]
      }
    },
    {
      "type": "Feature",
      "id": 584,
      "properties": {
        "area_ha": 1.71,
        "area_km2": 0.0171,
        "mean_index": 0.6641,
        "max_index": 0.7111,
        "mean_slope_deg": 14.7,
        "max_slope_deg": 33.4,
        "min_dist_road_m": 0,
        "builtup_ha": 0.0,
        "cropland_ha": 0.0,
        "ntl_sum": 5.286,
        "exposure_score": 65.7,
        "lon": 88.59914,
        "lat": 27.28391,
        "rank_area": 584,
        "rank_exposure": 267,
        "past_slides": 0
      },
      "geometry": {
        "type": "Point",
        "coordinates": [
          88.59914,
          27.28391
        ]
      }
    },
    {
      "type": "Feature",
      "id": 585,
      "properties": {
        "area_ha": 1.71,
        "area_km2": 0.0171,
        "mean_index": 0.6854,
        "max_index": 0.7315,
        "mean_slope_deg": 26.7,
        "max_slope_deg": 30.9,
        "min_dist_road_m": 270,
        "builtup_ha": 0.0,
        "cropland_ha": 1.26,
        "ntl_sum": 1.066,
        "exposure_score": 48.5,
        "lon": 88.42882,
        "lat": 27.28413,
        "rank_area": 585,
        "rank_exposure": 531,
        "past_slides": 0
      },
      "geometry": {
        "type": "Point",
        "coordinates": [
          88.42882,
          27.28413
        ]
      }
    },
    {
      "type": "Feature",
      "id": 586,
      "properties": {
        "area_ha": 1.71,
        "area_km2": 0.0171,
        "mean_index": 0.6632,
        "max_index": 0.7175,
        "mean_slope_deg": 35.7,
        "max_slope_deg": 43.2,
        "min_dist_road_m": 1790,
        "builtup_ha": 0.0,
        "cropland_ha": 0.0,
        "ntl_sum": 0.446,
        "exposure_score": 18.6,
        "lon": 88.18553,
        "lat": 27.28614,
        "rank_area": 586,
        "rank_exposure": 880,
        "past_slides": 0
      },
      "geometry": {
        "type": "Point",
        "coordinates": [
          88.18553,
          27.28614
        ]
      }
    },
    {
      "type": "Feature",
      "id": 587,
      "properties": {
        "area_ha": 1.71,
        "area_km2": 0.0171,
        "mean_index": 0.66,
        "max_index": 0.696,
        "mean_slope_deg": 43.1,
        "max_slope_deg": 50.1,
        "min_dist_road_m": 350,
        "builtup_ha": 0.0,
        "cropland_ha": 0.0,
        "ntl_sum": 0.855,
        "exposure_score": 44.5,
        "lon": 88.47493,
        "lat": 27.27228,
        "rank_area": 587,
        "rank_exposure": 596,
        "past_slides": 0
      },
      "geometry": {
        "type": "Point",
        "coordinates": [
          88.47493,
          27.27228
        ]
      }
    },
    {
      "type": "Feature",
      "id": 588,
      "properties": {
        "area_ha": 1.71,
        "area_km2": 0.0171,
        "mean_index": 0.6595,
        "max_index": 0.6844,
        "mean_slope_deg": 28.9,
        "max_slope_deg": 36.3,
        "min_dist_road_m": 242,
        "builtup_ha": 0.0,
        "cropland_ha": 0.0,
        "ntl_sum": 0.593,
        "exposure_score": 36.1,
        "lon": 88.70125,
        "lat": 27.24209,
        "rank_area": 588,
        "rank_exposure": 730,
        "past_slides": 0
      },
      "geometry": {
        "type": "Point",
        "coordinates": [
          88.70125,
          27.24209
        ]
      }
    },
    {
      "type": "Feature",
      "id": 589,
      "properties": {
        "area_ha": 1.71,
        "area_km2": 0.0171,
        "mean_index": 0.6848,
        "max_index": 0.7276,
        "mean_slope_deg": 28.9,
        "max_slope_deg": 41.5,
        "min_dist_road_m": 735,
        "builtup_ha": 0.0,
        "cropland_ha": 0.0,
        "ntl_sum": 0.94,
        "exposure_score": 47.7,
        "lon": 88.46264,
        "lat": 27.20417,
        "rank_area": 589,
        "rank_exposure": 546,
        "past_slides": 0
      },
      "geometry": {
        "type": "Point",
        "coordinates": [
          88.46264,
          27.20417
        ]
      }
    },
    {
      "type": "Feature",
      "id": 590,
      "properties": {
        "area_ha": 1.71,
        "area_km2": 0.0171,
        "mean_index": 0.6727,
        "max_index": 0.7122,
        "mean_slope_deg": 30.1,
        "max_slope_deg": 38.0,
        "min_dist_road_m": 3030,
        "builtup_ha": 0.0,
        "cropland_ha": 0.0,
        "ntl_sum": 0.33,
        "exposure_score": 13.9,
        "lon": 88.12645,
        "lat": 27.1848,
        "rank_area": 590,
        "rank_exposure": 899,
        "past_slides": 0
      },
      "geometry": {
        "type": "Point",
        "coordinates": [
          88.12645,
          27.1848
        ]
      }
    },
    {
      "type": "Feature",
      "id": 591,
      "properties": {
        "area_ha": 1.71,
        "area_km2": 0.0171,
        "mean_index": 0.6638,
        "max_index": 0.6955,
        "mean_slope_deg": 41.2,
        "max_slope_deg": 48.3,
        "min_dist_road_m": 342,
        "builtup_ha": 0.0,
        "cropland_ha": 0.0,
        "ntl_sum": 1.2,
        "exposure_score": 50.8,
        "lon": 88.30353,
        "lat": 27.18191,
        "rank_area": 591,
        "rank_exposure": 493,
        "past_slides": 0
      },
      "geometry": {
        "type": "Point",
        "coordinates": [
          88.30353,
          27.18191
        ]
      }
    },
    {
      "type": "Feature",
      "id": 592,
      "properties": {
        "area_ha": 1.71,
        "area_km2": 0.0171,
        "mean_index": 0.6719,
        "max_index": 0.7168,
        "mean_slope_deg": 26.2,
        "max_slope_deg": 40.3,
        "min_dist_road_m": 395,
        "builtup_ha": 0.0,
        "cropland_ha": 0.0,
        "ntl_sum": 0.608,
        "exposure_score": 41.0,
        "lon": 88.45456,
        "lat": 27.15605,
        "rank_area": 592,
        "rank_exposure": 654,
        "past_slides": 0
      },
      "geometry": {
        "type": "Point",
        "coordinates": [
          88.45456,
          27.15605
        ]
      }
    },
    {
      "type": "Feature",
      "id": 593,
      "properties": {
        "area_ha": 1.71,
        "area_km2": 0.0171,
        "mean_index": 0.6544,
        "max_index": 0.6703,
        "mean_slope_deg": 36.4,
        "max_slope_deg": 50.9,
        "min_dist_road_m": 1869,
        "builtup_ha": 0.0,
        "cropland_ha": 0.0,
        "ntl_sum": 0.841,
        "exposure_score": 31.0,
        "lon": 88.26154,
        "lat": 27.15575,
        "rank_area": 593,
        "rank_exposure": 784,
        "past_slides": 0
      },
      "geometry": {
        "type": "Point",
        "coordinates": [
          88.26154,
          27.15575
        ]
      }
    },
    {
      "type": "Feature",
      "id": 594,
      "properties": {
        "area_ha": 1.71,
        "area_km2": 0.0171,
        "mean_index": 0.6787,
        "max_index": 0.722,
        "mean_slope_deg": 24.6,
        "max_slope_deg": 32.2,
        "min_dist_road_m": 595,
        "builtup_ha": 0.0,
        "cropland_ha": 0.0,
        "ntl_sum": 0.805,
        "exposure_score": 43.8,
        "lon": 88.21017,
        "lat": 27.13278,
        "rank_area": 594,
        "rank_exposure": 610,
        "past_slides": 0
      },
      "geometry": {
        "type": "Point",
        "coordinates": [
          88.21017,
          27.13278
        ]
      }
    },
    {
      "type": "Feature",
      "id": 595,
      "properties": {
        "area_ha": 1.71,
        "area_km2": 0.0171,
        "mean_index": 0.6695,
        "max_index": 0.7246,
        "mean_slope_deg": 31.2,
        "max_slope_deg": 37.6,
        "min_dist_road_m": 390,
        "builtup_ha": 0.0,
        "cropland_ha": 0.0,
        "ntl_sum": 1.201,
        "exposure_score": 52.1,
        "lon": 88.33107,
        "lat": 27.12532,
        "rank_area": 595,
        "rank_exposure": 473,
        "past_slides": 0
      },
      "geometry": {
        "type": "Point",
        "coordinates": [
          88.33107,
          27.12532
        ]
      }
    },
    {
      "type": "Feature",
      "id": 596,
      "properties": {
        "area_ha": 1.62,
        "area_km2": 0.0162,
        "mean_index": 0.6659,
        "max_index": 0.6977,
        "mean_slope_deg": 38.2,
        "max_slope_deg": 46.7,
        "min_dist_road_m": 0,
        "builtup_ha": 0.0,
        "cropland_ha": 0.0,
        "ntl_sum": 0.268,
        "exposure_score": 41.4,
        "lon": 88.59047,
        "lat": 27.68395,
        "rank_area": 596,
        "rank_exposure": 650,
        "past_slides": 0
      },
      "geometry": {
        "type": "Point",
        "coordinates": [
          88.59047,
          27.68395
        ]
      }
    },
    {
      "type": "Feature",
      "id": 597,
      "properties": {
        "area_ha": 1.62,
        "area_km2": 0.0162,
        "mean_index": 0.6805,
        "max_index": 0.727,
        "mean_slope_deg": 40.7,
        "max_slope_deg": 53.0,
        "min_dist_road_m": 2131,
        "builtup_ha": 0.0,
        "cropland_ha": 0.0,
        "ntl_sum": 0.418,
        "exposure_score": 24.7,
        "lon": 88.56672,
        "lat": 27.53692,
        "rank_area": 597,
        "rank_exposure": 849,
        "past_slides": 0
      },
      "geometry": {
        "type": "Point",
        "coordinates": [
          88.56672,
          27.53692
        ]
      }
    },
    {
      "type": "Feature",
      "id": 598,
      "properties": {
        "area_ha": 1.62,
        "area_km2": 0.0162,
        "mean_index": 0.6647,
        "max_index": 0.6942,
        "mean_slope_deg": 40.8,
        "max_slope_deg": 46.3,
        "min_dist_road_m": 285,
        "builtup_ha": 0.0,
        "cropland_ha": 0.0,
        "ntl_sum": 0.347,
        "exposure_score": 41.7,
        "lon": 88.50075,
        "lat": 27.44558,
        "rank_area": 598,
        "rank_exposure": 647,
        "past_slides": 0
      },
      "geometry": {
        "type": "Point",
        "coordinates": [
          88.50075,
          27.44558
        ]
      }
    },
    {
      "type": "Feature",
      "id": 599,
      "properties": {
        "area_ha": 1.62,
        "area_km2": 0.0162,
        "mean_index": 0.6674,
        "max_index": 0.7027,
        "mean_slope_deg": 32.7,
        "max_slope_deg": 42.6,
        "min_dist_road_m": 351,
        "builtup_ha": 0.0,
        "cropland_ha": 0.0,
        "ntl_sum": 0.969,
        "exposure_score": 56.8,
        "lon": 88.52022,
        "lat": 27.39392,
        "rank_area": 599,
        "rank_exposure": 402,
        "past_slides": 0
      },
      "geometry": {
        "type": "Point",
        "coordinates": [
          88.52022,
          27.39392
        ]
      }
    },
    {
      "type": "Feature",
      "id": 600,
      "properties": {
        "area_ha": 1.62,
        "area_km2": 0.0162,
        "mean_index": 0.6724,
        "max_index": 0.7024,
        "mean_slope_deg": 36.3,
        "max_slope_deg": 42.7,
        "min_dist_road_m": 3173,
        "builtup_ha": 0.0,
        "cropland_ha": 0.0,
        "ntl_sum": 0.344,
        "exposure_score": 24.2,
        "lon": 88.32483,
        "lat": 27.38806,
        "rank_area": 600,
        "rank_exposure": 853,
        "past_slides": 0
      },
      "geometry": {
        "type": "Point",
        "coordinates": [
          88.32483,
          27.38806
        ]
      }
    },
    {
      "type": "Feature",
      "id": 601,
      "properties": {
        "area_ha": 1.62,
        "area_km2": 0.0162,
        "mean_index": 0.6568,
        "max_index": 0.6825,
        "mean_slope_deg": 34.8,
        "max_slope_deg": 44.1,
        "min_dist_road_m": 313,
        "builtup_ha": 0.0,
        "cropland_ha": 0.0,
        "ntl_sum": 0.751,
        "exposure_score": 49.1,
        "lon": 88.5937,
        "lat": 27.3663,
        "rank_area": 601,
        "rank_exposure": 519,
        "past_slides": 0
      },
      "geometry": {
        "type": "Point",
        "coordinates": [
          88.5937,
          27.3663
        ]
      }
    },
    {
      "type": "Feature",
      "id": 602,
      "properties": {
        "area_ha": 1.62,
        "area_km2": 0.0162,
        "mean_index": 0.6588,
        "max_index": 0.6988,
        "mean_slope_deg": 17.1,
        "max_slope_deg": 26.4,
        "min_dist_road_m": 0,
        "builtup_ha": 0.0,
        "cropland_ha": 0.0,
        "ntl_sum": 0.464,
        "exposure_score": 44.3,
        "lon": 88.56045,
        "lat": 27.36478,
        "rank_area": 602,
        "rank_exposure": 601,
        "past_slides": 0
      },
      "geometry": {
        "type": "Point",
        "coordinates": [
          88.56045,
          27.36478
        ]
      }
    },
    {
      "type": "Feature",
      "id": 603,
      "properties": {
        "area_ha": 1.62,
        "area_km2": 0.0162,
        "mean_index": 0.6665,
        "max_index": 0.699,
        "mean_slope_deg": 26.1,
        "max_slope_deg": 31.4,
        "min_dist_road_m": 268,
        "builtup_ha": 0.0,
        "cropland_ha": 0.09,
        "ntl_sum": 0.454,
        "exposure_score": 49.1,
        "lon": 88.44414,
        "lat": 27.33245,
        "rank_area": 603,
        "rank_exposure": 520,
        "past_slides": 0
      },
      "geometry": {
        "type": "Point",
        "coordinates": [
          88.44414,
          27.33245
        ]
      }
    },
    {
      "type": "Feature",
      "id": 604,
      "properties": {
        "area_ha": 1.62,
        "area_km2": 0.0162,
        "mean_index": 0.6675,
        "max_index": 0.7085,
        "mean_slope_deg": 28.4,
        "max_slope_deg": 37.6,
        "min_dist_road_m": 170,
        "builtup_ha": 0.0,
        "cropland_ha": 0.0,
        "ntl_sum": 0.815,
        "exposure_score": 59.2,
        "lon": 88.26134,
        "lat": 27.31607,
        "rank_area": 604,
        "rank_exposure": 364,
        "past_slides": 0
      },
      "geometry": {
        "type": "Point",
        "coordinates": [
          88.26134,
          27.31607
        ]
      }
    },
    {
      "type": "Feature",
      "id": 605,
      "properties": {
        "area_ha": 1.62,
        "area_km2": 0.0162,
        "mean_index": 0.6638,
        "max_index": 0.6954,
        "mean_slope_deg": 29.6,
        "max_slope_deg": 36.1,
        "min_dist_road_m": 1560,
        "builtup_ha": 0.0,
        "cropland_ha": 0.0,
        "ntl_sum": 0.692,
        "exposure_score": 40.8,
        "lon": 88.34451,
        "lat": 27.3111,
        "rank_area": 605,
        "rank_exposure": 656,
        "past_slides": 0
      },
      "geometry": {
        "type": "Point",
        "coordinates": [
          88.34451,
          27.3111
        ]
      }
    },
    {
      "type": "Feature",
      "id": 606,
      "properties": {
        "area_ha": 1.62,
        "area_km2": 0.0162,
        "mean_index": 0.659,
        "max_index": 0.687,
        "mean_slope_deg": 36.4,
        "max_slope_deg": 46.0,
        "min_dist_road_m": 2032,
        "builtup_ha": 0.0,
        "cropland_ha": 0.0,
        "ntl_sum": 0.378,
        "exposure_score": 26.7,
        "lon": 88.53622,
        "lat": 27.30872,
        "rank_area": 606,
        "rank_exposure": 830,
        "past_slides": 0
      },
      "geometry": {
        "type": "Point",
        "coordinates": [
          88.53622,
          27.30872
        ]
      }
    },
    {
      "type": "Feature",
      "id": 607,
      "properties": {
        "area_ha": 1.62,
        "area_km2": 0.0162,
        "mean_index": 0.6674,
        "max_index": 0.7156,
        "mean_slope_deg": 33.7,
        "max_slope_deg": 42.0,
        "min_dist_road_m": 1101,
        "builtup_ha": 0.0,
        "cropland_ha": 0.0,
        "ntl_sum": 0.58,
        "exposure_score": 44.7,
        "lon": 88.31921,
        "lat": 27.30092,
        "rank_area": 607,
        "rank_exposure": 592,
        "past_slides": 0
      },
      "geometry": {
        "type": "Point",
        "coordinates": [
          88.31921,
          27.30092
        ]
      }
    },
    {
      "type": "Feature",
      "id": 608,
      "properties": {
        "area_ha": 1.62,
        "area_km2": 0.0162,
        "mean_index": 0.674,
        "max_index": 0.7058,
        "mean_slope_deg": 45.2,
        "max_slope_deg": 50.0,
        "min_dist_road_m": 677,
        "builtup_ha": 0.0,
        "cropland_ha": 0.0,
        "ntl_sum": 0.67,
        "exposure_score": 51.5,
        "lon": 88.31432,
        "lat": 27.29974,
        "rank_area": 608,
        "rank_exposure": 480,
        "past_slides": 0
      },
      "geometry": {
        "type": "Point",
        "coordinates": [
          88.31432,
          27.29974
        ]
      }
    },
    {
      "type": "Feature",
      "id": 609,
      "properties": {
        "area_ha": 1.62,
        "area_km2": 0.0162,
        "mean_index": 0.6854,
        "max_index": 0.7236,
        "mean_slope_deg": 23.8,
        "max_slope_deg": 27.0,
        "min_dist_road_m": 664,
        "builtup_ha": 0.0,
        "cropland_ha": 0.0,
        "ntl_sum": 0.59,
        "exposure_score": 33.2,
        "lon": 88.19117,
        "lat": 27.29882,
        "rank_area": 609,
        "rank_exposure": 770,
        "past_slides": 0
      },
      "geometry": {
        "type": "Point",
        "coordinates": [
          88.19117,
          27.29882
        ]
      }
    },
    {
      "type": "Feature",
      "id": 610,
      "properties": {
        "area_ha": 1.62,
        "area_km2": 0.0162,
        "mean_index": 0.659,
        "max_index": 0.6778,
        "mean_slope_deg": 31.5,
        "max_slope_deg": 38.1,
        "min_dist_road_m": 1170,
        "builtup_ha": 0.0,
        "cropland_ha": 0.0,
        "ntl_sum": 0.405,
        "exposure_score": 22.6,
        "lon": 88.52366,
        "lat": 27.29099,
        "rank_area": 610,
        "rank_exposure": 857,
        "past_slides": 0
      },
      "geometry": {
        "type": "Point",
        "coordinates": [
          88.52366,
          27.29099
        ]
      }
    },
    {
      "type": "Feature",
      "id": 611,
      "properties": {
        "area_ha": 1.62,
        "area_km2": 0.0162,
        "mean_index": 0.6633,
        "max_index": 0.6969,
        "mean_slope_deg": 24.4,
        "max_slope_deg": 27.4,
        "min_dist_road_m": 301,
        "builtup_ha": 0.0,
        "cropland_ha": 0.0,
        "ntl_sum": 0.827,
        "exposure_score": 44.9,
        "lon": 88.63499,
        "lat": 27.27849,
        "rank_area": 611,
        "rank_exposure": 588,
        "past_slides": 0
      },
      "geometry": {
        "type": "Point",
        "coordinates": [
          88.63499,
          27.27849
        ]
      }
    },
    {
      "type": "Feature",
      "id": 612,
      "properties": {
        "area_ha": 1.62,
        "area_km2": 0.0162,
        "mean_index": 0.6553,
        "max_index": 0.6738,
        "mean_slope_deg": 35.4,
        "max_slope_deg": 42.3,
        "min_dist_road_m": 1208,
        "builtup_ha": 0.0,
        "cropland_ha": 0.0,
        "ntl_sum": 0.718,
        "exposure_score": 27.1,
        "lon": 88.42295,
        "lat": 27.26036,
        "rank_area": 612,
        "rank_exposure": 825,
        "past_slides": 0
      },
      "geometry": {
        "type": "Point",
        "coordinates": [
          88.42295,
          27.26036
        ]
      }
    },
    {
      "type": "Feature",
      "id": 613,
      "properties": {
        "area_ha": 1.62,
        "area_km2": 0.0162,
        "mean_index": 0.6657,
        "max_index": 0.7275,
        "mean_slope_deg": 26.9,
        "max_slope_deg": 32.5,
        "min_dist_road_m": 1092,
        "builtup_ha": 0.0,
        "cropland_ha": 0.0,
        "ntl_sum": 1.291,
        "exposure_score": 39.7,
        "lon": 88.54088,
        "lat": 27.23975,
        "rank_area": 613,
        "rank_exposure": 670,
        "past_slides": 0
      },
      "geometry": {
        "type": "Point",
        "coordinates": [
          88.54088,
          27.23975
        ]
      }
    },
    {
      "type": "Feature",
      "id": 614,
      "properties": {
        "area_ha": 1.62,
        "area_km2": 0.0162,
        "mean_index": 0.6578,
        "max_index": 0.6755,
        "mean_slope_deg": 31.4,
        "max_slope_deg": 41.7,
        "min_dist_road_m": 339,
        "builtup_ha": 0.0,
        "cropland_ha": 0.09,
        "ntl_sum": 0.428,
        "exposure_score": 37.2,
        "lon": 88.74796,
        "lat": 27.2315,
        "rank_area": 614,
        "rank_exposure": 704,
        "past_slides": 0
      },
      "geometry": {
        "type": "Point",
        "coordinates": [
          88.74796,
          27.2315
        ]
      }
    },
    {
      "type": "Feature",
      "id": 615,
      "properties": {
        "area_ha": 1.62,
        "area_km2": 0.0162,
        "mean_index": 0.6616,
        "max_index": 0.6847,
        "mean_slope_deg": 33.6,
        "max_slope_deg": 39.9,
        "min_dist_road_m": 1033,
        "builtup_ha": 0.0,
        "cropland_ha": 0.0,
        "ntl_sum": 1.04,
        "exposure_score": 44.3,
        "lon": 88.52578,
        "lat": 27.2322,
        "rank_area": 615,
        "rank_exposure": 602,
        "past_slides": 0
      },
      "geometry": {
        "type": "Point",
        "coordinates": [
          88.52578,
          27.2322
        ]
      }
    },
    {
      "type": "Feature",
      "id": 616,
      "properties": {
        "area_ha": 1.62,
        "area_km2": 0.0162,
        "mean_index": 0.6746,
        "max_index": 0.7143,
        "mean_slope_deg": 29.2,
        "max_slope_deg": 35.3,
        "min_dist_road_m": 924,
        "builtup_ha": 0.0,
        "cropland_ha": 0.0,
        "ntl_sum": 1.278,
        "exposure_score": 48.6,
        "lon": 88.44486,
        "lat": 27.23008,
        "rank_area": 616,
        "rank_exposure": 528,
        "past_slides": 0
      },
      "geometry": {
        "type": "Point",
        "coordinates": [
          88.44486,
          27.23008
        ]
      }
    },
    {
      "type": "Feature",
      "id": 617,
      "properties": {
        "area_ha": 1.62,
        "area_km2": 0.0162,
        "mean_index": 0.6639,
        "max_index": 0.7036,
        "mean_slope_deg": 29.7,
        "max_slope_deg": 37.4,
        "min_dist_road_m": 1465,
        "builtup_ha": 0.0,
        "cropland_ha": 0.0,
        "ntl_sum": 0.754,
        "exposure_score": 35.2,
        "lon": 88.52269,
        "lat": 27.22235,
        "rank_area": 617,
        "rank_exposure": 744,
        "past_slides": 0
      },
      "geometry": {
        "type": "Point",
        "coordinates": [
          88.52269,
          27.22235
        ]
      }
    },
    {
      "type": "Feature",
      "id": 618,
      "properties": {
        "area_ha": 1.62,
        "area_km2": 0.0162,
        "mean_index": 0.6707,
        "max_index": 0.7033,
        "mean_slope_deg": 46.0,
        "max_slope_deg": 52.8,
        "min_dist_road_m": 162,
        "builtup_ha": 0.0,
        "cropland_ha": 0.0,
        "ntl_sum": 1.574,
        "exposure_score": 61.0,
        "lon": 88.71184,
        "lat": 27.20189,
        "rank_area": 618,
        "rank_exposure": 337,
        "past_slides": 0
      },
      "geometry": {
        "type": "Point",
        "coordinates": [
          88.71184,
          27.20189
        ]
      }
    },
    {
      "type": "Feature",
      "id": 619,
      "properties": {
        "area_ha": 1.62,
        "area_km2": 0.0162,
        "mean_index": 0.6619,
        "max_index": 0.7067,
        "mean_slope_deg": 36.3,
        "max_slope_deg": 41.1,
        "min_dist_road_m": 671,
        "builtup_ha": 0.0,
        "cropland_ha": 0.0,
        "ntl_sum": 0.936,
        "exposure_score": 43.7,
        "lon": 88.6994,
        "lat": 27.19581,
        "rank_area": 619,
        "rank_exposure": 616,
        "past_slides": 0
      },
      "geometry": {
        "type": "Point",
        "coordinates": [
          88.6994,
          27.19581
        ]
      }
    },
    {
      "type": "Feature",
      "id": 620,
      "properties": {
        "area_ha": 1.62,
        "area_km2": 0.0162,
        "mean_index": 0.666,
        "max_index": 0.7037,
        "mean_slope_deg": 39.2,
        "max_slope_deg": 44.6,
        "min_dist_road_m": 480,
        "builtup_ha": 0.0,
        "cropland_ha": 0.0,
        "ntl_sum": 2.196,
        "exposure_score": 57.3,
        "lon": 88.51902,
        "lat": 27.18651,
        "rank_area": 620,
        "rank_exposure": 394,
        "past_slides": 0
      },
      "geometry": {
        "type": "Point",
        "coordinates": [
          88.51902,
          27.18651
        ]
      }
    },
    {
      "type": "Feature",
      "id": 621,
      "properties": {
        "area_ha": 1.62,
        "area_km2": 0.0162,
        "mean_index": 0.6601,
        "max_index": 0.6935,
        "mean_slope_deg": 26.3,
        "max_slope_deg": 30.3,
        "min_dist_road_m": 247,
        "builtup_ha": 0.0,
        "cropland_ha": 0.0,
        "ntl_sum": 0.845,
        "exposure_score": 48.4,
        "lon": 88.48854,
        "lat": 27.15407,
        "rank_area": 621,
        "rank_exposure": 533,
        "past_slides": 0
      },
      "geometry": {
        "type": "Point",
        "coordinates": [
          88.48854,
          27.15407
        ]
      }
    },
    {
      "type": "Feature",
      "id": 622,
      "properties": {
        "area_ha": 1.53,
        "area_km2": 0.0153,
        "mean_index": 0.664,
        "max_index": 0.6914,
        "mean_slope_deg": 26.2,
        "max_slope_deg": 29.9,
        "min_dist_road_m": 0,
        "builtup_ha": 0.0,
        "cropland_ha": 0.09,
        "ntl_sum": 0.349,
        "exposure_score": 43.7,
        "lon": 88.65808,
        "lat": 27.61466,
        "rank_area": 622,
        "rank_exposure": 617,
        "past_slides": 0
      },
      "geometry": {
        "type": "Point",
        "coordinates": [
          88.65808,
          27.61466
        ]
      }
    },
    {
      "type": "Feature",
      "id": 623,
      "properties": {
        "area_ha": 1.53,
        "area_km2": 0.0153,
        "mean_index": 0.6615,
        "max_index": 0.7043,
        "mean_slope_deg": 28.5,
        "max_slope_deg": 36.1,
        "min_dist_road_m": 272,
        "builtup_ha": 0.0,
        "cropland_ha": 0.0,
        "ntl_sum": 1.426,
        "exposure_score": 62.9,
        "lon": 88.64566,
        "lat": 27.59098,
        "rank_area": 623,
        "rank_exposure": 312,
        "past_slides": 0
      },
      "geometry": {
        "type": "Point",
        "coordinates": [
          88.64566,
          27.59098
        ]
      }
    },
    {
      "type": "Feature",
      "id": 624,
      "properties": {
        "area_ha": 1.53,
        "area_km2": 0.0153,
        "mean_index": 0.6745,
        "max_index": 0.7171,
        "mean_slope_deg": 25.0,
        "max_slope_deg": 33.8,
        "min_dist_road_m": 918,
        "builtup_ha": 0.0,
        "cropland_ha": 0.18,
        "ntl_sum": 0.471,
        "exposure_score": 37.9,
        "lon": 88.50064,
        "lat": 27.42988,
        "rank_area": 624,
        "rank_exposure": 688,
        "past_slides": 0
      },
      "geometry": {
        "type": "Point",
        "coordinates": [
          88.50064,
          27.42988
        ]
      }
    },
    {
      "type": "Feature",
      "id": 625,
      "properties": {
        "area_ha": 1.53,
        "area_km2": 0.0153,
        "mean_index": 0.6691,
        "max_index": 0.6912,
        "mean_slope_deg": 24.1,
        "max_slope_deg": 28.7,
        "min_dist_road_m": 192,
        "builtup_ha": 0.0,
        "cropland_ha": 0.0,
        "ntl_sum": 0.418,
        "exposure_score": 45.5,
        "lon": 88.62811,
        "lat": 27.40706,
        "rank_area": 625,
        "rank_exposure": 583,
        "past_slides": 0
      },
      "geometry": {
        "type": "Point",
        "coordinates": [
          88.62811,
          27.40706
        ]
      }
    },
    {
      "type": "Feature",
      "id": 626,
      "properties": {
        "area_ha": 1.53,
        "area_km2": 0.0153,
        "mean_index": 0.6666,
        "max_index": 0.6929,
        "mean_slope_deg": 19.0,
        "max_slope_deg": 31.1,
        "min_dist_road_m": 4149,
        "builtup_ha": 0.0,
        "cropland_ha": 0.09,
        "ntl_sum": 0.366,
        "exposure_score": 24.5,
        "lon": 88.31423,
        "lat": 27.39168,
        "rank_area": 626,
        "rank_exposure": 850,
        "past_slides": 0
      },
      "geometry": {
        "type": "Point",
        "coordinates": [
          88.31423,
          27.39168
        ]
      }
    },
    {
      "type": "Feature",
      "id": 627,
      "properties": {
        "area_ha": 1.53,
        "area_km2": 0.0153,
        "mean_index": 0.6546,
        "max_index": 0.6706,
        "mean_slope_deg": 33.1,
        "max_slope_deg": 40.1,
        "min_dist_road_m": 360,
        "builtup_ha": 0.0,
        "cropland_ha": 0.0,
        "ntl_sum": 0.754,
        "exposure_score": 50.1,
        "lon": 88.63192,
        "lat": 27.36111,
        "rank_area": 627,
        "rank_exposure": 499,
        "past_slides": 0
      },
      "geometry": {
        "type": "Point",
        "coordinates": [
          88.63192,
          27.36111
        ]
      }
    },
    {
      "type": "Feature",
      "id": 628,
      "properties": {
        "area_ha": 1.53,
        "area_km2": 0.0153,
        "mean_index": 0.6705,
        "max_index": 0.7153,
        "mean_slope_deg": 35.7,
        "max_slope_deg": 49.1,
        "min_dist_road_m": 1006,
        "builtup_ha": 0.0,
        "cropland_ha": 0.0,
        "ntl_sum": 0.462,
        "exposure_score": 34.3,
        "lon": 88.24532,
        "lat": 27.35413,
        "rank_area": 628,
        "rank_exposure": 757,
        "past_slides": 0
      },
      "geometry": {
        "type": "Point",
        "coordinates": [
          88.24532,
          27.35413
        ]
      }
    },
    {
      "type": "Feature",
      "id": 629,
      "properties": {
        "area_ha": 1.53,
        "area_km2": 0.0153,
        "mean_index": 0.6728,
        "max_index": 0.7048,
        "mean_slope_deg": 27.9,
        "max_slope_deg": 38.4,
        "min_dist_road_m": 1376,
        "builtup_ha": 0.0,
        "cropland_ha": 0.0,
        "ntl_sum": 0.397,
        "exposure_score": 28.9,
        "lon": 88.55241,
        "lat": 27.34483,
        "rank_area": 629,
        "rank_exposure": 810,
        "past_slides": 0
      },
      "geometry": {
        "type": "Point",
        "coordinates": [
          88.55241,
          27.34483
        ]
      }
    },
    {
      "type": "Feature",
      "id": 630,
      "properties": {
        "area_ha": 1.53,
        "area_km2": 0.0153,
        "mean_index": 0.6575,
        "max_index": 0.6756,
        "mean_slope_deg": 27.0,
        "max_slope_deg": 33.5,
        "min_dist_road_m": 2128,
        "builtup_ha": 0.0,
        "cropland_ha": 0.0,
        "ntl_sum": 0.331,
        "exposure_score": 27.3,
        "lon": 88.53687,
        "lat": 27.33931,
        "rank_area": 630,
        "rank_exposure": 823,
        "past_slides": 0
      },
      "geometry": {
        "type": "Point",
        "coordinates": [
          88.53687,
          27.33931
        ]
      }
    },
    {
      "type": "Feature",
      "id": 631,
      "properties": {
        "area_ha": 1.53,
        "area_km2": 0.0153,
        "mean_index": 0.6701,
        "max_index": 0.7079,
        "mean_slope_deg": 28.8,
        "max_slope_deg": 41.8,
        "min_dist_road_m": 720,
        "builtup_ha": 0.0,
        "cropland_ha": 0.0,
        "ntl_sum": 0.485,
        "exposure_score": 43.4,
        "lon": 88.54871,
        "lat": 27.31292,
        "rank_area": 631,
        "rank_exposure": 619,
        "past_slides": 0
      },
      "geometry": {
        "type": "Point",
        "coordinates": [
          88.54871,
          27.31292
        ]
      }
    },
    {
      "type": "Feature",
      "id": 632,
      "properties": {
        "area_ha": 1.53,
        "area_km2": 0.0153,
        "mean_index": 0.6706,
        "max_index": 0.6952,
        "mean_slope_deg": 27.2,
        "max_slope_deg": 33.5,
        "min_dist_road_m": 108,
        "builtup_ha": 0.0,
        "cropland_ha": 0.0,
        "ntl_sum": 0.954,
        "exposure_score": 60.7,
        "lon": 88.56567,
        "lat": 27.30839,
        "rank_area": 632,
        "rank_exposure": 346,
        "past_slides": 0
      },
      "geometry": {
        "type": "Point",
        "coordinates": [
          88.56567,
          27.30839
        ]
      }
    },
    {
      "type": "Feature",
      "id": 633,
      "properties": {
        "area_ha": 1.53,
        "area_km2": 0.0153,
        "mean_index": 0.6688,
        "max_index": 0.7087,
        "mean_slope_deg": 33.8,
        "max_slope_deg": 45.6,
        "min_dist_road_m": 306,
        "builtup_ha": 0.0,
        "cropland_ha": 0.0,
        "ntl_sum": 0.705,
        "exposure_score": 38.9,
        "lon": 88.45404,
        "lat": 27.28834,
        "rank_area": 633,
        "rank_exposure": 677,
        "past_slides": 0
      },
      "geometry": {
        "type": "Point",
        "coordinates": [
          88.45404,
          27.28834
        ]
      }
    },
    {
      "type": "Feature",
      "id": 634,
      "properties": {
        "area_ha": 1.53,
        "area_km2": 0.0153,
        "mean_index": 0.6608,
        "max_index": 0.6749,
        "mean_slope_deg": 29.2,
        "max_slope_deg": 33.8,
        "min_dist_road_m": 0,
        "builtup_ha": 0.0,
        "cropland_ha": 0.0,
        "ntl_sum": 1.25,
        "exposure_score": 52.1,
        "lon": 88.62245,
        "lat": 27.28419,
        "rank_area": 634,
        "rank_exposure": 474,
        "past_slides": 0
      },
      "geometry": {
        "type": "Point",
        "coordinates": [
          88.62245,
          27.28419
        ]
      }
    },
    {
      "type": "Feature",
      "id": 635,
      "properties": {
        "area_ha": 1.53,
        "area_km2": 0.0153,
        "mean_index": 0.6695,
        "max_index": 0.7283,
        "mean_slope_deg": 25.6,
        "max_slope_deg": 30.1,
        "min_dist_road_m": 182,
        "builtup_ha": 0.0,
        "cropland_ha": 0.0,
        "ntl_sum": 1.333,
        "exposure_score": 52.4,
        "lon": 88.57954,
        "lat": 27.27601,
        "rank_area": 635,
        "rank_exposure": 469,
        "past_slides": 0
      },
      "geometry": {
        "type": "Point",
        "coordinates": [
          88.57954,
          27.27601
        ]
      }
    },
    {
      "type": "Feature",
      "id": 636,
      "properties": {
        "area_ha": 1.53,
        "area_km2": 0.0153,
        "mean_index": 0.6637,
        "max_index": 0.6927,
        "mean_slope_deg": 39.7,
        "max_slope_deg": 52.2,
        "min_dist_road_m": 365,
        "builtup_ha": 0.0,
        "cropland_ha": 0.0,
        "ntl_sum": 0.583,
        "exposure_score": 37.0,
        "lon": 88.25342,
        "lat": 27.272,
        "rank_area": 636,
        "rank_exposure": 709,
        "past_slides": 0
      },
      "geometry": {
        "type": "Point",
        "coordinates": [
          88.25342,
          27.272
        ]
      }
    },
    {
      "type": "Feature",
      "id": 637,
      "properties": {
        "area_ha": 1.53,
        "area_km2": 0.0153,
        "mean_index": 0.6667,
        "max_index": 0.7055,
        "mean_slope_deg": 35.9,
        "max_slope_deg": 43.5,
        "min_dist_road_m": 750,
        "builtup_ha": 0.0,
        "cropland_ha": 0.0,
        "ntl_sum": 0.628,
        "exposure_score": 29.7,
        "lon": 88.26482,
        "lat": 27.26974,
        "rank_area": 637,
        "rank_exposure": 802,
        "past_slides": 0
      },
      "geometry": {
        "type": "Point",
        "coordinates": [
          88.26482,
          27.26974
        ]
      }
    },
    {
      "type": "Feature",
      "id": 638,
      "properties": {
        "area_ha": 1.53,
        "area_km2": 0.0153,
        "mean_index": 0.6668,
        "max_index": 0.7116,
        "mean_slope_deg": 29.9,
        "max_slope_deg": 40.5,
        "min_dist_road_m": 342,
        "builtup_ha": 0.0,
        "cropland_ha": 0.0,
        "ntl_sum": 0.342,
        "exposure_score": 25.2,
        "lon": 88.36657,
        "lat": 27.25713,
        "rank_area": 638,
        "rank_exposure": 843,
        "past_slides": 0
      },
      "geometry": {
        "type": "Point",
        "coordinates": [
          88.36657,
          27.25713
        ]
      }
    },
    {
      "type": "Feature",
      "id": 639,
      "properties": {
        "area_ha": 1.53,
        "area_km2": 0.0153,
        "mean_index": 0.6644,
        "max_index": 0.7063,
        "mean_slope_deg": 22.4,
        "max_slope_deg": 26.4,
        "min_dist_road_m": 1253,
        "builtup_ha": 0.0,
        "cropland_ha": 0.09,
        "ntl_sum": 0.743,
        "exposure_score": 28.6,
        "lon": 88.25396,
        "lat": 27.25507,
        "rank_area": 639,
        "rank_exposure": 812,
        "past_slides": 0
      },
      "geometry": {
        "type": "Point",
        "coordinates": [
          88.25396,
          27.25507
        ]
      }
    },
    {
      "type": "Feature",
      "id": 640,
      "properties": {
        "area_ha": 1.53,
        "area_km2": 0.0153,
        "mean_index": 0.6778,
        "max_index": 0.7052,
        "mean_slope_deg": 35.0,
        "max_slope_deg": 39.9,
        "min_dist_road_m": 691,
        "builtup_ha": 0.0,
        "cropland_ha": 0.0,
        "ntl_sum": 0.403,
        "exposure_score": 25.1,
        "lon": 88.67189,
        "lat": 27.24881,
        "rank_area": 640,
        "rank_exposure": 846,
        "past_slides": 0
      },
      "geometry": {
        "type": "Point",
        "coordinates": [
          88.67189,
          27.24881
        ]
      }
    },
    {
      "type": "Feature",
      "id": 641,
      "properties": {
        "area_ha": 1.53,
        "area_km2": 0.0153,
        "mean_index": 0.656,
        "max_index": 0.6716,
        "mean_slope_deg": 25.2,
        "max_slope_deg": 28.1,
        "min_dist_road_m": 124,
        "builtup_ha": 0.0,
        "cropland_ha": 0.0,
        "ntl_sum": 0.775,
        "exposure_score": 41.0,
        "lon": 88.41689,
        "lat": 27.24147,
        "rank_area": 641,
        "rank_exposure": 655,
        "past_slides": 0
      },
      "geometry": {
        "type": "Point",
        "coordinates": [
          88.41689,
          27.24147
        ]
      }
    },
    {
      "type": "Feature",
      "id": 642,
      "properties": {
        "area_ha": 1.53,
        "area_km2": 0.0153,
        "mean_index": 0.653,
        "max_index": 0.6785,
        "mean_slope_deg": 22.1,
        "max_slope_deg": 35.0,
        "min_dist_road_m": 0,
        "builtup_ha": 0.09,
        "cropland_ha": 0.0,
        "ntl_sum": 1.811,
        "exposure_score": 74.4,
        "lon": 88.51213,
        "lat": 27.23695,
        "rank_area": 642,
        "rank_exposure": 159,
        "past_slides": 0
      },
      "geometry": {
        "type": "Point",
        "coordinates": [
          88.51213,
          27.23695
        ]
      }
    },
    {
      "type": "Feature",
      "id": 643,
      "properties": {
        "area_ha": 1.53,
        "area_km2": 0.0153,
        "mean_index": 0.6592,
        "max_index": 0.6995,
        "mean_slope_deg": 27.5,
        "max_slope_deg": 31.6,
        "min_dist_road_m": 256,
        "builtup_ha": 0.0,
        "cropland_ha": 0.0,
        "ntl_sum": 0.768,
        "exposure_score": 47.3,
        "lon": 88.4115,
        "lat": 27.23502,
        "rank_area": 643,
        "rank_exposure": 553,
        "past_slides": 0
      },
      "geometry": {
        "type": "Point",
        "coordinates": [
          88.4115,
          27.23502
        ]
      }
    },
    {
      "type": "Feature",
      "id": 644,
      "properties": {
        "area_ha": 1.53,
        "area_km2": 0.0153,
        "mean_index": 0.6758,
        "max_index": 0.7081,
        "mean_slope_deg": 24.1,
        "max_slope_deg": 27.4,
        "min_dist_road_m": 2072,
        "builtup_ha": 0.0,
        "cropland_ha": 0.0,
        "ntl_sum": 0.345,
        "exposure_score": 17.6,
        "lon": 88.2069,
        "lat": 27.23382,
        "rank_area": 644,
        "rank_exposure": 887,
        "past_slides": 0
      },
      "geometry": {
        "type": "Point",
        "coordinates": [
          88.2069,
          27.23382
        ]
      }
    },
    {
      "type": "Feature",
      "id": 645,
      "properties": {
        "area_ha": 1.53,
        "area_km2": 0.0153,
        "mean_index": 0.6762,
        "max_index": 0.727,
        "mean_slope_deg": 24.7,
        "max_slope_deg": 28.9,
        "min_dist_road_m": 3087,
        "builtup_ha": 0.0,
        "cropland_ha": 0.0,
        "ntl_sum": 0.344,
        "exposure_score": 16.6,
        "lon": 88.19664,
        "lat": 27.22673,
        "rank_area": 645,
        "rank_exposure": 892,
        "past_slides": 0
      },
      "geometry": {
        "type": "Point",
        "coordinates": [
          88.19664,
          27.22673
        ]
      }
    },
    {
      "type": "Feature",
      "id": 646,
      "properties": {
        "area_ha": 1.53,
        "area_km2": 0.0153,
        "mean_index": 0.6601,
        "max_index": 0.6947,
        "mean_slope_deg": 27.8,
        "max_slope_deg": 36.4,
        "min_dist_road_m": 400,
        "builtup_ha": 0.0,
        "cropland_ha": 0.0,
        "ntl_sum": 0.705,
        "exposure_score": 46.5,
        "lon": 88.45544,
        "lat": 27.21562,
        "rank_area": 646,
        "rank_exposure": 570,
        "past_slides": 0
      },
      "geometry": {
        "type": "Point",
        "coordinates": [
          88.45544,
          27.21562
        ]
      }
    },
    {
      "type": "Feature",
      "id": 647,
      "properties": {
        "area_ha": 1.53,
        "area_km2": 0.0153,
        "mean_index": 0.6787,
        "max_index": 0.7018,
        "mean_slope_deg": 26.8,
        "max_slope_deg": 33.0,
        "min_dist_road_m": 212,
        "builtup_ha": 0.0,
        "cropland_ha": 0.0,
        "ntl_sum": 1.101,
        "exposure_score": 55.2,
        "lon": 88.47498,
        "lat": 27.21528,
        "rank_area": 647,
        "rank_exposure": 426,
        "past_slides": 0
      },
      "geometry": {
        "type": "Point",
        "coordinates": [
          88.47498,
          27.21528
        ]
      }
    },
    {
      "type": "Feature",
      "id": 648,
      "properties": {
        "area_ha": 1.53,
        "area_km2": 0.0153,
        "mean_index": 0.6719,
        "max_index": 0.6976,
        "mean_slope_deg": 30.2,
        "max_slope_deg": 37.8,
        "min_dist_road_m": 834,
        "builtup_ha": 0.0,
        "cropland_ha": 0.0,
        "ntl_sum": 1.654,
        "exposure_score": 53.8,
        "lon": 88.47571,
        "lat": 27.2062,
        "rank_area": 648,
        "rank_exposure": 441,
        "past_slides": 0
      },
      "geometry": {
        "type": "Point",
        "coordinates": [
          88.47571,
          27.2062
        ]
      }
    },
    {
      "type": "Feature",
      "id": 649,
      "properties": {
        "area_ha": 1.53,
        "area_km2": 0.0153,
        "mean_index": 0.6615,
        "max_index": 0.6912,
        "mean_slope_deg": 35.9,
        "max_slope_deg": 41.8,
        "min_dist_road_m": 612,
        "builtup_ha": 0.0,
        "cropland_ha": 0.0,
        "ntl_sum": 0.911,
        "exposure_score": 43.8,
        "lon": 88.46424,
        "lat": 27.19535,
        "rank_area": 649,
        "rank_exposure": 611,
        "past_slides": 0
      },
      "geometry": {
        "type": "Point",
        "coordinates": [
          88.46424,
          27.19535
        ]
      }
    },
    {
      "type": "Feature",
      "id": 650,
      "properties": {
        "area_ha": 1.53,
        "area_km2": 0.0153,
        "mean_index": 0.6664,
        "max_index": 0.6818,
        "mean_slope_deg": 22.7,
        "max_slope_deg": 29.5,
        "min_dist_road_m": 256,
        "builtup_ha": 0.0,
        "cropland_ha": 0.0,
        "ntl_sum": 0.784,
        "exposure_score": 44.6,
        "lon": 88.66903,
        "lat": 27.18399,
        "rank_area": 650,
        "rank_exposure": 595,
        "past_slides": 0
      },
      "geometry": {
        "type": "Point",
        "coordinates": [
          88.66903,
          27.18399
        ]
      }
    },
    {
      "type": "Feature",
      "id": 651,
      "properties": {
        "area_ha": 1.53,
        "area_km2": 0.0153,
        "mean_index": 0.6632,
        "max_index": 0.7052,
        "mean_slope_deg": 6.8,
        "max_slope_deg": 14.1,
        "min_dist_road_m": 0,
        "builtup_ha": 0.72,
        "cropland_ha": 0.0,
        "ntl_sum": 0.986,
        "exposure_score": 67.3,
        "lon": 88.16719,
        "lat": 27.13951,
        "rank_area": 651,
        "rank_exposure": 248,
        "past_slides": 0
      },
      "geometry": {
        "type": "Point",
        "coordinates": [
          88.16719,
          27.13951
        ]
      }
    },
    {
      "type": "Feature",
      "id": 652,
      "properties": {
        "area_ha": 1.44,
        "area_km2": 0.0144,
        "mean_index": 0.6762,
        "max_index": 0.7207,
        "mean_slope_deg": 16.0,
        "max_slope_deg": 29.0,
        "min_dist_road_m": 0,
        "builtup_ha": 0.09,
        "cropland_ha": 0.0,
        "ntl_sum": 0.385,
        "exposure_score": 49.6,
        "lon": 88.62351,
        "lat": 27.61723,
        "rank_area": 652,
        "rank_exposure": 509,
        "past_slides": 0
      },
      "geometry": {
        "type": "Point",
        "coordinates": [
          88.62351,
          27.61723
        ]
      }
    },
    {
      "type": "Feature",
      "id": 653,
      "properties": {
        "area_ha": 1.44,
        "area_km2": 0.0144,
        "mean_index": 0.6602,
        "max_index": 0.6861,
        "mean_slope_deg": 37.2,
        "max_slope_deg": 44.3,
        "min_dist_road_m": 1215,
        "builtup_ha": 0.0,
        "cropland_ha": 0.09,
        "ntl_sum": 0.45,
        "exposure_score": 32.7,
        "lon": 88.62219,
        "lat": 27.55511,
        "rank_area": 653,
        "rank_exposure": 773,
        "past_slides": 0
      },
      "geometry": {
        "type": "Point",
        "coordinates": [
          88.62219,
          27.55511
        ]
      }
    },
    {
      "type": "Feature",
      "id": 654,
      "properties": {
        "area_ha": 1.44,
        "area_km2": 0.0144,
        "mean_index": 0.6667,
        "max_index": 0.7117,
        "mean_slope_deg": 29.4,
        "max_slope_deg": 37.3,
        "min_dist_road_m": 752,
        "builtup_ha": 0.0,
        "cropland_ha": 0.0,
        "ntl_sum": 0.412,
        "exposure_score": 36.6,
        "lon": 88.5076,
        "lat": 27.49696,
        "rank_area": 654,
        "rank_exposure": 719,
        "past_slides": 0
      },
      "geometry": {
        "type": "Point",
        "coordinates": [
          88.5076,
          27.49696
        ]
      }
    },
    {
      "type": "Feature",
      "id": 655,
      "properties": {
        "area_ha": 1.44,
        "area_km2": 0.0144,
        "mean_index": 0.6701,
        "max_index": 0.7008,
        "mean_slope_deg": 25.1,
        "max_slope_deg": 31.2,
        "min_dist_road_m": 306,
        "builtup_ha": 0.0,
        "cropland_ha": 0.0,
        "ntl_sum": 0.423,
        "exposure_score": 43.0,
        "lon": 88.62704,
        "lat": 27.42305,
        "rank_area": 655,
        "rank_exposure": 626,
        "past_slides": 0
      },
      "geometry": {
        "type": "Point",
        "coordinates": [
          88.62704,
          27.42305
        ]
      }
    },
    {
      "type": "Feature",
      "id": 656,
      "properties": {
        "area_ha": 1.44,
        "area_km2": 0.0144,
        "mean_index": 0.6737,
        "max_index": 0.728,
        "mean_slope_deg": 29.7,
        "max_slope_deg": 41.4,
        "min_dist_road_m": 2040,
        "builtup_ha": 0.0,
        "cropland_ha": 0.0,
        "ntl_sum": 0.391,
        "exposure_score": 24.9,
        "lon": 88.49007,
        "lat": 27.41794,
        "rank_area": 656,
        "rank_exposure": 847,
        "past_slides": 0
      },
      "geometry": {
        "type": "Point",
        "coordinates": [
          88.49007,
          27.41794
        ]
      }
    },
    {
      "type": "Feature",
      "id": 657,
      "properties": {
        "area_ha": 1.44,
        "area_km2": 0.0144,
        "mean_index": 0.6662,
        "max_index": 0.6928,
        "mean_slope_deg": 37.5,
        "max_slope_deg": 42.9,
        "min_dist_road_m": 272,
        "builtup_ha": 0.0,
        "cropland_ha": 0.0,
        "ntl_sum": 1.685,
        "exposure_score": 66.3,
        "lon": 88.51679,
        "lat": 27.40317,
        "rank_area": 657,
        "rank_exposure": 264,
        "past_slides": 0
      },
      "geometry": {
        "type": "Point",
        "coordinates": [
          88.51679,
          27.40317
        ]
      }
    },
    {
      "type": "Feature",
      "id": 658,
      "properties": {
        "area_ha": 1.44,
        "area_km2": 0.0144,
        "mean_index": 0.6586,
        "max_index": 0.6699,
        "mean_slope_deg": 34.6,
        "max_slope_deg": 41.2,
        "min_dist_road_m": 390,
        "builtup_ha": 0.0,
        "cropland_ha": 0.0,
        "ntl_sum": 0.449,
        "exposure_score": 42.8,
        "lon": 88.53987,
        "lat": 27.38477,
        "rank_area": 658,
        "rank_exposure": 630,
        "past_slides": 0
      },
      "geometry": {
        "type": "Point",
        "coordinates": [
          88.53987,
          27.38477
        ]
      }
    },
    {
      "type": "Feature",
      "id": 659,
      "properties": {
        "area_ha": 1.44,
        "area_km2": 0.0144,
        "mean_index": 0.6686,
        "max_index": 0.7059,
        "mean_slope_deg": 24.5,
        "max_slope_deg": 27.8,
        "min_dist_road_m": 1168,
        "builtup_ha": 0.0,
        "cropland_ha": 0.0,
        "ntl_sum": 0.447,
        "exposure_score": 30.8,
        "lon": 88.60825,
        "lat": 27.38197,
        "rank_area": 659,
        "rank_exposure": 788,
        "past_slides": 0
      },
      "geometry": {
        "type": "Point",
        "coordinates": [
          88.60825,
          27.38197
        ]
      }
    },
    {
      "type": "Feature",
      "id": 660,
      "properties": {
        "area_ha": 1.44,
        "area_km2": 0.0144,
        "mean_index": 0.6806,
        "max_index": 0.716,
        "mean_slope_deg": 31.6,
        "max_slope_deg": 37.4,
        "min_dist_road_m": 983,
        "builtup_ha": 0.0,
        "cropland_ha": 0.0,
        "ntl_sum": 0.303,
        "exposure_score": 29.9,
        "lon": 88.18121,
        "lat": 27.34914,
        "rank_area": 660,
        "rank_exposure": 799,
        "past_slides": 0
      },
      "geometry": {
        "type": "Point",
        "coordinates": [
          88.18121,
          27.34914
        ]
      }
    },
    {
      "type": "Feature",
      "id": 661,
      "properties": {
        "area_ha": 1.44,
        "area_km2": 0.0144,
        "mean_index": 0.6574,
        "max_index": 0.671,
        "mean_slope_deg": 30.4,
        "max_slope_deg": 34.1,
        "min_dist_road_m": 1167,
        "builtup_ha": 0.0,
        "cropland_ha": 0.0,
        "ntl_sum": 0.494,
        "exposure_score": 33.7,
        "lon": 88.2674,
        "lat": 27.34594,
        "rank_area": 661,
        "rank_exposure": 764,
        "past_slides": 0
      },
      "geometry": {
        "type": "Point",
        "coordinates": [
          88.2674,
          27.34594
        ]
      }
    },
    {
      "type": "Feature",
      "id": 662,
      "properties": {
        "area_ha": 1.44,
        "area_km2": 0.0144,
        "mean_index": 0.6586,
        "max_index": 0.6935,
        "mean_slope_deg": 28.6,
        "max_slope_deg": 42.5,
        "min_dist_road_m": 666,
        "builtup_ha": 0.0,
        "cropland_ha": 0.0,
        "ntl_sum": 0.327,
        "exposure_score": 34.9,
        "lon": 88.17986,
        "lat": 27.34454,
        "rank_area": 662,
        "rank_exposure": 749,
        "past_slides": 0
      },
      "geometry": {
        "type": "Point",
        "coordinates": [
          88.17986,
          27.34454
        ]
      }
    },
    {
      "type": "Feature",
      "id": 663,
      "properties": {
        "area_ha": 1.44,
        "area_km2": 0.0144,
        "mean_index": 0.6629,
        "max_index": 0.6828,
        "mean_slope_deg": 40.8,
        "max_slope_deg": 46.1,
        "min_dist_road_m": 1167,
        "builtup_ha": 0.0,
        "cropland_ha": 0.0,
        "ntl_sum": 0.349,
        "exposure_score": 35.4,
        "lon": 88.32635,
        "lat": 27.34161,
        "rank_area": 663,
        "rank_exposure": 741,
        "past_slides": 0
      },
      "geometry": {
        "type": "Point",
        "coordinates": [
          88.32635,
          27.34161
        ]
      }
    },
    {
      "type": "Feature",
      "id": 664,
      "properties": {
        "area_ha": 1.44,
        "area_km2": 0.0144,
        "mean_index": 0.6782,
        "max_index": 0.7197,
        "mean_slope_deg": 21.5,
        "max_slope_deg": 35.7,
        "min_dist_road_m": 0,
        "builtup_ha": 0.0,
        "cropland_ha": 0.54,
        "ntl_sum": 0.251,
        "exposure_score": 44.9,
        "lon": 88.8383,
        "lat": 27.33025,
        "rank_area": 664,
        "rank_exposure": 589,
        "past_slides": 0
      },
      "geometry": {
        "type": "Point",
        "coordinates": [
          88.8383,
          27.33025
        ]
      }
    },
    {
      "type": "Feature",
      "id": 665,
      "properties": {
        "area_ha": 1.44,
        "area_km2": 0.0144,
        "mean_index": 0.6711,
        "max_index": 0.7107,
        "mean_slope_deg": 11.1,
        "max_slope_deg": 17.8,
        "min_dist_road_m": 0,
        "builtup_ha": 0.0,
        "cropland_ha": 0.18,
        "ntl_sum": 1.067,
        "exposure_score": 61.7,
        "lon": 88.3366,
        "lat": 27.32946,
        "rank_area": 665,
        "rank_exposure": 328,
        "past_slides": 0
      },
      "geometry": {
        "type": "Point",
        "coordinates": [
          88.3366,
          27.32946
        ]
      }
    },
    {
      "type": "Feature",
      "id": 666,
      "properties": {
        "area_ha": 1.44,
        "area_km2": 0.0144,
        "mean_index": 0.6694,
        "max_index": 0.6972,
        "mean_slope_deg": 24.1,
        "max_slope_deg": 29.3,
        "min_dist_road_m": 420,
        "builtup_ha": 0.0,
        "cropland_ha": 0.0,
        "ntl_sum": 0.441,
        "exposure_score": 45.2,
        "lon": 88.43452,
        "lat": 27.31373,
        "rank_area": 666,
        "rank_exposure": 587,
        "past_slides": 0
      },
      "geometry": {
        "type": "Point",
        "coordinates": [
          88.43452,
          27.31373
        ]
      }
    },
    {
      "type": "Feature",
      "id": 667,
      "properties": {
        "area_ha": 1.44,
        "area_km2": 0.0144,
        "mean_index": 0.6624,
        "max_index": 0.7225,
        "mean_slope_deg": 19.7,
        "max_slope_deg": 24.6,
        "min_dist_road_m": 1485,
        "builtup_ha": 0.0,
        "cropland_ha": 0.0,
        "ntl_sum": 0.379,
        "exposure_score": 32.6,
        "lon": 88.5046,
        "lat": 27.30311,
        "rank_area": 667,
        "rank_exposure": 777,
        "past_slides": 0
      },
      "geometry": {
        "type": "Point",
        "coordinates": [
          88.5046,
          27.30311
        ]
      }
    },
    {
      "type": "Feature",
      "id": 668,
      "properties": {
        "area_ha": 1.44,
        "area_km2": 0.0144,
        "mean_index": 0.6916,
        "max_index": 0.7188,
        "mean_slope_deg": 27.0,
        "max_slope_deg": 38.0,
        "min_dist_road_m": 0,
        "builtup_ha": 0.0,
        "cropland_ha": 0.18,
        "ntl_sum": 1.199,
        "exposure_score": 65.7,
        "lon": 88.4104,
        "lat": 27.30355,
        "rank_area": 668,
        "rank_exposure": 268,
        "past_slides": 0
      },
      "geometry": {
        "type": "Point",
        "coordinates": [
          88.4104,
          27.30355
        ]
      }
    },
    {
      "type": "Feature",
      "id": 669,
      "properties": {
        "area_ha": 1.44,
        "area_km2": 0.0144,
        "mean_index": 0.6845,
        "max_index": 0.7206,
        "mean_slope_deg": 39.6,
        "max_slope_deg": 50.2,
        "min_dist_road_m": 270,
        "builtup_ha": 0.0,
        "cropland_ha": 0.0,
        "ntl_sum": 0.621,
        "exposure_score": 36.9,
        "lon": 88.46057,
        "lat": 27.29193,
        "rank_area": 669,
        "rank_exposure": 715,
        "past_slides": 0
      },
      "geometry": {
        "type": "Point",
        "coordinates": [
          88.46057,
          27.29193
        ]
      }
    },
    {
      "type": "Feature",
      "id": 670,
      "properties": {
        "area_ha": 1.44,
        "area_km2": 0.0144,
        "mean_index": 0.6847,
        "max_index": 0.7142,
        "mean_slope_deg": 25.2,
        "max_slope_deg": 30.9,
        "min_dist_road_m": 824,
        "builtup_ha": 0.0,
        "cropland_ha": 0.0,
        "ntl_sum": 0.873,
        "exposure_score": 36.7,
        "lon": 88.57591,
        "lat": 27.28878,
        "rank_area": 670,
        "rank_exposure": 716,
        "past_slides": 0
      },
      "geometry": {
        "type": "Point",
        "coordinates": [
          88.57591,
          27.28878
        ]
      }
    },
    {
      "type": "Feature",
      "id": 671,
      "properties": {
        "area_ha": 1.44,
        "area_km2": 0.0144,
        "mean_index": 0.6682,
        "max_index": 0.7123,
        "mean_slope_deg": 26.6,
        "max_slope_deg": 34.0,
        "min_dist_road_m": 1974,
        "builtup_ha": 0.0,
        "cropland_ha": 0.0,
        "ntl_sum": 0.354,
        "exposure_score": 11.0,
        "lon": 88.48679,
        "lat": 27.28759,
        "rank_area": 671,
        "rank_exposure": 907,
        "past_slides": 0
      },
      "geometry": {
        "type": "Point",
        "coordinates": [
          88.48679,
          27.28759
        ]
      }
    },
    {
      "type": "Feature",
      "id": 672,
      "properties": {
        "area_ha": 1.44,
        "area_km2": 0.0144,
        "mean_index": 0.6779,
        "max_index": 0.7192,
        "mean_slope_deg": 38.8,
        "max_slope_deg": 45.8,
        "min_dist_road_m": 942,
        "builtup_ha": 0.0,
        "cropland_ha": 0.0,
        "ntl_sum": 0.461,
        "exposure_score": 27.2,
        "lon": 88.48893,
        "lat": 27.27755,
        "rank_area": 672,
        "rank_exposure": 824,
        "past_slides": 0
      },
      "geometry": {
        "type": "Point",
        "coordinates": [
          88.48893,
          27.27755
        ]
      }
    },
    {
      "type": "Feature",
      "id": 673,
      "properties": {
        "area_ha": 1.44,
        "area_km2": 0.0144,
        "mean_index": 0.6629,
        "max_index": 0.6812,
        "mean_slope_deg": 31.5,
        "max_slope_deg": 41.3,
        "min_dist_road_m": 1266,
        "builtup_ha": 0.0,
        "cropland_ha": 0.0,
        "ntl_sum": 0.533,
        "exposure_score": 24.5,
        "lon": 88.19533,
        "lat": 27.27387,
        "rank_area": 673,
        "rank_exposure": 851,
        "past_slides": 0
      },
      "geometry": {
        "type": "Point",
        "coordinates": [
          88.19533,
          27.27387
        ]
      }
    },
    {
      "type": "Feature",
      "id": 674,
      "properties": {
        "area_ha": 1.44,
        "area_km2": 0.0144,
        "mean_index": 0.6693,
        "max_index": 0.7233,
        "mean_slope_deg": 14.7,
        "max_slope_deg": 30.8,
        "min_dist_road_m": 247,
        "builtup_ha": 0.0,
        "cropland_ha": 0.0,
        "ntl_sum": 4.315,
        "exposure_score": 59.1,
        "lon": 88.59082,
        "lat": 27.26749,
        "rank_area": 674,
        "rank_exposure": 365,
        "past_slides": 0
      },
      "geometry": {
        "type": "Point",
        "coordinates": [
          88.59082,
          27.26749
        ]
      }
    },
    {
      "type": "Feature",
      "id": 675,
      "properties": {
        "area_ha": 1.44,
        "area_km2": 0.0144,
        "mean_index": 0.6821,
        "max_index": 0.7056,
        "mean_slope_deg": 26.5,
        "max_slope_deg": 33.5,
        "min_dist_road_m": 1492,
        "builtup_ha": 0.0,
        "cropland_ha": 0.0,
        "ntl_sum": 0.406,
        "exposure_score": 14.5,
        "lon": 88.64512,
        "lat": 27.26389,
        "rank_area": 675,
        "rank_exposure": 897,
        "past_slides": 0
      },
      "geometry": {
        "type": "Point",
        "coordinates": [
          88.64512,
          27.26389
        ]
      }
    },
    {
      "type": "Feature",
      "id": 676,
      "properties": {
        "area_ha": 1.44,
        "area_km2": 0.0144,
        "mean_index": 0.6728,
        "max_index": 0.7167,
        "mean_slope_deg": 39.3,
        "max_slope_deg": 52.3,
        "min_dist_road_m": 331,
        "builtup_ha": 0.0,
        "cropland_ha": 0.0,
        "ntl_sum": 2.229,
        "exposure_score": 51.4,
        "lon": 88.56604,
        "lat": 27.25884,
        "rank_area": 676,
        "rank_exposure": 482,
        "past_slides": 0
      },
      "geometry": {
        "type": "Point",
        "coordinates": [
          88.56604,
          27.25884
        ]
      }
    },
    {
      "type": "Feature",
      "id": 677,
      "properties": {
        "area_ha": 1.44,
        "area_km2": 0.0144,
        "mean_index": 0.6573,
        "max_index": 0.6783,
        "mean_slope_deg": 34.4,
        "max_slope_deg": 41.4,
        "min_dist_road_m": 182,
        "builtup_ha": 0.0,
        "cropland_ha": 0.0,
        "ntl_sum": 0.718,
        "exposure_score": 37.0,
        "lon": 88.18892,
        "lat": 27.26255,
        "rank_area": 677,
        "rank_exposure": 710,
        "past_slides": 0
      },
      "geometry": {
        "type": "Point",
        "coordinates": [
          88.18892,
          27.26255
        ]
      }
    },
    {
      "type": "Feature",
      "id": 678,
      "properties": {
        "area_ha": 1.44,
        "area_km2": 0.0144,
        "mean_index": 0.6583,
        "max_index": 0.6985,
        "mean_slope_deg": 11.2,
        "max_slope_deg": 24.8,
        "min_dist_road_m": 277,
        "builtup_ha": 0.18,
        "cropland_ha": 0.0,
        "ntl_sum": 3.868,
        "exposure_score": 78.1,
        "lon": 88.45158,
        "lat": 27.25289,
        "rank_area": 678,
        "rank_exposure": 130,
        "past_slides": 0
      },
      "geometry": {
        "type": "Point",
        "coordinates": [
          88.45158,
          27.25289
        ]
      }
    },
    {
      "type": "Feature",
      "id": 679,
      "properties": {
        "area_ha": 1.44,
        "area_km2": 0.0144,
        "mean_index": 0.6829,
        "max_index": 0.7262,
        "mean_slope_deg": 33.7,
        "max_slope_deg": 40.1,
        "min_dist_road_m": 1758,
        "builtup_ha": 0.0,
        "cropland_ha": 0.0,
        "ntl_sum": 0.278,
        "exposure_score": 9.7,
        "lon": 88.74291,
        "lat": 27.24673,
        "rank_area": 679,
        "rank_exposure": 909,
        "past_slides": 0
      },
      "geometry": {
        "type": "Point",
        "coordinates": [
          88.74291,
          27.24673
        ]
      }
    },
    {
      "type": "Feature",
      "id": 680,
      "properties": {
        "area_ha": 1.44,
        "area_km2": 0.0144,
        "mean_index": 0.677,
        "max_index": 0.7218,
        "mean_slope_deg": 24.1,
        "max_slope_deg": 26.6,
        "min_dist_road_m": 1332,
        "builtup_ha": 0.0,
        "cropland_ha": 0.09,
        "ntl_sum": 0.672,
        "exposure_score": 25.9,
        "lon": 88.25462,
        "lat": 27.2487,
        "rank_area": 680,
        "rank_exposure": 839,
        "past_slides": 0
      },
      "geometry": {
        "type": "Point",
        "coordinates": [
          88.25462,
          27.2487
        ]
      }
    },
    {
      "type": "Feature",
      "id": 681,
      "properties": {
        "area_ha": 1.44,
        "area_km2": 0.0144,
        "mean_index": 0.6791,
        "max_index": 0.7086,
        "mean_slope_deg": 36.9,
        "max_slope_deg": 42.0,
        "min_dist_road_m": 1677,
        "builtup_ha": 0.0,
        "cropland_ha": 0.0,
        "ntl_sum": 0.57,
        "exposure_score": 18.8,
        "lon": 88.56625,
        "lat": 27.24529,
        "rank_area": 681,
        "rank_exposure": 877,
        "past_slides": 0
      },
      "geometry": {
        "type": "Point",
        "coordinates": [
          88.56625,
          27.24529
        ]
      }
    },
    {
      "type": "Feature",
      "id": 682,
      "properties": {
        "area_ha": 1.44,
        "area_km2": 0.0144,
        "mean_index": 0.6572,
        "max_index": 0.6757,
        "mean_slope_deg": 30.7,
        "max_slope_deg": 37.5,
        "min_dist_road_m": 120,
        "builtup_ha": 0.0,
        "cropland_ha": 0.0,
        "ntl_sum": 0.893,
        "exposure_score": 42.8,
        "lon": 88.41997,
        "lat": 27.2436,
        "rank_area": 682,
        "rank_exposure": 631,
        "past_slides": 0
      },
      "geometry": {
        "type": "Point",
        "coordinates": [
          88.41997,
          27.2436
        ]
      }
    },
    {
      "type": "Feature",
      "id": 683,
      "properties": {
        "area_ha": 1.44,
        "area_km2": 0.0144,
        "mean_index": 0.6808,
        "max_index": 0.7234,
        "mean_slope_deg": 33.2,
        "max_slope_deg": 44.8,
        "min_dist_road_m": 914,
        "builtup_ha": 0.0,
        "cropland_ha": 0.0,
        "ntl_sum": 1.261,
        "exposure_score": 39.8,
        "lon": 88.54174,
        "lat": 27.24164,
        "rank_area": 683,
        "rank_exposure": 668,
        "past_slides": 0
      },
      "geometry": {
        "type": "Point",
        "coordinates": [
          88.54174,
          27.24164
        ]
      }
    },
    {
      "type": "Feature",
      "id": 684,
      "properties": {
        "area_ha": 1.44,
        "area_km2": 0.0144,
        "mean_index": 0.6546,
        "max_index": 0.6875,
        "mean_slope_deg": 29.1,
        "max_slope_deg": 32.6,
        "min_dist_road_m": 0,
        "builtup_ha": 0.18,
        "cropland_ha": 0.0,
        "ntl_sum": 0.973,
        "exposure_score": 64.9,
        "lon": 88.43996,
        "lat": 27.23961,
        "rank_area": 684,
        "rank_exposure": 282,
        "past_slides": 0
      },
      "geometry": {
        "type": "Point",
        "coordinates": [
          88.43996,
          27.23961
        ]
      }
    },
    {
      "type": "Feature",
      "id": 685,
      "properties": {
        "area_ha": 1.44,
        "area_km2": 0.0144,
        "mean_index": 0.659,
        "max_index": 0.7035,
        "mean_slope_deg": 36.9,
        "max_slope_deg": 50.1,
        "min_dist_road_m": 541,
        "builtup_ha": 0.0,
        "cropland_ha": 0.0,
        "ntl_sum": 0.887,
        "exposure_score": 46.9,
        "lon": 88.43546,
        "lat": 27.23356,
        "rank_area": 685,
        "rank_exposure": 562,
        "past_slides": 0
      },
      "geometry": {
        "type": "Point",
        "coordinates": [
          88.43546,
          27.23356
        ]
      }
    },
    {
      "type": "Feature",
      "id": 686,
      "properties": {
        "area_ha": 1.44,
        "area_km2": 0.0144,
        "mean_index": 0.6878,
        "max_index": 0.7415,
        "mean_slope_deg": 15.3,
        "max_slope_deg": 22.9,
        "min_dist_road_m": 0,
        "builtup_ha": 0.09,
        "cropland_ha": 0.0,
        "ntl_sum": 3.994,
        "exposure_score": 79.6,
        "lon": 88.59001,
        "lat": 27.23122,
        "rank_area": 686,
        "rank_exposure": 110,
        "past_slides": 0
      },
      "geometry": {
        "type": "Point",
        "coordinates": [
          88.59001,
          27.23122
        ]
      }
    },
    {
      "type": "Feature",
      "id": 687,
      "properties": {
        "area_ha": 1.44,
        "area_km2": 0.0144,
        "mean_index": 0.6822,
        "max_index": 0.7226,
        "mean_slope_deg": 25.2,
        "max_slope_deg": 28.1,
        "min_dist_road_m": 2117,
        "builtup_ha": 0.0,
        "cropland_ha": 0.0,
        "ntl_sum": 0.331,
        "exposure_score": 16.7,
        "lon": 88.20828,
        "lat": 27.23381,
        "rank_area": 687,
        "rank_exposure": 891,
        "past_slides": 0
      },
      "geometry": {
        "type": "Point",
        "coordinates": [
          88.20828,
          27.23381
        ]
      }
    },
    {
      "type": "Feature",
      "id": 688,
      "properties": {
        "area_ha": 1.44,
        "area_km2": 0.0144,
        "mean_index": 0.6676,
        "max_index": 0.7129,
        "mean_slope_deg": 32.6,
        "max_slope_deg": 37.2,
        "min_dist_road_m": 108,
        "builtup_ha": 0.0,
        "cropland_ha": 0.0,
        "ntl_sum": 0.583,
        "exposure_score": 42.8,
        "lon": 88.70261,
        "lat": 27.22691,
        "rank_area": 688,
        "rank_exposure": 632,
        "past_slides": 0
      },
      "geometry": {
        "type": "Point",
        "coordinates": [
          88.70261,
          27.22691
        ]
      }
    },
    {
      "type": "Feature",
      "id": 689,
      "properties": {
        "area_ha": 1.44,
        "area_km2": 0.0144,
        "mean_index": 0.6593,
        "max_index": 0.6865,
        "mean_slope_deg": 38.7,
        "max_slope_deg": 49.5,
        "min_dist_road_m": 2805,
        "builtup_ha": 0.0,
        "cropland_ha": 0.0,
        "ntl_sum": 0.536,
        "exposure_score": 21.8,
        "lon": 88.54901,
        "lat": 27.22491,
        "rank_area": 689,
        "rank_exposure": 862,
        "past_slides": 0
      },
      "geometry": {
        "type": "Point",
        "coordinates": [
          88.54901,
          27.22491
        ]
      }
    },
    {
      "type": "Feature",
      "id": 690,
      "properties": {
        "area_ha": 1.44,
        "area_km2": 0.0144,
        "mean_index": 0.6643,
        "max_index": 0.675,
        "mean_slope_deg": 34.5,
        "max_slope_deg": 40.5,
        "min_dist_road_m": 376,
        "builtup_ha": 0.0,
        "cropland_ha": 0.0,
        "ntl_sum": 0.453,
        "exposure_score": 37.9,
        "lon": 88.70743,
        "lat": 27.22022,
        "rank_area": 690,
        "rank_exposure": 689,
        "past_slides": 0
      },
      "geometry": {
        "type": "Point",
        "coordinates": [
          88.70743,
          27.22022
        ]
      }
    },
    {
      "type": "Feature",
      "id": 691,
      "properties": {
        "area_ha": 1.44,
        "area_km2": 0.0144,
        "mean_index": 0.6777,
        "max_index": 0.7325,
        "mean_slope_deg": 40.2,
        "max_slope_deg": 47.8,
        "min_dist_road_m": 1396,
        "builtup_ha": 0.0,
        "cropland_ha": 0.0,
        "ntl_sum": 0.703,
        "exposure_score": 35.1,
        "lon": 88.23417,
        "lat": 27.22356,
        "rank_area": 691,
        "rank_exposure": 747,
        "past_slides": 0
      },
      "geometry": {
        "type": "Point",
        "coordinates": [
          88.23417,
          27.22356
        ]
      }
    },
    {
      "type": "Feature",
      "id": 692,
      "properties": {
        "area_ha": 1.44,
        "area_km2": 0.0144,
        "mean_index": 0.6625,
        "max_index": 0.6974,
        "mean_slope_deg": 27.8,
        "max_slope_deg": 34.3,
        "min_dist_road_m": 741,
        "builtup_ha": 0.09,
        "cropland_ha": 0.0,
        "ntl_sum": 0.814,
        "exposure_score": 55.5,
        "lon": 88.52057,
        "lat": 27.21493,
        "rank_area": 692,
        "rank_exposure": 419,
        "past_slides": 0
      },
      "geometry": {
        "type": "Point",
        "coordinates": [
          88.52057,
          27.21493
        ]
      }
    },
    {
      "type": "Feature",
      "id": 693,
      "properties": {
        "area_ha": 1.44,
        "area_km2": 0.0144,
        "mean_index": 0.6732,
        "max_index": 0.7059,
        "mean_slope_deg": 28.2,
        "max_slope_deg": 32.9,
        "min_dist_road_m": 541,
        "builtup_ha": 0.0,
        "cropland_ha": 0.0,
        "ntl_sum": 0.838,
        "exposure_score": 47.0,
        "lon": 88.52013,
        "lat": 27.21263,
        "rank_area": 693,
        "rank_exposure": 559,
        "past_slides": 0
      },
      "geometry": {
        "type": "Point",
        "coordinates": [
          88.52013,
          27.21263
        ]
      }
    },
    {
      "type": "Feature",
      "id": 694,
      "properties": {
        "area_ha": 1.44,
        "area_km2": 0.0144,
        "mean_index": 0.6666,
        "max_index": 0.6972,
        "mean_slope_deg": 32.3,
        "max_slope_deg": 40.2,
        "min_dist_road_m": 691,
        "builtup_ha": 0.0,
        "cropland_ha": 0.0,
        "ntl_sum": 1.304,
        "exposure_score": 51.4,
        "lon": 88.47422,
        "lat": 27.20689,
        "rank_area": 694,
        "rank_exposure": 483,
        "past_slides": 0
      },
      "geometry": {
        "type": "Point",
        "coordinates": [
          88.47422,
          27.20689
        ]
      }
    },
    {
      "type": "Feature",
      "id": 695,
      "properties": {
        "area_ha": 1.44,
        "area_km2": 0.0144,
        "mean_index": 0.6772,
        "max_index": 0.7052,
        "mean_slope_deg": 33.6,
        "max_slope_deg": 39.7,
        "min_dist_road_m": 371,
        "builtup_ha": 0.0,
        "cropland_ha": 0.0,
        "ntl_sum": 1.494,
        "exposure_score": 52.8,
        "lon": 88.55949,
        "lat": 27.19284,
        "rank_area": 695,
        "rank_exposure": 457,
        "past_slides": 0
      },
      "geometry": {
        "type": "Point",
        "coordinates": [
          88.55949,
          27.19284
        ]
      }
    },
    {
      "type": "Feature",
      "id": 696,
      "properties": {
        "area_ha": 1.44,
        "area_km2": 0.0144,
        "mean_index": 0.6777,
        "max_index": 0.7261,
        "mean_slope_deg": 21.9,
        "max_slope_deg": 24.5,
        "min_dist_road_m": 270,
        "builtup_ha": 0.0,
        "cropland_ha": 0.0,
        "ntl_sum": 0.691,
        "exposure_score": 42.5,
        "lon": 88.66566,
        "lat": 27.19121,
        "rank_area": 696,
        "rank_exposure": 636,
        "past_slides": 0
      },
      "geometry": {
        "type": "Point",
        "coordinates": [
          88.66566,
          27.19121
        ]
      }
    },
    {
      "type": "Feature",
      "id": 697,
      "properties": {
        "area_ha": 1.44,
        "area_km2": 0.0144,
        "mean_index": 0.6692,
        "max_index": 0.7028,
        "mean_slope_deg": 24.9,
        "max_slope_deg": 30.4,
        "min_dist_road_m": 458,
        "builtup_ha": 0.0,
        "cropland_ha": 0.0,
        "ntl_sum": 0.793,
        "exposure_score": 43.8,
        "lon": 88.46573,
        "lat": 27.16812,
        "rank_area": 697,
        "rank_exposure": 612,
        "past_slides": 0
      },
      "geometry": {
        "type": "Point",
        "coordinates": [
          88.46573,
          27.16812
        ]
      }
    },
    {
      "type": "Feature",
      "id": 698,
      "properties": {
        "area_ha": 1.44,
        "area_km2": 0.0144,
        "mean_index": 0.6522,
        "max_index": 0.6581,
        "mean_slope_deg": 25.2,
        "max_slope_deg": 28.7,
        "min_dist_road_m": 552,
        "builtup_ha": 0.0,
        "cropland_ha": 0.0,
        "ntl_sum": 0.833,
        "exposure_score": 43.5,
        "lon": 88.5006,
        "lat": 27.14839,
        "rank_area": 698,
        "rank_exposure": 618,
        "past_slides": 0
      },
      "geometry": {
        "type": "Point",
        "coordinates": [
          88.5006,
          27.14839
        ]
      }
    },
    {
      "type": "Feature",
      "id": 699,
      "properties": {
        "area_ha": 1.35,
        "area_km2": 0.0135,
        "mean_index": 0.6627,
        "max_index": 0.6859,
        "mean_slope_deg": 32.3,
        "max_slope_deg": 47.7,
        "min_dist_road_m": 0,
        "builtup_ha": 0.09,
        "cropland_ha": 0.0,
        "ntl_sum": 0.329,
        "exposure_score": 47.6,
        "lon": 88.60709,
        "lat": 27.64734,
        "rank_area": 699,
        "rank_exposure": 548,
        "past_slides": 0
      },
      "geometry": {
        "type": "Point",
        "coordinates": [
          88.60709,
          27.64734
        ]
      }
    },
    {
      "type": "Feature",
      "id": 700,
      "properties": {
        "area_ha": 1.35,
        "area_km2": 0.0135,
        "mean_index": 0.6628,
        "max_index": 0.7051,
        "mean_slope_deg": 39.9,
        "max_slope_deg": 46.2,
        "min_dist_road_m": 0,
        "builtup_ha": 0.0,
        "cropland_ha": 0.0,
        "ntl_sum": 0.628,
        "exposure_score": 50.3,
        "lon": 88.65288,
        "lat": 27.60998,
        "rank_area": 700,
        "rank_exposure": 496,
        "past_slides": 1
      },
      "geometry": {
        "type": "Point",
        "coordinates": [
          88.65288,
          27.60998
        ]
      }
    },
    {
      "type": "Feature",
      "id": 701,
      "properties": {
        "area_ha": 1.35,
        "area_km2": 0.0135,
        "mean_index": 0.6615,
        "max_index": 0.6937,
        "mean_slope_deg": 38.4,
        "max_slope_deg": 45.0,
        "min_dist_road_m": 2809,
        "builtup_ha": 0.0,
        "cropland_ha": 0.0,
        "ntl_sum": 0.627,
        "exposure_score": 29.2,
        "lon": 88.54209,
        "lat": 27.54573,
        "rank_area": 701,
        "rank_exposure": 809,
        "past_slides": 0
      },
      "geometry": {
        "type": "Point",
        "coordinates": [
          88.54209,
          27.54573
        ]
      }
    },
    {
      "type": "Feature",
      "id": 702,
      "properties": {
        "area_ha": 1.35,
        "area_km2": 0.0135,
        "mean_index": 0.6559,
        "max_index": 0.6824,
        "mean_slope_deg": 32.1,
        "max_slope_deg": 44.6,
        "min_dist_road_m": 0,
        "builtup_ha": 0.0,
        "cropland_ha": 0.0,
        "ntl_sum": 0.302,
        "exposure_score": 39.9,
        "lon": 88.48556,
        "lat": 27.53605,
        "rank_area": 702,
        "rank_exposure": 667,
        "past_slides": 0
      },
      "geometry": {
        "type": "Point",
        "coordinates": [
          88.48556,
          27.53605
        ]
      }
    },
    {
      "type": "Feature",
      "id": 703,
      "properties": {
        "area_ha": 1.35,
        "area_km2": 0.0135,
        "mean_index": 0.6621,
        "max_index": 0.6877,
        "mean_slope_deg": 24.9,
        "max_slope_deg": 34.5,
        "min_dist_road_m": 0,
        "builtup_ha": 0.0,
        "cropland_ha": 0.0,
        "ntl_sum": 0.293,
        "exposure_score": 39.7,
        "lon": 88.46786,
        "lat": 27.53556,
        "rank_area": 703,
        "rank_exposure": 671,
        "past_slides": 0
      },
      "geometry": {
        "type": "Point",
        "coordinates": [
          88.46786,
          27.53556
        ]
      }
    },
    {
      "type": "Feature",
      "id": 704,
      "properties": {
        "area_ha": 1.35,
        "area_km2": 0.0135,
        "mean_index": 0.6587,
        "max_index": 0.6806,
        "mean_slope_deg": 31.4,
        "max_slope_deg": 42.3,
        "min_dist_road_m": 0,
        "builtup_ha": 0.0,
        "cropland_ha": 0.0,
        "ntl_sum": 0.296,
        "exposure_score": 40.2,
        "lon": 88.51047,
        "lat": 27.46538,
        "rank_area": 704,
        "rank_exposure": 663,
        "past_slides": 0
      },
      "geometry": {
        "type": "Point",
        "coordinates": [
          88.51047,
          27.46538
        ]
      }
    },
    {
      "type": "Feature",
      "id": 705,
      "properties": {
        "area_ha": 1.35,
        "area_km2": 0.0135,
        "mean_index": 0.6584,
        "max_index": 0.6812,
        "mean_slope_deg": 39.4,
        "max_slope_deg": 49.0,
        "min_dist_road_m": 0,
        "builtup_ha": 0.0,
        "cropland_ha": 0.0,
        "ntl_sum": 0.722,
        "exposure_score": 54.1,
        "lon": 88.57619,
        "lat": 27.40982,
        "rank_area": 705,
        "rank_exposure": 437,
        "past_slides": 0
      },
      "geometry": {
        "type": "Point",
        "coordinates": [
          88.57619,
          27.40982
        ]
      }
    },
    {
      "type": "Feature",
      "id": 706,
      "properties": {
        "area_ha": 1.35,
        "area_km2": 0.0135,
        "mean_index": 0.6652,
        "max_index": 0.689,
        "mean_slope_deg": 26.5,
        "max_slope_deg": 33.2,
        "min_dist_road_m": 0,
        "builtup_ha": 0.0,
        "cropland_ha": 0.0,
        "ntl_sum": 0.603,
        "exposure_score": 51.1,
        "lon": 88.56921,
        "lat": 27.40827,
        "rank_area": 706,
        "rank_exposure": 488,
        "past_slides": 0
      },
      "geometry": {
        "type": "Point",
        "coordinates": [
          88.56921,
          27.40827
        ]
      }
    },
    {
      "type": "Feature",
      "id": 707,
      "properties": {
        "area_ha": 1.35,
        "area_km2": 0.0135,
        "mean_index": 0.6649,
        "max_index": 0.6925,
        "mean_slope_deg": 34.4,
        "max_slope_deg": 39.8,
        "min_dist_road_m": 4564,
        "builtup_ha": 0.0,
        "cropland_ha": 0.0,
        "ntl_sum": 0.309,
        "exposure_score": 21.8,
        "lon": 88.30657,
        "lat": 27.38742,
        "rank_area": 707,
        "rank_exposure": 863,
        "past_slides": 0
      },
      "geometry": {
        "type": "Point",
        "coordinates": [
          88.30657,
          27.38742
        ]
      }
    },
    {
      "type": "Feature",
      "id": 708,
      "properties": {
        "area_ha": 1.35,
        "area_km2": 0.0135,
        "mean_index": 0.6891,
        "max_index": 0.7228,
        "mean_slope_deg": 28.1,
        "max_slope_deg": 34.2,
        "min_dist_road_m": 201,
        "builtup_ha": 0.0,
        "cropland_ha": 0.0,
        "ntl_sum": 0.612,
        "exposure_score": 45.8,
        "lon": 88.60014,
        "lat": 27.37583,
        "rank_area": 708,
        "rank_exposure": 578,
        "past_slides": 0
      },
      "geometry": {
        "type": "Point",
        "coordinates": [
          88.60014,
          27.37583
        ]
      }
    },
    {
      "type": "Feature",
      "id": 709,
      "properties": {
        "area_ha": 1.35,
        "area_km2": 0.0135,
        "mean_index": 0.6728,
        "max_index": 0.7056,
        "mean_slope_deg": 35.6,
        "max_slope_deg": 44.4,
        "min_dist_road_m": 216,
        "builtup_ha": 0.0,
        "cropland_ha": 0.0,
        "ntl_sum": 0.36,
        "exposure_score": 38.3,
        "lon": 88.6508,
        "lat": 27.3724,
        "rank_area": 709,
        "rank_exposure": 683,
        "past_slides": 0
      },
      "geometry": {
        "type": "Point",
        "coordinates": [
          88.6508,
          27.3724
        ]
      }
    },
    {
      "type": "Feature",
      "id": 710,
      "properties": {
        "area_ha": 1.35,
        "area_km2": 0.0135,
        "mean_index": 0.6824,
        "max_index": 0.7032,
        "mean_slope_deg": 34.8,
        "max_slope_deg": 41.1,
        "min_dist_road_m": 2635,
        "builtup_ha": 0.0,
        "cropland_ha": 0.0,
        "ntl_sum": 0.261,
        "exposure_score": 17.0,
        "lon": 88.28615,
        "lat": 27.37461,
        "rank_area": 710,
        "rank_exposure": 889,
        "past_slides": 0
      },
      "geometry": {
        "type": "Point",
        "coordinates": [
          88.28615,
          27.37461
        ]
      }
    },
    {
      "type": "Feature",
      "id": 711,
      "properties": {
        "area_ha": 1.35,
        "area_km2": 0.0135,
        "mean_index": 0.6689,
        "max_index": 0.6872,
        "mean_slope_deg": 36.6,
        "max_slope_deg": 46.6,
        "min_dist_road_m": 361,
        "builtup_ha": 0.0,
        "cropland_ha": 0.0,
        "ntl_sum": 0.34,
        "exposure_score": 35.5,
        "lon": 88.21092,
        "lat": 27.37109,
        "rank_area": 711,
        "rank_exposure": 737,
        "past_slides": 0
      },
      "geometry": {
        "type": "Point",
        "coordinates": [
          88.21092,
          27.37109
        ]
      }
    },
    {
      "type": "Feature",
      "id": 712,
      "properties": {
        "area_ha": 1.35,
        "area_km2": 0.0135,
        "mean_index": 0.6598,
        "max_index": 0.6906,
        "mean_slope_deg": 30.4,
        "max_slope_deg": 36.4,
        "min_dist_road_m": 330,
        "builtup_ha": 0.0,
        "cropland_ha": 0.0,
        "ntl_sum": 0.533,
        "exposure_score": 42.6,
        "lon": 88.57413,
        "lat": 27.35189,
        "rank_area": 712,
        "rank_exposure": 635,
        "past_slides": 0
      },
      "geometry": {
        "type": "Point",
        "coordinates": [
          88.57413,
          27.35189
        ]
      }
    },
    {
      "type": "Feature",
      "id": 713,
      "properties": {
        "area_ha": 1.35,
        "area_km2": 0.0135,
        "mean_index": 0.6734,
        "max_index": 0.7268,
        "mean_slope_deg": 27.3,
        "max_slope_deg": 30.4,
        "min_dist_road_m": 0,
        "builtup_ha": 0.0,
        "cropland_ha": 0.0,
        "ntl_sum": 1.207,
        "exposure_score": 59.1,
        "lon": 88.4848,
        "lat": 27.3526,
        "rank_area": 713,
        "rank_exposure": 366,
        "past_slides": 0
      },
      "geometry": {
        "type": "Point",
        "coordinates": [
          88.4848,
          27.3526
        ]
      }
    },
    {
      "type": "Feature",
      "id": 714,
      "properties": {
        "area_ha": 1.35,
        "area_km2": 0.0135,
        "mean_index": 0.6803,
        "max_index": 0.7155,
        "mean_slope_deg": 29.8,
        "max_slope_deg": 36.6,
        "min_dist_road_m": 624,
        "builtup_ha": 0.0,
        "cropland_ha": 0.0,
        "ntl_sum": 0.474,
        "exposure_score": 42.8,
        "lon": 88.2263,
        "lat": 27.31747,
        "rank_area": 714,
        "rank_exposure": 633,
        "past_slides": 0
      },
      "geometry": {
        "type": "Point",
        "coordinates": [
          88.2263,
          27.31747
        ]
      }
    },
    {
      "type": "Feature",
      "id": 715,
      "properties": {
        "area_ha": 1.35,
        "area_km2": 0.0135,
        "mean_index": 0.6697,
        "max_index": 0.7138,
        "mean_slope_deg": 33.5,
        "max_slope_deg": 38.3,
        "min_dist_road_m": 404,
        "builtup_ha": 0.0,
        "cropland_ha": 0.0,
        "ntl_sum": 0.63,
        "exposure_score": 50.0,
        "lon": 88.25902,
        "lat": 27.31528,
        "rank_area": 715,
        "rank_exposure": 502,
        "past_slides": 0
      },
      "geometry": {
        "type": "Point",
        "coordinates": [
          88.25902,
          27.31528
        ]
      }
    },
    {
      "type": "Feature",
      "id": 716,
      "properties": {
        "area_ha": 1.35,
        "area_km2": 0.0135,
        "mean_index": 0.6568,
        "max_index": 0.6817,
        "mean_slope_deg": 25.3,
        "max_slope_deg": 35.4,
        "min_dist_road_m": 0,
        "builtup_ha": 0.09,
        "cropland_ha": 0.0,
        "ntl_sum": 1.678,
        "exposure_score": 71.1,
        "lon": 88.58358,
        "lat": 27.3109,
        "rank_area": 716,
        "rank_exposure": 194,
        "past_slides": 0
      },
      "geometry": {
        "type": "Point",
        "coordinates": [
          88.58358,
          27.3109
        ]
      }
    },
    {
      "type": "Feature",
      "id": 717,
      "properties": {
        "area_ha": 1.35,
        "area_km2": 0.0135,
        "mean_index": 0.6761,
        "max_index": 0.7364,
        "mean_slope_deg": 23.3,
        "max_slope_deg": 27.0,
        "min_dist_road_m": 964,
        "builtup_ha": 0.0,
        "cropland_ha": 0.09,
        "ntl_sum": 0.55,
        "exposure_score": 43.3,
        "lon": 88.31945,
        "lat": 27.30728,
        "rank_area": 717,
        "rank_exposure": 622,
        "past_slides": 0
      },
      "geometry": {
        "type": "Point",
        "coordinates": [
          88.31945,
          27.30728
        ]
      }
    },
    {
      "type": "Feature",
      "id": 718,
      "properties": {
        "area_ha": 1.35,
        "area_km2": 0.0135,
        "mean_index": 0.6628,
        "max_index": 0.6997,
        "mean_slope_deg": 30.9,
        "max_slope_deg": 34.8,
        "min_dist_road_m": 1498,
        "builtup_ha": 0.0,
        "cropland_ha": 0.0,
        "ntl_sum": 0.602,
        "exposure_score": 30.6,
        "lon": 88.34165,
        "lat": 27.29921,
        "rank_area": 718,
        "rank_exposure": 792,
        "past_slides": 0
      },
      "geometry": {
        "type": "Point",
        "coordinates": [
          88.34165,
          27.29921
        ]
      }
    },
    {
      "type": "Feature",
      "id": 719,
      "properties": {
        "area_ha": 1.35,
        "area_km2": 0.0135,
        "mean_index": 0.6761,
        "max_index": 0.7106,
        "mean_slope_deg": 24.8,
        "max_slope_deg": 30.9,
        "min_dist_road_m": 684,
        "builtup_ha": 0.0,
        "cropland_ha": 0.0,
        "ntl_sum": 0.761,
        "exposure_score": 34.9,
        "lon": 88.57114,
        "lat": 27.28559,
        "rank_area": 719,
        "rank_exposure": 750,
        "past_slides": 0
      },
      "geometry": {
        "type": "Point",
        "coordinates": [
          88.57114,
          27.28559
        ]
      }
    },
    {
      "type": "Feature",
      "id": 720,
      "properties": {
        "area_ha": 1.35,
        "area_km2": 0.0135,
        "mean_index": 0.662,
        "max_index": 0.684,
        "mean_slope_deg": 27.6,
        "max_slope_deg": 36.1,
        "min_dist_road_m": 1645,
        "builtup_ha": 0.0,
        "cropland_ha": 0.0,
        "ntl_sum": 0.305,
        "exposure_score": 13.5,
        "lon": 88.18033,
        "lat": 27.28862,
        "rank_area": 720,
        "rank_exposure": 902,
        "past_slides": 0
      },
      "geometry": {
        "type": "Point",
        "coordinates": [
          88.18033,
          27.28862
        ]
      }
    },
    {
      "type": "Feature",
      "id": 721,
      "properties": {
        "area_ha": 1.35,
        "area_km2": 0.0135,
        "mean_index": 0.6704,
        "max_index": 0.7322,
        "mean_slope_deg": 30.0,
        "max_slope_deg": 34.5,
        "min_dist_road_m": 285,
        "builtup_ha": 0.0,
        "cropland_ha": 0.09,
        "ntl_sum": 0.664,
        "exposure_score": 37.3,
        "lon": 88.46663,
        "lat": 27.28604,
        "rank_area": 721,
        "rank_exposure": 703,
        "past_slides": 0
      },
      "geometry": {
        "type": "Point",
        "coordinates": [
          88.46663,
          27.28604
        ]
      }
    },
    {
      "type": "Feature",
      "id": 722,
      "properties": {
        "area_ha": 1.35,
        "area_km2": 0.0135,
        "mean_index": 0.6723,
        "max_index": 0.698,
        "mean_slope_deg": 32.1,
        "max_slope_deg": 38.6,
        "min_dist_road_m": 339,
        "builtup_ha": 0.0,
        "cropland_ha": 0.0,
        "ntl_sum": 0.62,
        "exposure_score": 36.6,
        "lon": 88.44461,
        "lat": 27.28478,
        "rank_area": 722,
        "rank_exposure": 720,
        "past_slides": 0
      },
      "geometry": {
        "type": "Point",
        "coordinates": [
          88.44461,
          27.28478
        ]
      }
    },
    {
      "type": "Feature",
      "id": 723,
      "properties": {
        "area_ha": 1.35,
        "area_km2": 0.0135,
        "mean_index": 0.6773,
        "max_index": 0.7308,
        "mean_slope_deg": 29.9,
        "max_slope_deg": 36.6,
        "min_dist_road_m": 849,
        "builtup_ha": 0.0,
        "cropland_ha": 0.0,
        "ntl_sum": 0.805,
        "exposure_score": 36.4,
        "lon": 88.57284,
        "lat": 27.28205,
        "rank_area": 723,
        "rank_exposure": 723,
        "past_slides": 0
      },
      "geometry": {
        "type": "Point",
        "coordinates": [
          88.57284,
          27.28205
        ]
      }
    },
    {
      "type": "Feature",
      "id": 724,
      "properties": {
        "area_ha": 1.35,
        "area_km2": 0.0135,
        "mean_index": 0.6558,
        "max_index": 0.6869,
        "mean_slope_deg": 33.4,
        "max_slope_deg": 39.6,
        "min_dist_road_m": 2040,
        "builtup_ha": 0.0,
        "cropland_ha": 0.0,
        "ntl_sum": 0.584,
        "exposure_score": 18.2,
        "lon": 88.19004,
        "lat": 27.28055,
        "rank_area": 724,
        "rank_exposure": 885,
        "past_slides": 0
      },
      "geometry": {
        "type": "Point",
        "coordinates": [
          88.19004,
          27.28055
        ]
      }
    },
    {
      "type": "Feature",
      "id": 725,
      "properties": {
        "area_ha": 1.35,
        "area_km2": 0.0135,
        "mean_index": 0.6733,
        "max_index": 0.7019,
        "mean_slope_deg": 43.3,
        "max_slope_deg": 54.6,
        "min_dist_road_m": 1907,
        "builtup_ha": 0.0,
        "cropland_ha": 0.0,
        "ntl_sum": 0.316,
        "exposure_score": 10.9,
        "lon": 88.07825,
        "lat": 27.2759,
        "rank_area": 725,
        "rank_exposure": 908,
        "past_slides": 0
      },
      "geometry": {
        "type": "Point",
        "coordinates": [
          88.07825,
          27.2759
        ]
      }
    },
    {
      "type": "Feature",
      "id": 726,
      "properties": {
        "area_ha": 1.35,
        "area_km2": 0.0135,
        "mean_index": 0.6931,
        "max_index": 0.7236,
        "mean_slope_deg": 23.7,
        "max_slope_deg": 29.8,
        "min_dist_road_m": 319,
        "builtup_ha": 0.0,
        "cropland_ha": 0.0,
        "ntl_sum": 1.564,
        "exposure_score": 49.3,
        "lon": 88.6015,
        "lat": 27.26872,
        "rank_area": 726,
        "rank_exposure": 515,
        "past_slides": 0
      },
      "geometry": {
        "type": "Point",
        "coordinates": [
          88.6015,
          27.26872
        ]
      }
    },
    {
      "type": "Feature",
      "id": 727,
      "properties": {
        "area_ha": 1.35,
        "area_km2": 0.0135,
        "mean_index": 0.6728,
        "max_index": 0.7008,
        "mean_slope_deg": 25.0,
        "max_slope_deg": 28.4,
        "min_dist_road_m": 1124,
        "builtup_ha": 0.0,
        "cropland_ha": 0.0,
        "ntl_sum": 0.715,
        "exposure_score": 26.1,
        "lon": 88.2477,
        "lat": 27.26041,
        "rank_area": 727,
        "rank_exposure": 836,
        "past_slides": 0
      },
      "geometry": {
        "type": "Point",
        "coordinates": [
          88.2477,
          27.26041
        ]
      }
    },
    {
      "type": "Feature",
      "id": 728,
      "properties": {
        "area_ha": 1.35,
        "area_km2": 0.0135,
        "mean_index": 0.6594,
        "max_index": 0.6851,
        "mean_slope_deg": 30.6,
        "max_slope_deg": 45.5,
        "min_dist_road_m": 285,
        "builtup_ha": 0.0,
        "cropland_ha": 0.0,
        "ntl_sum": 4.324,
        "exposure_score": 57.3,
        "lon": 88.45244,
        "lat": 27.25045,
        "rank_area": 728,
        "rank_exposure": 395,
        "past_slides": 0
      },
      "geometry": {
        "type": "Point",
        "coordinates": [
          88.45244,
          27.25045
        ]
      }
    },
    {
      "type": "Feature",
      "id": 729,
      "properties": {
        "area_ha": 1.35,
        "area_km2": 0.0135,
        "mean_index": 0.6597,
        "max_index": 0.6963,
        "mean_slope_deg": 23.3,
        "max_slope_deg": 27.9,
        "min_dist_road_m": 0,
        "builtup_ha": 0.09,
        "cropland_ha": 0.0,
        "ntl_sum": 1.467,
        "exposure_score": 69.6,
        "lon": 88.51648,
        "lat": 27.2407,
        "rank_area": 729,
        "rank_exposure": 219,
        "past_slides": 0
      },
      "geometry": {
        "type": "Point",
        "coordinates": [
          88.51648,
          27.2407
        ]
      }
    },
    {
      "type": "Feature",
      "id": 730,
      "properties": {
        "area_ha": 1.35,
        "area_km2": 0.0135,
        "mean_index": 0.6599,
        "max_index": 0.697,
        "mean_slope_deg": 23.0,
        "max_slope_deg": 27.9,
        "min_dist_road_m": 0,
        "builtup_ha": 0.09,
        "cropland_ha": 0.0,
        "ntl_sum": 1.493,
        "exposure_score": 70.1,
        "lon": 88.51489,
        "lat": 27.24044,
        "rank_area": 730,
        "rank_exposure": 204,
        "past_slides": 0
      },
      "geometry": {
        "type": "Point",
        "coordinates": [
          88.51489,
          27.24044
        ]
      }
    },
    {
      "type": "Feature",
      "id": 731,
      "properties": {
        "area_ha": 1.35,
        "area_km2": 0.0135,
        "mean_index": 0.668,
        "max_index": 0.6901,
        "mean_slope_deg": 22.2,
        "max_slope_deg": 27.7,
        "min_dist_road_m": 0,
        "builtup_ha": 0.45,
        "cropland_ha": 0.0,
        "ntl_sum": 0.778,
        "exposure_score": 61.5,
        "lon": 88.41839,
        "lat": 27.23996,
        "rank_area": 731,
        "rank_exposure": 331,
        "past_slides": 0
      },
      "geometry": {
        "type": "Point",
        "coordinates": [
          88.41839,
          27.23996
        ]
      }
    },
    {
      "type": "Feature",
      "id": 732,
      "properties": {
        "area_ha": 1.35,
        "area_km2": 0.0135,
        "mean_index": 0.6705,
        "max_index": 0.7304,
        "mean_slope_deg": 33.5,
        "max_slope_deg": 37.4,
        "min_dist_road_m": 402,
        "builtup_ha": 0.0,
        "cropland_ha": 0.0,
        "ntl_sum": 1.151,
        "exposure_score": 43.2,
        "lon": 88.49406,
        "lat": 27.23864,
        "rank_area": 732,
        "rank_exposure": 623,
        "past_slides": 0
      },
      "geometry": {
        "type": "Point",
        "coordinates": [
          88.49406,
          27.23864
        ]
      }
    },
    {
      "type": "Feature",
      "id": 733,
      "properties": {
        "area_ha": 1.35,
        "area_km2": 0.0135,
        "mean_index": 0.6497,
        "max_index": 0.6646,
        "mean_slope_deg": 25.8,
        "max_slope_deg": 28.1,
        "min_dist_road_m": 0,
        "builtup_ha": 0.0,
        "cropland_ha": 0.0,
        "ntl_sum": 1.121,
        "exposure_score": 48.0,
        "lon": 88.45435,
        "lat": 27.23567,
        "rank_area": 733,
        "rank_exposure": 541,
        "past_slides": 0
      },
      "geometry": {
        "type": "Point",
        "coordinates": [
          88.45435,
          27.23567
        ]
      }
    },
    {
      "type": "Feature",
      "id": 734,
      "properties": {
        "area_ha": 1.35,
        "area_km2": 0.0135,
        "mean_index": 0.6686,
        "max_index": 0.7059,
        "mean_slope_deg": 23.9,
        "max_slope_deg": 27.0,
        "min_dist_road_m": 42,
        "builtup_ha": 0.0,
        "cropland_ha": 0.0,
        "ntl_sum": 0.799,
        "exposure_score": 48.4,
        "lon": 88.42153,
        "lat": 27.23533,
        "rank_area": 734,
        "rank_exposure": 534,
        "past_slides": 0
      },
      "geometry": {
        "type": "Point",
        "coordinates": [
          88.42153,
          27.23533
        ]
      }
    },
    {
      "type": "Feature",
      "id": 735,
      "properties": {
        "area_ha": 1.35,
        "area_km2": 0.0135,
        "mean_index": 0.6591,
        "max_index": 0.6785,
        "mean_slope_deg": 43.1,
        "max_slope_deg": 51.3,
        "min_dist_road_m": 953,
        "builtup_ha": 0.0,
        "cropland_ha": 0.0,
        "ntl_sum": 0.821,
        "exposure_score": 39.2,
        "lon": 88.51811,
        "lat": 27.22822,
        "rank_area": 735,
        "rank_exposure": 675,
        "past_slides": 0
      },
      "geometry": {
        "type": "Point",
        "coordinates": [
          88.51811,
          27.22822
        ]
      }
    },
    {
      "type": "Feature",
      "id": 736,
      "properties": {
        "area_ha": 1.35,
        "area_km2": 0.0135,
        "mean_index": 0.6679,
        "max_index": 0.7243,
        "mean_slope_deg": 38.3,
        "max_slope_deg": 43.6,
        "min_dist_road_m": 150,
        "builtup_ha": 0.0,
        "cropland_ha": 0.0,
        "ntl_sum": 1.14,
        "exposure_score": 52.9,
        "lon": 88.50387,
        "lat": 27.22675,
        "rank_area": 736,
        "rank_exposure": 454,
        "past_slides": 0
      },
      "geometry": {
        "type": "Point",
        "coordinates": [
          88.50387,
          27.22675
        ]
      }
    },
    {
      "type": "Feature",
      "id": 737,
      "properties": {
        "area_ha": 1.35,
        "area_km2": 0.0135,
        "mean_index": 0.672,
        "max_index": 0.7035,
        "mean_slope_deg": 32.0,
        "max_slope_deg": 39.5,
        "min_dist_road_m": 957,
        "builtup_ha": 0.0,
        "cropland_ha": 0.0,
        "ntl_sum": 0.837,
        "exposure_score": 37.7,
        "lon": 88.46378,
        "lat": 27.19983,
        "rank_area": 737,
        "rank_exposure": 694,
        "past_slides": 0
      },
      "geometry": {
        "type": "Point",
        "coordinates": [
          88.46378,
          27.19983
        ]
      }
    },
    {
      "type": "Feature",
      "id": 738,
      "properties": {
        "area_ha": 1.35,
        "area_km2": 0.0135,
        "mean_index": 0.6853,
        "max_index": 0.7135,
        "mean_slope_deg": 26.1,
        "max_slope_deg": 33.6,
        "min_dist_road_m": 499,
        "builtup_ha": 0.0,
        "cropland_ha": 0.0,
        "ntl_sum": 1.606,
        "exposure_score": 50.9,
        "lon": 88.64583,
        "lat": 27.18156,
        "rank_area": 738,
        "rank_exposure": 491,
        "past_slides": 0
      },
      "geometry": {
        "type": "Point",
        "coordinates": [
          88.64583,
          27.18156
        ]
      }
    },
    {
      "type": "Feature",
      "id": 739,
      "properties": {
        "area_ha": 1.35,
        "area_km2": 0.0135,
        "mean_index": 0.6751,
        "max_index": 0.7274,
        "mean_slope_deg": 25.5,
        "max_slope_deg": 28.4,
        "min_dist_road_m": 402,
        "builtup_ha": 0.0,
        "cropland_ha": 0.0,
        "ntl_sum": 4.145,
        "exposure_score": 59.5,
        "lon": 88.48974,
        "lat": 27.18222,
        "rank_area": 739,
        "rank_exposure": 361,
        "past_slides": 0
      },
      "geometry": {
        "type": "Point",
        "coordinates": [
          88.48974,
          27.18222
        ]
      }
    },
    {
      "type": "Feature",
      "id": 740,
      "properties": {
        "area_ha": 1.35,
        "area_km2": 0.0135,
        "mean_index": 0.6767,
        "max_index": 0.7161,
        "mean_slope_deg": 3.1,
        "max_slope_deg": 10.1,
        "min_dist_road_m": 201,
        "builtup_ha": 0.0,
        "cropland_ha": 0.0,
        "ntl_sum": 1.077,
        "exposure_score": 48.5,
        "lon": 88.3097,
        "lat": 27.17657,
        "rank_area": 740,
        "rank_exposure": 532,
        "past_slides": 0
      },
      "geometry": {
        "type": "Point",
        "coordinates": [
          88.3097,
          27.17657
        ]
      }
    },
    {
      "type": "Feature",
      "id": 741,
      "properties": {
        "area_ha": 1.35,
        "area_km2": 0.0135,
        "mean_index": 0.6714,
        "max_index": 0.7377,
        "mean_slope_deg": 23.2,
        "max_slope_deg": 27.1,
        "min_dist_road_m": 751,
        "builtup_ha": 0.0,
        "cropland_ha": 0.0,
        "ntl_sum": 1.003,
        "exposure_score": 41.9,
        "lon": 88.33286,
        "lat": 27.1731,
        "rank_area": 741,
        "rank_exposure": 643,
        "past_slides": 0
      },
      "geometry": {
        "type": "Point",
        "coordinates": [
          88.33286,
          27.1731
        ]
      }
    },
    {
      "type": "Feature",
      "id": 742,
      "properties": {
        "area_ha": 1.35,
        "area_km2": 0.0135,
        "mean_index": 0.689,
        "max_index": 0.7406,
        "mean_slope_deg": 31.0,
        "max_slope_deg": 42.3,
        "min_dist_road_m": 323,
        "builtup_ha": 0.0,
        "cropland_ha": 0.0,
        "ntl_sum": 1.437,
        "exposure_score": 53.5,
        "lon": 88.29079,
        "lat": 27.17038,
        "rank_area": 742,
        "rank_exposure": 448,
        "past_slides": 0
      },
      "geometry": {
        "type": "Point",
        "coordinates": [
          88.29079,
          27.17038
        ]
      }
    },
    {
      "type": "Feature",
      "id": 743,
      "properties": {
        "area_ha": 1.35,
        "area_km2": 0.0135,
        "mean_index": 0.6814,
        "max_index": 0.7231,
        "mean_slope_deg": 24.6,
        "max_slope_deg": 28.7,
        "min_dist_road_m": 984,
        "builtup_ha": 0.0,
        "cropland_ha": 0.0,
        "ntl_sum": 1.076,
        "exposure_score": 42.0,
        "lon": 88.28317,
        "lat": 27.16883,
        "rank_area": 743,
        "rank_exposure": 641,
        "past_slides": 0
      },
      "geometry": {
        "type": "Point",
        "coordinates": [
          88.28317,
          27.16883
        ]
      }
    },
    {
      "type": "Feature",
      "id": 744,
      "properties": {
        "area_ha": 1.26,
        "area_km2": 0.0126,
        "mean_index": 0.6675,
        "max_index": 0.7014,
        "mean_slope_deg": 29.4,
        "max_slope_deg": 38.1,
        "min_dist_road_m": 323,
        "builtup_ha": 0.0,
        "cropland_ha": 0.0,
        "ntl_sum": 0.288,
        "exposure_score": 36.3,
        "lon": 88.54819,
        "lat": 27.72139,
        "rank_area": 744,
        "rank_exposure": 725,
        "past_slides": 0
      },
      "geometry": {
        "type": "Point",
        "coordinates": [
          88.54819,
          27.72139
        ]
      }
    },
    {
      "type": "Feature",
      "id": 745,
      "properties": {
        "area_ha": 1.26,
        "area_km2": 0.0126,
        "mean_index": 0.6619,
        "max_index": 0.6726,
        "mean_slope_deg": 38.0,
        "max_slope_deg": 41.6,
        "min_dist_road_m": 1048,
        "builtup_ha": 0.0,
        "cropland_ha": 0.0,
        "ntl_sum": 0.54,
        "exposure_score": 36.6,
        "lon": 88.63351,
        "lat": 27.59951,
        "rank_area": 745,
        "rank_exposure": 721,
        "past_slides": 0
      },
      "geometry": {
        "type": "Point",
        "coordinates": [
          88.63351,
          27.59951
        ]
      }
    },
    {
      "type": "Feature",
      "id": 746,
      "properties": {
        "area_ha": 1.26,
        "area_km2": 0.0126,
        "mean_index": 0.6597,
        "max_index": 0.6923,
        "mean_slope_deg": 34.0,
        "max_slope_deg": 41.5,
        "min_dist_road_m": 990,
        "builtup_ha": 0.0,
        "cropland_ha": 0.0,
        "ntl_sum": 0.644,
        "exposure_score": 39.8,
        "lon": 88.63906,
        "lat": 27.57427,
        "rank_area": 746,
        "rank_exposure": 669,
        "past_slides": 0
      },
      "geometry": {
        "type": "Point",
        "coordinates": [
          88.63906,
          27.57427
        ]
      }
    },
    {
      "type": "Feature",
      "id": 747,
      "properties": {
        "area_ha": 1.26,
        "area_km2": 0.0126,
        "mean_index": 0.6529,
        "max_index": 0.668,
        "mean_slope_deg": 25.8,
        "max_slope_deg": 33.3,
        "min_dist_road_m": 0,
        "builtup_ha": 0.0,
        "cropland_ha": 0.0,
        "ntl_sum": 0.275,
        "exposure_score": 38.5,
        "lon": 88.47283,
        "lat": 27.53294,
        "rank_area": 747,
        "rank_exposure": 679,
        "past_slides": 0
      },
      "geometry": {
        "type": "Point",
        "coordinates": [
          88.47283,
          27.53294
        ]
      }
    },
    {
      "type": "Feature",
      "id": 748,
      "properties": {
        "area_ha": 1.26,
        "area_km2": 0.0126,
        "mean_index": 0.6556,
        "max_index": 0.6731,
        "mean_slope_deg": 27.5,
        "max_slope_deg": 33.5,
        "min_dist_road_m": 335,
        "builtup_ha": 0.0,
        "cropland_ha": 0.0,
        "ntl_sum": 0.437,
        "exposure_score": 42.0,
        "lon": 88.53233,
        "lat": 27.38621,
        "rank_area": 748,
        "rank_exposure": 642,
        "past_slides": 0
      },
      "geometry": {
        "type": "Point",
        "coordinates": [
          88.53233,
          27.38621
        ]
      }
    },
    {
      "type": "Feature",
      "id": 749,
      "properties": {
        "area_ha": 1.26,
        "area_km2": 0.0126,
        "mean_index": 0.6653,
        "max_index": 0.7006,
        "mean_slope_deg": 27.5,
        "max_slope_deg": 31.2,
        "min_dist_road_m": 365,
        "builtup_ha": 0.0,
        "cropland_ha": 0.0,
        "ntl_sum": 0.651,
        "exposure_score": 44.4,
        "lon": 88.61234,
        "lat": 27.37393,
        "rank_area": 749,
        "rank_exposure": 598,
        "past_slides": 0
      },
      "geometry": {
        "type": "Point",
        "coordinates": [
          88.61234,
          27.37393
        ]
      }
    },
    {
      "type": "Feature",
      "id": 750,
      "properties": {
        "area_ha": 1.26,
        "area_km2": 0.0126,
        "mean_index": 0.6696,
        "max_index": 0.7259,
        "mean_slope_deg": 34.4,
        "max_slope_deg": 43.9,
        "min_dist_road_m": 3221,
        "builtup_ha": 0.0,
        "cropland_ha": 0.0,
        "ntl_sum": 0.255,
        "exposure_score": 14.5,
        "lon": 88.30664,
        "lat": 27.37212,
        "rank_area": 750,
        "rank_exposure": 898,
        "past_slides": 0
      },
      "geometry": {
        "type": "Point",
        "coordinates": [
          88.30664,
          27.37212
        ]
      }
    },
    {
      "type": "Feature",
      "id": 751,
      "properties": {
        "area_ha": 1.26,
        "area_km2": 0.0126,
        "mean_index": 0.6738,
        "max_index": 0.7171,
        "mean_slope_deg": 27.3,
        "max_slope_deg": 39.7,
        "min_dist_road_m": 108,
        "builtup_ha": 0.0,
        "cropland_ha": 0.0,
        "ntl_sum": 0.688,
        "exposure_score": 47.0,
        "lon": 88.62926,
        "lat": 27.36697,
        "rank_area": 751,
        "rank_exposure": 560,
        "past_slides": 0
      },
      "geometry": {
        "type": "Point",
        "coordinates": [
          88.62926,
          27.36697
        ]
      }
    },
    {
      "type": "Feature",
      "id": 752,
      "properties": {
        "area_ha": 1.26,
        "area_km2": 0.0126,
        "mean_index": 0.6752,
        "max_index": 0.6994,
        "mean_slope_deg": 23.0,
        "max_slope_deg": 25.9,
        "min_dist_road_m": 1616,
        "builtup_ha": 0.0,
        "cropland_ha": 0.0,
        "ntl_sum": 0.324,
        "exposure_score": 21.9,
        "lon": 88.55228,
        "lat": 27.34659,
        "rank_area": 752,
        "rank_exposure": 861,
        "past_slides": 0
      },
      "geometry": {
        "type": "Point",
        "coordinates": [
          88.55228,
          27.34659
        ]
      }
    },
    {
      "type": "Feature",
      "id": 753,
      "properties": {
        "area_ha": 1.26,
        "area_km2": 0.0126,
        "mean_index": 0.689,
        "max_index": 0.7234,
        "mean_slope_deg": 38.1,
        "max_slope_deg": 51.0,
        "min_dist_road_m": 1082,
        "builtup_ha": 0.0,
        "cropland_ha": 0.0,
        "ntl_sum": 0.293,
        "exposure_score": 27.1,
        "lon": 88.17931,
        "lat": 27.34739,
        "rank_area": 753,
        "rank_exposure": 826,
        "past_slides": 0
      },
      "geometry": {
        "type": "Point",
        "coordinates": [
          88.17931,
          27.34739
        ]
      }
    },
    {
      "type": "Feature",
      "id": 754,
      "properties": {
        "area_ha": 1.26,
        "area_km2": 0.0126,
        "mean_index": 0.6636,
        "max_index": 0.7112,
        "mean_slope_deg": 34.3,
        "max_slope_deg": 42.8,
        "min_dist_road_m": 1655,
        "builtup_ha": 0.0,
        "cropland_ha": 0.18,
        "ntl_sum": 0.675,
        "exposure_score": 31.9,
        "lon": 88.24542,
        "lat": 27.34465,
        "rank_area": 754,
        "rank_exposure": 780,
        "past_slides": 1
      },
      "geometry": {
        "type": "Point",
        "coordinates": [
          88.24542,
          27.34465
        ]
      }
    },
    {
      "type": "Feature",
      "id": 755,
      "properties": {
        "area_ha": 1.26,
        "area_km2": 0.0126,
        "mean_index": 0.6591,
        "max_index": 0.6794,
        "mean_slope_deg": 35.6,
        "max_slope_deg": 43.2,
        "min_dist_road_m": 424,
        "builtup_ha": 0.0,
        "cropland_ha": 0.0,
        "ntl_sum": 0.615,
        "exposure_score": 50.5,
        "lon": 88.56324,
        "lat": 27.3378,
        "rank_area": 755,
        "rank_exposure": 495,
        "past_slides": 0
      },
      "geometry": {
        "type": "Point",
        "coordinates": [
          88.56324,
          27.3378
        ]
      }
    },
    {
      "type": "Feature",
      "id": 756,
      "properties": {
        "area_ha": 1.26,
        "area_km2": 0.0126,
        "mean_index": 0.672,
        "max_index": 0.7062,
        "mean_slope_deg": 27.5,
        "max_slope_deg": 36.0,
        "min_dist_road_m": 234,
        "builtup_ha": 0.0,
        "cropland_ha": 0.0,
        "ntl_sum": 0.426,
        "exposure_score": 47.5,
        "lon": 88.28957,
        "lat": 27.33721,
        "rank_area": 756,
        "rank_exposure": 549,
        "past_slides": 0
      },
      "geometry": {
        "type": "Point",
        "coordinates": [
          88.28957,
          27.33721
        ]
      }
    },
    {
      "type": "Feature",
      "id": 757,
      "properties": {
        "area_ha": 1.26,
        "area_km2": 0.0126,
        "mean_index": 0.6748,
        "max_index": 0.7161,
        "mean_slope_deg": 26.0,
        "max_slope_deg": 44.9,
        "min_dist_road_m": 301,
        "builtup_ha": 0.0,
        "cropland_ha": 0.0,
        "ntl_sum": 0.377,
        "exposure_score": 42.9,
        "lon": 88.42394,
        "lat": 27.31722,
        "rank_area": 757,
        "rank_exposure": 628,
        "past_slides": 0
      },
      "geometry": {
        "type": "Point",
        "coordinates": [
          88.42394,
          27.31722
        ]
      }
    },
    {
      "type": "Feature",
      "id": 758,
      "properties": {
        "area_ha": 1.26,
        "area_km2": 0.0126,
        "mean_index": 0.6886,
        "max_index": 0.7496,
        "mean_slope_deg": 25.3,
        "max_slope_deg": 28.8,
        "min_dist_road_m": 201,
        "builtup_ha": 0.0,
        "cropland_ha": 0.0,
        "ntl_sum": 0.539,
        "exposure_score": 49.4,
        "lon": 88.24329,
        "lat": 27.31475,
        "rank_area": 758,
        "rank_exposure": 512,
        "past_slides": 0
      },
      "geometry": {
        "type": "Point",
        "coordinates": [
          88.24329,
          27.31475
        ]
      }
    },
    {
      "type": "Feature",
      "id": 759,
      "properties": {
        "area_ha": 1.26,
        "area_km2": 0.0126,
        "mean_index": 0.6655,
        "max_index": 0.687,
        "mean_slope_deg": 47.3,
        "max_slope_deg": 64.1,
        "min_dist_road_m": 1090,
        "builtup_ha": 0.0,
        "cropland_ha": 0.0,
        "ntl_sum": 0.442,
        "exposure_score": 36.7,
        "lon": 88.32236,
        "lat": 27.31307,
        "rank_area": 759,
        "rank_exposure": 717,
        "past_slides": 0
      },
      "geometry": {
        "type": "Point",
        "coordinates": [
          88.32236,
          27.31307
        ]
      }
    },
    {
      "type": "Feature",
      "id": 760,
      "properties": {
        "area_ha": 1.26,
        "area_km2": 0.0126,
        "mean_index": 0.6993,
        "max_index": 0.7492,
        "mean_slope_deg": 26.4,
        "max_slope_deg": 31.5,
        "min_dist_road_m": 886,
        "builtup_ha": 0.0,
        "cropland_ha": 0.0,
        "ntl_sum": 0.477,
        "exposure_score": 41.6,
        "lon": 88.22162,
        "lat": 27.31088,
        "rank_area": 760,
        "rank_exposure": 648,
        "past_slides": 0
      },
      "geometry": {
        "type": "Point",
        "coordinates": [
          88.22162,
          27.31088
        ]
      }
    },
    {
      "type": "Feature",
      "id": 761,
      "properties": {
        "area_ha": 1.26,
        "area_km2": 0.0126,
        "mean_index": 0.6881,
        "max_index": 0.7166,
        "mean_slope_deg": 34.3,
        "max_slope_deg": 43.8,
        "min_dist_road_m": 1771,
        "builtup_ha": 0.0,
        "cropland_ha": 0.0,
        "ntl_sum": 0.308,
        "exposure_score": 28.2,
        "lon": 88.54002,
        "lat": 27.3038,
        "rank_area": 761,
        "rank_exposure": 820,
        "past_slides": 0
      },
      "geometry": {
        "type": "Point",
        "coordinates": [
          88.54002,
          27.3038
        ]
      }
    },
    {
      "type": "Feature",
      "id": 762,
      "properties": {
        "area_ha": 1.26,
        "area_km2": 0.0126,
        "mean_index": 0.6554,
        "max_index": 0.6779,
        "mean_slope_deg": 29.1,
        "max_slope_deg": 32.2,
        "min_dist_road_m": 1655,
        "builtup_ha": 0.0,
        "cropland_ha": 0.0,
        "ntl_sum": 0.539,
        "exposure_score": 26.1,
        "lon": 88.33964,
        "lat": 27.29937,
        "rank_area": 762,
        "rank_exposure": 837,
        "past_slides": 0
      },
      "geometry": {
        "type": "Point",
        "coordinates": [
          88.33964,
          27.29937
        ]
      }
    },
    {
      "type": "Feature",
      "id": 763,
      "properties": {
        "area_ha": 1.26,
        "area_km2": 0.0126,
        "mean_index": 0.6884,
        "max_index": 0.7455,
        "mean_slope_deg": 22.4,
        "max_slope_deg": 25.0,
        "min_dist_road_m": 969,
        "builtup_ha": 0.0,
        "cropland_ha": 0.0,
        "ntl_sum": 0.952,
        "exposure_score": 34.5,
        "lon": 88.58034,
        "lat": 27.28805,
        "rank_area": 763,
        "rank_exposure": 756,
        "past_slides": 0
      },
      "geometry": {
        "type": "Point",
        "coordinates": [
          88.58034,
          27.28805
        ]
      }
    },
    {
      "type": "Feature",
      "id": 764,
      "properties": {
        "area_ha": 1.26,
        "area_km2": 0.0126,
        "mean_index": 0.6634,
        "max_index": 0.6922,
        "mean_slope_deg": 40.5,
        "max_slope_deg": 44.6,
        "min_dist_road_m": 1620,
        "builtup_ha": 0.0,
        "cropland_ha": 0.0,
        "ntl_sum": 0.257,
        "exposure_score": 12.6,
        "lon": 88.13195,
        "lat": 27.28306,
        "rank_area": 764,
        "rank_exposure": 904,
        "past_slides": 0
      },
      "geometry": {
        "type": "Point",
        "coordinates": [
          88.13195,
          27.28306
        ]
      }
    },
    {
      "type": "Feature",
      "id": 765,
      "properties": {
        "area_ha": 1.26,
        "area_km2": 0.0126,
        "mean_index": 0.676,
        "max_index": 0.735,
        "mean_slope_deg": 3.3,
        "max_slope_deg": 6.9,
        "min_dist_road_m": 339,
        "builtup_ha": 0.27,
        "cropland_ha": 0.09,
        "ntl_sum": 0.99,
        "exposure_score": 61.5,
        "lon": 88.534,
        "lat": 27.27408,
        "rank_area": 765,
        "rank_exposure": 332,
        "past_slides": 0
      },
      "geometry": {
        "type": "Point",
        "coordinates": [
          88.534,
          27.27408
        ]
      }
    },
    {
      "type": "Feature",
      "id": 766,
      "properties": {
        "area_ha": 1.26,
        "area_km2": 0.0126,
        "mean_index": 0.6732,
        "max_index": 0.7324,
        "mean_slope_deg": 44.2,
        "max_slope_deg": 54.9,
        "min_dist_road_m": 1353,
        "builtup_ha": 0.0,
        "cropland_ha": 0.0,
        "ntl_sum": 0.484,
        "exposure_score": 18.2,
        "lon": 88.41341,
        "lat": 27.26967,
        "rank_area": 766,
        "rank_exposure": 886,
        "past_slides": 0
      },
      "geometry": {
        "type": "Point",
        "coordinates": [
          88.41341,
          27.26967
        ]
      }
    },
    {
      "type": "Feature",
      "id": 767,
      "properties": {
        "area_ha": 1.26,
        "area_km2": 0.0126,
        "mean_index": 0.6702,
        "max_index": 0.7018,
        "mean_slope_deg": 31.6,
        "max_slope_deg": 37.8,
        "min_dist_road_m": 331,
        "builtup_ha": 0.0,
        "cropland_ha": 0.0,
        "ntl_sum": 0.752,
        "exposure_score": 37.0,
        "lon": 88.24468,
        "lat": 27.25109,
        "rank_area": 767,
        "rank_exposure": 711,
        "past_slides": 0
      },
      "geometry": {
        "type": "Point",
        "coordinates": [
          88.24468,
          27.25109
        ]
      }
    },
    {
      "type": "Feature",
      "id": 768,
      "properties": {
        "area_ha": 1.26,
        "area_km2": 0.0126,
        "mean_index": 0.6666,
        "max_index": 0.6863,
        "mean_slope_deg": 27.7,
        "max_slope_deg": 34.6,
        "min_dist_road_m": 924,
        "builtup_ha": 0.0,
        "cropland_ha": 0.0,
        "ntl_sum": 0.631,
        "exposure_score": 26.8,
        "lon": 88.7064,
        "lat": 27.24244,
        "rank_area": 768,
        "rank_exposure": 829,
        "past_slides": 0
      },
      "geometry": {
        "type": "Point",
        "coordinates": [
          88.7064,
          27.24244
        ]
      }
    },
    {
      "type": "Feature",
      "id": 769,
      "properties": {
        "area_ha": 1.26,
        "area_km2": 0.0126,
        "mean_index": 0.6756,
        "max_index": 0.7402,
        "mean_slope_deg": 34.7,
        "max_slope_deg": 46.8,
        "min_dist_road_m": 845,
        "builtup_ha": 0.0,
        "cropland_ha": 0.0,
        "ntl_sum": 0.567,
        "exposure_score": 25.9,
        "lon": 88.24935,
        "lat": 27.24658,
        "rank_area": 769,
        "rank_exposure": 840,
        "past_slides": 0
      },
      "geometry": {
        "type": "Point",
        "coordinates": [
          88.24935,
          27.24658
        ]
      }
    },
    {
      "type": "Feature",
      "id": 770,
      "properties": {
        "area_ha": 1.26,
        "area_km2": 0.0126,
        "mean_index": 0.6792,
        "max_index": 0.7336,
        "mean_slope_deg": 44.4,
        "max_slope_deg": 49.5,
        "min_dist_road_m": 741,
        "builtup_ha": 0.0,
        "cropland_ha": 0.0,
        "ntl_sum": 0.293,
        "exposure_score": 19.1,
        "lon": 88.74962,
        "lat": 27.2392,
        "rank_area": 770,
        "rank_exposure": 875,
        "past_slides": 0
      },
      "geometry": {
        "type": "Point",
        "coordinates": [
          88.74962,
          27.2392
        ]
      }
    },
    {
      "type": "Feature",
      "id": 771,
      "properties": {
        "area_ha": 1.26,
        "area_km2": 0.0126,
        "mean_index": 0.6754,
        "max_index": 0.7193,
        "mean_slope_deg": 34.3,
        "max_slope_deg": 40.4,
        "min_dist_road_m": 335,
        "builtup_ha": 0.0,
        "cropland_ha": 0.0,
        "ntl_sum": 1.08,
        "exposure_score": 42.2,
        "lon": 88.49736,
        "lat": 27.2363,
        "rank_area": 771,
        "rank_exposure": 639,
        "past_slides": 0
      },
      "geometry": {
        "type": "Point",
        "coordinates": [
          88.49736,
          27.2363
        ]
      }
    },
    {
      "type": "Feature",
      "id": 772,
      "properties": {
        "area_ha": 1.26,
        "area_km2": 0.0126,
        "mean_index": 0.6661,
        "max_index": 0.6967,
        "mean_slope_deg": 42.7,
        "max_slope_deg": 50.4,
        "min_dist_road_m": 966,
        "builtup_ha": 0.0,
        "cropland_ha": 0.0,
        "ntl_sum": 1.113,
        "exposure_score": 40.0,
        "lon": 88.52983,
        "lat": 27.23541,
        "rank_area": 772,
        "rank_exposure": 666,
        "past_slides": 0
      },
      "geometry": {
        "type": "Point",
        "coordinates": [
          88.52983,
          27.23541
        ]
      }
    },
    {
      "type": "Feature",
      "id": 773,
      "properties": {
        "area_ha": 1.26,
        "area_km2": 0.0126,
        "mean_index": 0.668,
        "max_index": 0.6973,
        "mean_slope_deg": 36.4,
        "max_slope_deg": 44.9,
        "min_dist_road_m": 940,
        "builtup_ha": 0.0,
        "cropland_ha": 0.0,
        "ntl_sum": 0.785,
        "exposure_score": 37.6,
        "lon": 88.51595,
        "lat": 27.22825,
        "rank_area": 773,
        "rank_exposure": 696,
        "past_slides": 0
      },
      "geometry": {
        "type": "Point",
        "coordinates": [
          88.51595,
          27.22825
        ]
      }
    },
    {
      "type": "Feature",
      "id": 774,
      "properties": {
        "area_ha": 1.26,
        "area_km2": 0.0126,
        "mean_index": 0.685,
        "max_index": 0.7563,
        "mean_slope_deg": 20.1,
        "max_slope_deg": 24.5,
        "min_dist_road_m": 2530,
        "builtup_ha": 0.0,
        "cropland_ha": 0.0,
        "ntl_sum": 0.33,
        "exposure_score": 13.7,
        "lon": 88.20648,
        "lat": 27.23044,
        "rank_area": 774,
        "rank_exposure": 900,
        "past_slides": 0
      },
      "geometry": {
        "type": "Point",
        "coordinates": [
          88.20648,
          27.23044
        ]
      }
    },
    {
      "type": "Feature",
      "id": 775,
      "properties": {
        "area_ha": 1.26,
        "area_km2": 0.0126,
        "mean_index": 0.6577,
        "max_index": 0.6868,
        "mean_slope_deg": 35.1,
        "max_slope_deg": 47.5,
        "min_dist_road_m": 309,
        "builtup_ha": 0.0,
        "cropland_ha": 0.0,
        "ntl_sum": 0.467,
        "exposure_score": 37.4,
        "lon": 88.68232,
        "lat": 27.21944,
        "rank_area": 775,
        "rank_exposure": 699,
        "past_slides": 0
      },
      "geometry": {
        "type": "Point",
        "coordinates": [
          88.68232,
          27.21944
        ]
      }
    },
    {
      "type": "Feature",
      "id": 776,
      "properties": {
        "area_ha": 1.26,
        "area_km2": 0.0126,
        "mean_index": 0.6647,
        "max_index": 0.6888,
        "mean_slope_deg": 26.9,
        "max_slope_deg": 31.7,
        "min_dist_road_m": 824,
        "builtup_ha": 0.0,
        "cropland_ha": 0.0,
        "ntl_sum": 0.645,
        "exposure_score": 37.6,
        "lon": 88.45464,
        "lat": 27.21915,
        "rank_area": 776,
        "rank_exposure": 697,
        "past_slides": 0
      },
      "geometry": {
        "type": "Point",
        "coordinates": [
          88.45464,
          27.21915
        ]
      }
    },
    {
      "type": "Feature",
      "id": 777,
      "properties": {
        "area_ha": 1.26,
        "area_km2": 0.0126,
        "mean_index": 0.6749,
        "max_index": 0.7034,
        "mean_slope_deg": 34.8,
        "max_slope_deg": 46.2,
        "min_dist_road_m": 551,
        "builtup_ha": 0.0,
        "cropland_ha": 0.0,
        "ntl_sum": 0.567,
        "exposure_score": 38.3,
        "lon": 88.69692,
        "lat": 27.21629,
        "rank_area": 777,
        "rank_exposure": 684,
        "past_slides": 0
      },
      "geometry": {
        "type": "Point",
        "coordinates": [
          88.69692,
          27.21629
        ]
      }
    },
    {
      "type": "Feature",
      "id": 778,
      "properties": {
        "area_ha": 1.26,
        "area_km2": 0.0126,
        "mean_index": 0.6613,
        "max_index": 0.6833,
        "mean_slope_deg": 48.1,
        "max_slope_deg": 61.9,
        "min_dist_road_m": 182,
        "builtup_ha": 0.0,
        "cropland_ha": 0.0,
        "ntl_sum": 1.959,
        "exposure_score": 60.6,
        "lon": 88.67183,
        "lat": 27.20955,
        "rank_area": 778,
        "rank_exposure": 349,
        "past_slides": 0
      },
      "geometry": {
        "type": "Point",
        "coordinates": [
          88.67183,
          27.20955
        ]
      }
    },
    {
      "type": "Feature",
      "id": 779,
      "properties": {
        "area_ha": 1.26,
        "area_km2": 0.0126,
        "mean_index": 0.6778,
        "max_index": 0.7105,
        "mean_slope_deg": 23.6,
        "max_slope_deg": 27.4,
        "min_dist_road_m": 426,
        "builtup_ha": 0.0,
        "cropland_ha": 0.0,
        "ntl_sum": 1.085,
        "exposure_score": 49.5,
        "lon": 88.47606,
        "lat": 27.21053,
        "rank_area": 779,
        "rank_exposure": 510,
        "past_slides": 0
      },
      "geometry": {
        "type": "Point",
        "coordinates": [
          88.47606,
          27.21053
        ]
      }
    },
    {
      "type": "Feature",
      "id": 780,
      "properties": {
        "area_ha": 1.26,
        "area_km2": 0.0126,
        "mean_index": 0.6831,
        "max_index": 0.7212,
        "mean_slope_deg": 30.0,
        "max_slope_deg": 36.8,
        "min_dist_road_m": 1074,
        "builtup_ha": 0.0,
        "cropland_ha": 0.0,
        "ntl_sum": 0.294,
        "exposure_score": 24.8,
        "lon": 88.4144,
        "lat": 27.20426,
        "rank_area": 780,
        "rank_exposure": 848,
        "past_slides": 0
      },
      "geometry": {
        "type": "Point",
        "coordinates": [
          88.4144,
          27.20426
        ]
      }
    },
    {
      "type": "Feature",
      "id": 781,
      "properties": {
        "area_ha": 1.26,
        "area_km2": 0.0126,
        "mean_index": 0.6871,
        "max_index": 0.7323,
        "mean_slope_deg": 26.5,
        "max_slope_deg": 34.3,
        "min_dist_road_m": 0,
        "builtup_ha": 0.0,
        "cropland_ha": 0.0,
        "ntl_sum": 5.946,
        "exposure_score": 65.2,
        "lon": 88.47936,
        "lat": 27.19533,
        "rank_area": 781,
        "rank_exposure": 277,
        "past_slides": 0
      },
      "geometry": {
        "type": "Point",
        "coordinates": [
          88.47936,
          27.19533
        ]
      }
    },
    {
      "type": "Feature",
      "id": 782,
      "properties": {
        "area_ha": 1.26,
        "area_km2": 0.0126,
        "mean_index": 0.6606,
        "max_index": 0.6868,
        "mean_slope_deg": 34.4,
        "max_slope_deg": 40.6,
        "min_dist_road_m": 1376,
        "builtup_ha": 0.0,
        "cropland_ha": 0.0,
        "ntl_sum": 0.347,
        "exposure_score": 19.1,
        "lon": 88.71177,
        "lat": 27.19025,
        "rank_area": 782,
        "rank_exposure": 876,
        "past_slides": 0
      },
      "geometry": {
        "type": "Point",
        "coordinates": [
          88.71177,
          27.19025
        ]
      }
    },
    {
      "type": "Feature",
      "id": 783,
      "properties": {
        "area_ha": 1.26,
        "area_km2": 0.0126,
        "mean_index": 0.6569,
        "max_index": 0.6835,
        "mean_slope_deg": 22.1,
        "max_slope_deg": 28.8,
        "min_dist_road_m": 134,
        "builtup_ha": 0.0,
        "cropland_ha": 0.0,
        "ntl_sum": 0.525,
        "exposure_score": 38.2,
        "lon": 88.44678,
        "lat": 27.16114,
        "rank_area": 783,
        "rank_exposure": 685,
        "past_slides": 0
      },
      "geometry": {
        "type": "Point",
        "coordinates": [
          88.44678,
          27.16114
        ]
      }
    },
    {
      "type": "Feature",
      "id": 784,
      "properties": {
        "area_ha": 1.26,
        "area_km2": 0.0126,
        "mean_index": 0.6557,
        "max_index": 0.6724,
        "mean_slope_deg": 32.0,
        "max_slope_deg": 37.5,
        "min_dist_road_m": 1506,
        "builtup_ha": 0.0,
        "cropland_ha": 0.0,
        "ntl_sum": 0.696,
        "exposure_score": 28.5,
        "lon": 88.26775,
        "lat": 27.15895,
        "rank_area": 784,
        "rank_exposure": 816,
        "past_slides": 0
      },
      "geometry": {
        "type": "Point",
        "coordinates": [
          88.26775,
          27.15895
        ]
      }
    },
    {
      "type": "Feature",
      "id": 785,
      "properties": {
        "area_ha": 1.26,
        "area_km2": 0.0126,
        "mean_index": 0.6542,
        "max_index": 0.6765,
        "mean_slope_deg": 32.3,
        "max_slope_deg": 37.5,
        "min_dist_road_m": 1302,
        "builtup_ha": 0.0,
        "cropland_ha": 0.0,
        "ntl_sum": 0.616,
        "exposure_score": 28.3,
        "lon": 88.49138,
        "lat": 27.1405,
        "rank_area": 785,
        "rank_exposure": 819,
        "past_slides": 0
      },
      "geometry": {
        "type": "Point",
        "coordinates": [
          88.49138,
          27.1405
        ]
      }
    },
    {
      "type": "Feature",
      "id": 786,
      "properties": {
        "area_ha": 1.26,
        "area_km2": 0.0126,
        "mean_index": 0.6705,
        "max_index": 0.6993,
        "mean_slope_deg": 23.0,
        "max_slope_deg": 30.0,
        "min_dist_road_m": 2034,
        "builtup_ha": 0.0,
        "cropland_ha": 0.0,
        "ntl_sum": 0.681,
        "exposure_score": 22.8,
        "lon": 88.47145,
        "lat": 27.13245,
        "rank_area": 786,
        "rank_exposure": 856,
        "past_slides": 0
      },
      "geometry": {
        "type": "Point",
        "coordinates": [
          88.47145,
          27.13245
        ]
      }
    },
    {
      "type": "Feature",
      "id": 787,
      "properties": {
        "area_ha": 1.26,
        "area_km2": 0.0126,
        "mean_index": 0.6596,
        "max_index": 0.6851,
        "mean_slope_deg": 25.7,
        "max_slope_deg": 29.0,
        "min_dist_road_m": 2136,
        "builtup_ha": 0.0,
        "cropland_ha": 0.0,
        "ntl_sum": 0.535,
        "exposure_score": 18.5,
        "lon": 88.47371,
        "lat": 27.13121,
        "rank_area": 787,
        "rank_exposure": 882,
        "past_slides": 0
      },
      "geometry": {
        "type": "Point",
        "coordinates": [
          88.47371,
          27.13121
        ]
      }
    },
    {
      "type": "Feature",
      "id": 788,
      "properties": {
        "area_ha": 1.26,
        "area_km2": 0.0126,
        "mean_index": 0.6672,
        "max_index": 0.7006,
        "mean_slope_deg": 26.1,
        "max_slope_deg": 33.0,
        "min_dist_road_m": 360,
        "builtup_ha": 0.0,
        "cropland_ha": 0.09,
        "ntl_sum": 0.972,
        "exposure_score": 46.0,
        "lon": 88.33401,
        "lat": 27.1234,
        "rank_area": 788,
        "rank_exposure": 574,
        "past_slides": 0
      },
      "geometry": {
        "type": "Point",
        "coordinates": [
          88.33401,
          27.1234
        ]
      }
    },
    {
      "type": "Feature",
      "id": 789,
      "properties": {
        "area_ha": 1.17,
        "area_km2": 0.0117,
        "mean_index": 0.6557,
        "max_index": 0.6645,
        "mean_slope_deg": 33.7,
        "max_slope_deg": 39.1,
        "min_dist_road_m": 0,
        "builtup_ha": 0.0,
        "cropland_ha": 0.0,
        "ntl_sum": 0.203,
        "exposure_score": 37.4,
        "lon": 88.56476,
        "lat": 27.70171,
        "rank_area": 789,
        "rank_exposure": 700,
        "past_slides": 2
      },
      "geometry": {
        "type": "Point",
        "coordinates": [
          88.56476,
          27.70171
        ]
      }
    },
    {
      "type": "Feature",
      "id": 790,
      "properties": {
        "area_ha": 1.17,
        "area_km2": 0.0117,
        "mean_index": 0.6493,
        "max_index": 0.6623,
        "mean_slope_deg": 25.0,
        "max_slope_deg": 29.7,
        "min_dist_road_m": 0,
        "builtup_ha": 0.0,
        "cropland_ha": 0.0,
        "ntl_sum": 0.263,
        "exposure_score": 37.4,
        "lon": 88.47014,
        "lat": 27.53351,
        "rank_area": 790,
        "rank_exposure": 701,
        "past_slides": 0
      },
      "geometry": {
        "type": "Point",
        "coordinates": [
          88.47014,
          27.53351
        ]
      }
    },
    {
      "type": "Feature",
      "id": 791,
      "properties": {
        "area_ha": 1.17,
        "area_km2": 0.0117,
        "mean_index": 0.6783,
        "max_index": 0.7075,
        "mean_slope_deg": 25.4,
        "max_slope_deg": 30.2,
        "min_dist_road_m": 0,
        "builtup_ha": 0.09,
        "cropland_ha": 0.09,
        "ntl_sum": 0.724,
        "exposure_score": 57.3,
        "lon": 88.53803,
        "lat": 27.50407,
        "rank_area": 791,
        "rank_exposure": 396,
        "past_slides": 0
      },
      "geometry": {
        "type": "Point",
        "coordinates": [
          88.53803,
          27.50407
        ]
      }
    },
    {
      "type": "Feature",
      "id": 792,
      "properties": {
        "area_ha": 1.17,
        "area_km2": 0.0117,
        "mean_index": 0.6773,
        "max_index": 0.7164,
        "mean_slope_deg": 25.0,
        "max_slope_deg": 28.3,
        "min_dist_road_m": 2012,
        "builtup_ha": 0.0,
        "cropland_ha": 0.0,
        "ntl_sum": 0.326,
        "exposure_score": 21.4,
        "lon": 88.49295,
        "lat": 27.4087,
        "rank_area": 792,
        "rank_exposure": 864,
        "past_slides": 0
      },
      "geometry": {
        "type": "Point",
        "coordinates": [
          88.49295,
          27.4087
        ]
      }
    },
    {
      "type": "Feature",
      "id": 793,
      "properties": {
        "area_ha": 1.17,
        "area_km2": 0.0117,
        "mean_index": 0.6786,
        "max_index": 0.7088,
        "mean_slope_deg": 27.1,
        "max_slope_deg": 38.4,
        "min_dist_road_m": 5253,
        "builtup_ha": 0.0,
        "cropland_ha": 0.0,
        "ntl_sum": 0.288,
        "exposure_score": 18.8,
        "lon": 88.30259,
        "lat": 27.39504,
        "rank_area": 793,
        "rank_exposure": 878,
        "past_slides": 0
      },
      "geometry": {
        "type": "Point",
        "coordinates": [
          88.30259,
          27.39504
        ]
      }
    },
    {
      "type": "Feature",
      "id": 794,
      "properties": {
        "area_ha": 1.17,
        "area_km2": 0.0117,
        "mean_index": 0.6701,
        "max_index": 0.7057,
        "mean_slope_deg": 20.1,
        "max_slope_deg": 40.9,
        "min_dist_road_m": 3564,
        "builtup_ha": 0.0,
        "cropland_ha": 0.0,
        "ntl_sum": 0.264,
        "exposure_score": 18.7,
        "lon": 88.31987,
        "lat": 27.38892,
        "rank_area": 794,
        "rank_exposure": 879,
        "past_slides": 0
      },
      "geometry": {
        "type": "Point",
        "coordinates": [
          88.31987,
          27.38892
        ]
      }
    },
    {
      "type": "Feature",
      "id": 795,
      "properties": {
        "area_ha": 1.17,
        "area_km2": 0.0117,
        "mean_index": 0.6901,
        "max_index": 0.7297,
        "mean_slope_deg": 29.2,
        "max_slope_deg": 36.9,
        "min_dist_road_m": 300,
        "builtup_ha": 0.0,
        "cropland_ha": 0.0,
        "ntl_sum": 0.542,
        "exposure_score": 40.8,
        "lon": 88.62929,
        "lat": 27.37252,
        "rank_area": 795,
        "rank_exposure": 657,
        "past_slides": 0
      },
      "geometry": {
        "type": "Point",
        "coordinates": [
          88.62929,
          27.37252
        ]
      }
    },
    {
      "type": "Feature",
      "id": 796,
      "properties": {
        "area_ha": 1.17,
        "area_km2": 0.0117,
        "mean_index": 0.6789,
        "max_index": 0.7194,
        "mean_slope_deg": 26.9,
        "max_slope_deg": 33.9,
        "min_dist_road_m": 150,
        "builtup_ha": 0.0,
        "cropland_ha": 0.0,
        "ntl_sum": 0.532,
        "exposure_score": 41.8,
        "lon": 88.58756,
        "lat": 27.37259,
        "rank_area": 796,
        "rank_exposure": 645,
        "past_slides": 0
      },
      "geometry": {
        "type": "Point",
        "coordinates": [
          88.58756,
          27.37259
        ]
      }
    },
    {
      "type": "Feature",
      "id": 797,
      "properties": {
        "area_ha": 1.17,
        "area_km2": 0.0117,
        "mean_index": 0.6633,
        "max_index": 0.6849,
        "mean_slope_deg": 32.5,
        "max_slope_deg": 37.1,
        "min_dist_road_m": 467,
        "builtup_ha": 0.0,
        "cropland_ha": 0.0,
        "ntl_sum": 0.291,
        "exposure_score": 30.7,
        "lon": 88.21139,
        "lat": 27.3723,
        "rank_area": 797,
        "rank_exposure": 790,
        "past_slides": 0
      },
      "geometry": {
        "type": "Point",
        "coordinates": [
          88.21139,
          27.3723
        ]
      }
    },
    {
      "type": "Feature",
      "id": 798,
      "properties": {
        "area_ha": 1.17,
        "area_km2": 0.0117,
        "mean_index": 0.6651,
        "max_index": 0.694,
        "mean_slope_deg": 32.8,
        "max_slope_deg": 36.7,
        "min_dist_road_m": 365,
        "builtup_ha": 0.0,
        "cropland_ha": 0.0,
        "ntl_sum": 0.384,
        "exposure_score": 34.9,
        "lon": 88.22882,
        "lat": 27.36944,
        "rank_area": 798,
        "rank_exposure": 751,
        "past_slides": 0
      },
      "geometry": {
        "type": "Point",
        "coordinates": [
          88.22882,
          27.36944
        ]
      }
    },
    {
      "type": "Feature",
      "id": 799,
      "properties": {
        "area_ha": 1.17,
        "area_km2": 0.0117,
        "mean_index": 0.666,
        "max_index": 0.6897,
        "mean_slope_deg": 35.8,
        "max_slope_deg": 40.9,
        "min_dist_road_m": 1722,
        "builtup_ha": 0.0,
        "cropland_ha": 0.0,
        "ntl_sum": 0.241,
        "exposure_score": 18.4,
        "lon": 88.29432,
        "lat": 27.36249,
        "rank_area": 799,
        "rank_exposure": 883,
        "past_slides": 0
      },
      "geometry": {
        "type": "Point",
        "coordinates": [
          88.29432,
          27.36249
        ]
      }
    },
    {
      "type": "Feature",
      "id": 800,
      "properties": {
        "area_ha": 1.17,
        "area_km2": 0.0117,
        "mean_index": 0.665,
        "max_index": 0.7068,
        "mean_slope_deg": 38.1,
        "max_slope_deg": 44.0,
        "min_dist_road_m": 150,
        "builtup_ha": 0.0,
        "cropland_ha": 0.0,
        "ntl_sum": 0.776,
        "exposure_score": 49.8,
        "lon": 88.63004,
        "lat": 27.35802,
        "rank_area": 800,
        "rank_exposure": 507,
        "past_slides": 0
      },
      "geometry": {
        "type": "Point",
        "coordinates": [
          88.63004,
          27.35802
        ]
      }
    },
    {
      "type": "Feature",
      "id": 801,
      "properties": {
        "area_ha": 1.17,
        "area_km2": 0.0117,
        "mean_index": 0.6767,
        "max_index": 0.7072,
        "mean_slope_deg": 28.2,
        "max_slope_deg": 44.0,
        "min_dist_road_m": 552,
        "builtup_ha": 0.0,
        "cropland_ha": 0.0,
        "ntl_sum": 0.354,
        "exposure_score": 33.7,
        "lon": 88.23909,
        "lat": 27.36014,
        "rank_area": 801,
        "rank_exposure": 765,
        "past_slides": 0
      },
      "geometry": {
        "type": "Point",
        "coordinates": [
          88.23909,
          27.36014
        ]
      }
    },
    {
      "type": "Feature",
      "id": 802,
      "properties": {
        "area_ha": 1.17,
        "area_km2": 0.0117,
        "mean_index": 0.6754,
        "max_index": 0.7376,
        "mean_slope_deg": 35.3,
        "max_slope_deg": 47.6,
        "min_dist_road_m": 175,
        "builtup_ha": 0.0,
        "cropland_ha": 0.0,
        "ntl_sum": 0.365,
        "exposure_score": 38.2,
        "lon": 88.23201,
        "lat": 27.35723,
        "rank_area": 802,
        "rank_exposure": 686,
        "past_slides": 0
      },
      "geometry": {
        "type": "Point",
        "coordinates": [
          88.23201,
          27.35723
        ]
      }
    },
    {
      "type": "Feature",
      "id": 803,
      "properties": {
        "area_ha": 1.17,
        "area_km2": 0.0117,
        "mean_index": 0.6613,
        "max_index": 0.6896,
        "mean_slope_deg": 31.8,
        "max_slope_deg": 35.5,
        "min_dist_road_m": 1620,
        "builtup_ha": 0.0,
        "cropland_ha": 0.0,
        "ntl_sum": 0.317,
        "exposure_score": 20.8,
        "lon": 88.3259,
        "lat": 27.35055,
        "rank_area": 803,
        "rank_exposure": 869,
        "past_slides": 0
      },
      "geometry": {
        "type": "Point",
        "coordinates": [
          88.3259,
          27.35055
        ]
      }
    },
    {
      "type": "Feature",
      "id": 804,
      "properties": {
        "area_ha": 1.17,
        "area_km2": 0.0117,
        "mean_index": 0.6714,
        "max_index": 0.6971,
        "mean_slope_deg": 31.1,
        "max_slope_deg": 38.8,
        "min_dist_road_m": 1077,
        "builtup_ha": 0.0,
        "cropland_ha": 0.0,
        "ntl_sum": 0.326,
        "exposure_score": 26.9,
        "lon": 88.55609,
        "lat": 27.34221,
        "rank_area": 804,
        "rank_exposure": 828,
        "past_slides": 0
      },
      "geometry": {
        "type": "Point",
        "coordinates": [
          88.55609,
          27.34221
        ]
      }
    },
    {
      "type": "Feature",
      "id": 805,
      "properties": {
        "area_ha": 1.17,
        "area_km2": 0.0117,
        "mean_index": 0.6699,
        "max_index": 0.7247,
        "mean_slope_deg": 25.6,
        "max_slope_deg": 30.4,
        "min_dist_road_m": 0,
        "builtup_ha": 0.0,
        "cropland_ha": 0.54,
        "ntl_sum": 0.181,
        "exposure_score": 42.5,
        "lon": 88.8379,
        "lat": 27.33243,
        "rank_area": 805,
        "rank_exposure": 637,
        "past_slides": 0
      },
      "geometry": {
        "type": "Point",
        "coordinates": [
          88.8379,
          27.33243
        ]
      }
    },
    {
      "type": "Feature",
      "id": 806,
      "properties": {
        "area_ha": 1.17,
        "area_km2": 0.0117,
        "mean_index": 0.6704,
        "max_index": 0.6903,
        "mean_slope_deg": 32.2,
        "max_slope_deg": 46.1,
        "min_dist_road_m": 120,
        "builtup_ha": 0.0,
        "cropland_ha": 0.0,
        "ntl_sum": 0.403,
        "exposure_score": 46.8,
        "lon": 88.28583,
        "lat": 27.3386,
        "rank_area": 806,
        "rank_exposure": 564,
        "past_slides": 0
      },
      "geometry": {
        "type": "Point",
        "coordinates": [
          88.28583,
          27.3386
        ]
      }
    },
    {
      "type": "Feature",
      "id": 807,
      "properties": {
        "area_ha": 1.17,
        "area_km2": 0.0117,
        "mean_index": 0.6805,
        "max_index": 0.7202,
        "mean_slope_deg": 22.7,
        "max_slope_deg": 25.5,
        "min_dist_road_m": 0,
        "builtup_ha": 0.18,
        "cropland_ha": 0.0,
        "ntl_sum": 1.615,
        "exposure_score": 70.1,
        "lon": 88.58983,
        "lat": 27.33357,
        "rank_area": 807,
        "rank_exposure": 205,
        "past_slides": 0
      },
      "geometry": {
        "type": "Point",
        "coordinates": [
          88.58983,
          27.33357
        ]
      }
    },
    {
      "type": "Feature",
      "id": 808,
      "properties": {
        "area_ha": 1.17,
        "area_km2": 0.0117,
        "mean_index": 0.6666,
        "max_index": 0.7216,
        "mean_slope_deg": 22.4,
        "max_slope_deg": 26.3,
        "min_dist_road_m": 509,
        "builtup_ha": 0.0,
        "cropland_ha": 0.18,
        "ntl_sum": 0.555,
        "exposure_score": 43.8,
        "lon": 88.24385,
        "lat": 27.32422,
        "rank_area": 808,
        "rank_exposure": 613,
        "past_slides": 0
      },
      "geometry": {
        "type": "Point",
        "coordinates": [
          88.24385,
          27.32422
        ]
      }
    },
    {
      "type": "Feature",
      "id": 809,
      "properties": {
        "area_ha": 1.17,
        "area_km2": 0.0117,
        "mean_index": 0.6848,
        "max_index": 0.7169,
        "mean_slope_deg": 30.6,
        "max_slope_deg": 37.5,
        "min_dist_road_m": 180,
        "builtup_ha": 0.0,
        "cropland_ha": 0.0,
        "ntl_sum": 0.337,
        "exposure_score": 40.6,
        "lon": 88.42082,
        "lat": 27.3224,
        "rank_area": 809,
        "rank_exposure": 661,
        "past_slides": 0
      },
      "geometry": {
        "type": "Point",
        "coordinates": [
          88.42082,
          27.3224
        ]
      }
    },
    {
      "type": "Feature",
      "id": 810,
      "properties": {
        "area_ha": 1.17,
        "area_km2": 0.0117,
        "mean_index": 0.6637,
        "max_index": 0.6812,
        "mean_slope_deg": 26.9,
        "max_slope_deg": 31.7,
        "min_dist_road_m": 342,
        "builtup_ha": 0.0,
        "cropland_ha": 0.0,
        "ntl_sum": 0.494,
        "exposure_score": 44.7,
        "lon": 88.26547,
        "lat": 27.32064,
        "rank_area": 810,
        "rank_exposure": 593,
        "past_slides": 0
      },
      "geometry": {
        "type": "Point",
        "coordinates": [
          88.26547,
          27.32064
        ]
      }
    },
    {
      "type": "Feature",
      "id": 811,
      "properties": {
        "area_ha": 1.17,
        "area_km2": 0.0117,
        "mean_index": 0.6695,
        "max_index": 0.6934,
        "mean_slope_deg": 31.0,
        "max_slope_deg": 36.1,
        "min_dist_road_m": 424,
        "builtup_ha": 0.0,
        "cropland_ha": 0.09,
        "ntl_sum": 0.313,
        "exposure_score": 39.2,
        "lon": 88.41444,
        "lat": 27.3184,
        "rank_area": 811,
        "rank_exposure": 676,
        "past_slides": 0
      },
      "geometry": {
        "type": "Point",
        "coordinates": [
          88.41444,
          27.3184
        ]
      }
    },
    {
      "type": "Feature",
      "id": 812,
      "properties": {
        "area_ha": 1.17,
        "area_km2": 0.0117,
        "mean_index": 0.6711,
        "max_index": 0.7155,
        "mean_slope_deg": 29.0,
        "max_slope_deg": 35.5,
        "min_dist_road_m": 256,
        "builtup_ha": 0.0,
        "cropland_ha": 0.0,
        "ntl_sum": 1.085,
        "exposure_score": 59.0,
        "lon": 88.3593,
        "lat": 27.31624,
        "rank_area": 812,
        "rank_exposure": 368,
        "past_slides": 0
      },
      "geometry": {
        "type": "Point",
        "coordinates": [
          88.3593,
          27.31624
        ]
      }
    },
    {
      "type": "Feature",
      "id": 813,
      "properties": {
        "area_ha": 1.17,
        "area_km2": 0.0117,
        "mean_index": 0.6734,
        "max_index": 0.7289,
        "mean_slope_deg": 22.2,
        "max_slope_deg": 24.8,
        "min_dist_road_m": 108,
        "builtup_ha": 0.0,
        "cropland_ha": 0.0,
        "ntl_sum": 0.481,
        "exposure_score": 47.1,
        "lon": 88.24037,
        "lat": 27.31572,
        "rank_area": 813,
        "rank_exposure": 557,
        "past_slides": 0
      },
      "geometry": {
        "type": "Point",
        "coordinates": [
          88.24037,
          27.31572
        ]
      }
    },
    {
      "type": "Feature",
      "id": 814,
      "properties": {
        "area_ha": 1.17,
        "area_km2": 0.0117,
        "mean_index": 0.6692,
        "max_index": 0.6856,
        "mean_slope_deg": 32.7,
        "max_slope_deg": 38.9,
        "min_dist_road_m": 1493,
        "builtup_ha": 0.0,
        "cropland_ha": 0.0,
        "ntl_sum": 0.491,
        "exposure_score": 33.7,
        "lon": 88.34522,
        "lat": 27.3138,
        "rank_area": 814,
        "rank_exposure": 766,
        "past_slides": 0
      },
      "geometry": {
        "type": "Point",
        "coordinates": [
          88.34522,
          27.3138
        ]
      }
    },
    {
      "type": "Feature",
      "id": 815,
      "properties": {
        "area_ha": 1.17,
        "area_km2": 0.0117,
        "mean_index": 0.6702,
        "max_index": 0.7034,
        "mean_slope_deg": 28.6,
        "max_slope_deg": 34.8,
        "min_dist_road_m": 1165,
        "builtup_ha": 0.0,
        "cropland_ha": 0.18,
        "ntl_sum": 0.399,
        "exposure_score": 33.0,
        "lon": 88.33065,
        "lat": 27.31205,
        "rank_area": 815,
        "rank_exposure": 772,
        "past_slides": 0
      },
      "geometry": {
        "type": "Point",
        "coordinates": [
          88.33065,
          27.31205
        ]
      }
    },
    {
      "type": "Feature",
      "id": 816,
      "properties": {
        "area_ha": 1.17,
        "area_km2": 0.0117,
        "mean_index": 0.6713,
        "max_index": 0.7088,
        "mean_slope_deg": 22.7,
        "max_slope_deg": 28.4,
        "min_dist_road_m": 1470,
        "builtup_ha": 0.0,
        "cropland_ha": 0.0,
        "ntl_sum": 0.291,
        "exposure_score": 28.6,
        "lon": 88.50878,
        "lat": 27.30279,
        "rank_area": 816,
        "rank_exposure": 813,
        "past_slides": 0
      },
      "geometry": {
        "type": "Point",
        "coordinates": [
          88.50878,
          27.30279
        ]
      }
    },
    {
      "type": "Feature",
      "id": 817,
      "properties": {
        "area_ha": 1.17,
        "area_km2": 0.0117,
        "mean_index": 0.6786,
        "max_index": 0.7497,
        "mean_slope_deg": 21.6,
        "max_slope_deg": 23.4,
        "min_dist_road_m": 210,
        "builtup_ha": 0.0,
        "cropland_ha": 0.0,
        "ntl_sum": 0.538,
        "exposure_score": 49.0,
        "lon": 88.19438,
        "lat": 27.30556,
        "rank_area": 817,
        "rank_exposure": 522,
        "past_slides": 0
      },
      "geometry": {
        "type": "Point",
        "coordinates": [
          88.19438,
          27.30556
        ]
      }
    },
    {
      "type": "Feature",
      "id": 818,
      "properties": {
        "area_ha": 1.17,
        "area_km2": 0.0117,
        "mean_index": 0.69,
        "max_index": 0.7415,
        "mean_slope_deg": 40.2,
        "max_slope_deg": 49.7,
        "min_dist_road_m": 382,
        "builtup_ha": 0.0,
        "cropland_ha": 0.0,
        "ntl_sum": 0.527,
        "exposure_score": 46.6,
        "lon": 88.29777,
        "lat": 27.30437,
        "rank_area": 818,
        "rank_exposure": 568,
        "past_slides": 0
      },
      "geometry": {
        "type": "Point",
        "coordinates": [
          88.29777,
          27.30437
        ]
      }
    },
    {
      "type": "Feature",
      "id": 819,
      "properties": {
        "area_ha": 1.17,
        "area_km2": 0.0117,
        "mean_index": 0.6838,
        "max_index": 0.7156,
        "mean_slope_deg": 35.1,
        "max_slope_deg": 50.7,
        "min_dist_road_m": 180,
        "builtup_ha": 0.0,
        "cropland_ha": 0.27,
        "ntl_sum": 0.729,
        "exposure_score": 38.6,
        "lon": 88.22035,
        "lat": 27.28949,
        "rank_area": 819,
        "rank_exposure": 678,
        "past_slides": 0
      },
      "geometry": {
        "type": "Point",
        "coordinates": [
          88.22035,
          27.28949
        ]
      }
    },
    {
      "type": "Feature",
      "id": 820,
      "properties": {
        "area_ha": 1.17,
        "area_km2": 0.0117,
        "mean_index": 0.6627,
        "max_index": 0.6936,
        "mean_slope_deg": 23.7,
        "max_slope_deg": 35.2,
        "min_dist_road_m": 0,
        "builtup_ha": 0.18,
        "cropland_ha": 0.0,
        "ntl_sum": 4.379,
        "exposure_score": 78.7,
        "lon": 88.5944,
        "lat": 27.28316,
        "rank_area": 820,
        "rank_exposure": 123,
        "past_slides": 0
      },
      "geometry": {
        "type": "Point",
        "coordinates": [
          88.5944,
          27.28316
        ]
      }
    },
    {
      "type": "Feature",
      "id": 821,
      "properties": {
        "area_ha": 1.17,
        "area_km2": 0.0117,
        "mean_index": 0.6687,
        "max_index": 0.6877,
        "mean_slope_deg": 29.3,
        "max_slope_deg": 37.2,
        "min_dist_road_m": 2044,
        "builtup_ha": 0.0,
        "cropland_ha": 0.0,
        "ntl_sum": 0.233,
        "exposure_score": 7.3,
        "lon": 88.08444,
        "lat": 27.28642,
        "rank_area": 821,
        "rank_exposure": 915,
        "past_slides": 0
      },
      "geometry": {
        "type": "Point",
        "coordinates": [
          88.08444,
          27.28642
        ]
      }
    },
    {
      "type": "Feature",
      "id": 822,
      "properties": {
        "area_ha": 1.17,
        "area_km2": 0.0117,
        "mean_index": 0.6684,
        "max_index": 0.6986,
        "mean_slope_deg": 30.1,
        "max_slope_deg": 35.1,
        "min_dist_road_m": 4776,
        "builtup_ha": 0.0,
        "cropland_ha": 0.0,
        "ntl_sum": 0.312,
        "exposure_score": 9.1,
        "lon": 88.05139,
        "lat": 27.2845,
        "rank_area": 822,
        "rank_exposure": 911,
        "past_slides": 0
      },
      "geometry": {
        "type": "Point",
        "coordinates": [
          88.05139,
          27.2845
        ]
      }
    },
    {
      "type": "Feature",
      "id": 823,
      "properties": {
        "area_ha": 1.17,
        "area_km2": 0.0117,
        "mean_index": 0.6768,
        "max_index": 0.7134,
        "mean_slope_deg": 34.1,
        "max_slope_deg": 42.4,
        "min_dist_road_m": 391,
        "builtup_ha": 0.0,
        "cropland_ha": 0.0,
        "ntl_sum": 0.428,
        "exposure_score": 29.6,
        "lon": 88.50588,
        "lat": 27.27872,
        "rank_area": 823,
        "rank_exposure": 805,
        "past_slides": 0
      },
      "geometry": {
        "type": "Point",
        "coordinates": [
          88.50588,
          27.27872
        ]
      }
    },
    {
      "type": "Feature",
      "id": 824,
      "properties": {
        "area_ha": 1.17,
        "area_km2": 0.0117,
        "mean_index": 0.6674,
        "max_index": 0.7079,
        "mean_slope_deg": 27.2,
        "max_slope_deg": 30.0,
        "min_dist_road_m": 309,
        "builtup_ha": 0.0,
        "cropland_ha": 0.0,
        "ntl_sum": 0.71,
        "exposure_score": 37.8,
        "lon": 88.46344,
        "lat": 27.2724,
        "rank_area": 824,
        "rank_exposure": 692,
        "past_slides": 0
      },
      "geometry": {
        "type": "Point",
        "coordinates": [
          88.46344,
          27.2724
        ]
      }
    },
    {
      "type": "Feature",
      "id": 825,
      "properties": {
        "area_ha": 1.17,
        "area_km2": 0.0117,
        "mean_index": 0.6851,
        "max_index": 0.7104,
        "mean_slope_deg": 33.4,
        "max_slope_deg": 39.5,
        "min_dist_road_m": 382,
        "builtup_ha": 0.0,
        "cropland_ha": 0.0,
        "ntl_sum": 0.533,
        "exposure_score": 31.9,
        "lon": 88.49509,
        "lat": 27.27031,
        "rank_area": 825,
        "rank_exposure": 781,
        "past_slides": 0
      },
      "geometry": {
        "type": "Point",
        "coordinates": [
          88.49509,
          27.27031
        ]
      }
    },
    {
      "type": "Feature",
      "id": 826,
      "properties": {
        "area_ha": 1.17,
        "area_km2": 0.0117,
        "mean_index": 0.6818,
        "max_index": 0.7446,
        "mean_slope_deg": 33.2,
        "max_slope_deg": 39.8,
        "min_dist_road_m": 182,
        "builtup_ha": 0.0,
        "cropland_ha": 0.0,
        "ntl_sum": 0.257,
        "exposure_score": 22.3,
        "lon": 88.35233,
        "lat": 27.26756,
        "rank_area": 826,
        "rank_exposure": 859,
        "past_slides": 0
      },
      "geometry": {
        "type": "Point",
        "coordinates": [
          88.35233,
          27.26756
        ]
      }
    },
    {
      "type": "Feature",
      "id": 827,
      "properties": {
        "area_ha": 1.17,
        "area_km2": 0.0117,
        "mean_index": 0.6655,
        "max_index": 0.7046,
        "mean_slope_deg": 24.0,
        "max_slope_deg": 28.0,
        "min_dist_road_m": 1142,
        "builtup_ha": 0.0,
        "cropland_ha": 0.45,
        "ntl_sum": 0.502,
        "exposure_score": 19.5,
        "lon": 88.25385,
        "lat": 27.26523,
        "rank_area": 827,
        "rank_exposure": 872,
        "past_slides": 0
      },
      "geometry": {
        "type": "Point",
        "coordinates": [
          88.25385,
          27.26523
        ]
      }
    },
    {
      "type": "Feature",
      "id": 828,
      "properties": {
        "area_ha": 1.17,
        "area_km2": 0.0117,
        "mean_index": 0.6853,
        "max_index": 0.7475,
        "mean_slope_deg": 25.5,
        "max_slope_deg": 34.7,
        "min_dist_road_m": 306,
        "builtup_ha": 0.0,
        "cropland_ha": 0.0,
        "ntl_sum": 0.826,
        "exposure_score": 36.3,
        "lon": 88.509,
        "lat": 27.26,
        "rank_area": 828,
        "rank_exposure": 726,
        "past_slides": 0
      },
      "geometry": {
        "type": "Point",
        "coordinates": [
          88.509,
          27.26
        ]
      }
    },
    {
      "type": "Feature",
      "id": 829,
      "properties": {
        "area_ha": 1.17,
        "area_km2": 0.0117,
        "mean_index": 0.6573,
        "max_index": 0.6708,
        "mean_slope_deg": 33.0,
        "max_slope_deg": 45.0,
        "min_dist_road_m": 1167,
        "builtup_ha": 0.0,
        "cropland_ha": 0.0,
        "ntl_sum": 0.535,
        "exposure_score": 19.3,
        "lon": 88.41667,
        "lat": 27.26043,
        "rank_area": 829,
        "rank_exposure": 874,
        "past_slides": 0
      },
      "geometry": {
        "type": "Point",
        "coordinates": [
          88.41667,
          27.26043
        ]
      }
    },
    {
      "type": "Feature",
      "id": 830,
      "properties": {
        "area_ha": 1.17,
        "area_km2": 0.0117,
        "mean_index": 0.6591,
        "max_index": 0.6789,
        "mean_slope_deg": 47.9,
        "max_slope_deg": 58.1,
        "min_dist_road_m": 450,
        "builtup_ha": 0.0,
        "cropland_ha": 0.0,
        "ntl_sum": 0.689,
        "exposure_score": 31.6,
        "lon": 88.43238,
        "lat": 27.25648,
        "rank_area": 830,
        "rank_exposure": 783,
        "past_slides": 0
      },
      "geometry": {
        "type": "Point",
        "coordinates": [
          88.43238,
          27.25648
        ]
      }
    },
    {
      "type": "Feature",
      "id": 831,
      "properties": {
        "area_ha": 1.17,
        "area_km2": 0.0117,
        "mean_index": 0.6643,
        "max_index": 0.6907,
        "mean_slope_deg": 30.2,
        "max_slope_deg": 36.6,
        "min_dist_road_m": 1230,
        "builtup_ha": 0.0,
        "cropland_ha": 0.0,
        "ntl_sum": 0.521,
        "exposure_score": 19.4,
        "lon": 88.56187,
        "lat": 27.24927,
        "rank_area": 831,
        "rank_exposure": 873,
        "past_slides": 0
      },
      "geometry": {
        "type": "Point",
        "coordinates": [
          88.56187,
          27.24927
        ]
      }
    },
    {
      "type": "Feature",
      "id": 832,
      "properties": {
        "area_ha": 1.17,
        "area_km2": 0.0117,
        "mean_index": 0.6667,
        "max_index": 0.6912,
        "mean_slope_deg": 35.3,
        "max_slope_deg": 43.3,
        "min_dist_road_m": 1253,
        "builtup_ha": 0.0,
        "cropland_ha": 0.0,
        "ntl_sum": 0.576,
        "exposure_score": 21.1,
        "lon": 88.5593,
        "lat": 27.24943,
        "rank_area": 832,
        "rank_exposure": 868,
        "past_slides": 0
      },
      "geometry": {
        "type": "Point",
        "coordinates": [
          88.5593,
          27.24943
        ]
      }
    },
    {
      "type": "Feature",
      "id": 833,
      "properties": {
        "area_ha": 1.17,
        "area_km2": 0.0117,
        "mean_index": 0.6583,
        "max_index": 0.6887,
        "mean_slope_deg": 30.6,
        "max_slope_deg": 36.5,
        "min_dist_road_m": 0,
        "builtup_ha": 0.09,
        "cropland_ha": 0.0,
        "ntl_sum": 0.721,
        "exposure_score": 57.1,
        "lon": 88.43056,
        "lat": 27.24851,
        "rank_area": 833,
        "rank_exposure": 398,
        "past_slides": 0
      },
      "geometry": {
        "type": "Point",
        "coordinates": [
          88.43056,
          27.24851
        ]
      }
    },
    {
      "type": "Feature",
      "id": 834,
      "properties": {
        "area_ha": 1.17,
        "area_km2": 0.0117,
        "mean_index": 0.6792,
        "max_index": 0.7209,
        "mean_slope_deg": 11.1,
        "max_slope_deg": 15.3,
        "min_dist_road_m": 0,
        "builtup_ha": 0.18,
        "cropland_ha": 0.09,
        "ntl_sum": 2.044,
        "exposure_score": 73.0,
        "lon": 88.59371,
        "lat": 27.2328,
        "rank_area": 834,
        "rank_exposure": 176,
        "past_slides": 0
      },
      "geometry": {
        "type": "Point",
        "coordinates": [
          88.59371,
          27.2328
        ]
      }
    },
    {
      "type": "Feature",
      "id": 835,
      "properties": {
        "area_ha": 1.17,
        "area_km2": 0.0117,
        "mean_index": 0.6854,
        "max_index": 0.7511,
        "mean_slope_deg": 21.3,
        "max_slope_deg": 29.3,
        "min_dist_road_m": 162,
        "builtup_ha": 0.0,
        "cropland_ha": 0.0,
        "ntl_sum": 0.51,
        "exposure_score": 38.1,
        "lon": 88.67079,
        "lat": 27.23122,
        "rank_area": 835,
        "rank_exposure": 687,
        "past_slides": 0
      },
      "geometry": {
        "type": "Point",
        "coordinates": [
          88.67079,
          27.23122
        ]
      }
    },
    {
      "type": "Feature",
      "id": 836,
      "properties": {
        "area_ha": 1.17,
        "area_km2": 0.0117,
        "mean_index": 0.6688,
        "max_index": 0.7047,
        "mean_slope_deg": 23.1,
        "max_slope_deg": 24.4,
        "min_dist_road_m": 242,
        "builtup_ha": 0.0,
        "cropland_ha": 0.0,
        "ntl_sum": 2.873,
        "exposure_score": 61.5,
        "lon": 88.58681,
        "lat": 27.23193,
        "rank_area": 836,
        "rank_exposure": 333,
        "past_slides": 0
      },
      "geometry": {
        "type": "Point",
        "coordinates": [
          88.58681,
          27.23193
        ]
      }
    },
    {
      "type": "Feature",
      "id": 837,
      "properties": {
        "area_ha": 1.17,
        "area_km2": 0.0117,
        "mean_index": 0.6693,
        "max_index": 0.7054,
        "mean_slope_deg": 35.6,
        "max_slope_deg": 39.7,
        "min_dist_road_m": 570,
        "builtup_ha": 0.0,
        "cropland_ha": 0.0,
        "ntl_sum": 0.365,
        "exposure_score": 30.2,
        "lon": 88.72721,
        "lat": 27.22621,
        "rank_area": 837,
        "rank_exposure": 795,
        "past_slides": 0
      },
      "geometry": {
        "type": "Point",
        "coordinates": [
          88.72721,
          27.22621
        ]
      }
    },
    {
      "type": "Feature",
      "id": 838,
      "properties": {
        "area_ha": 1.17,
        "area_km2": 0.0117,
        "mean_index": 0.6638,
        "max_index": 0.6838,
        "mean_slope_deg": 30.3,
        "max_slope_deg": 34.5,
        "min_dist_road_m": 404,
        "builtup_ha": 0.0,
        "cropland_ha": 0.0,
        "ntl_sum": 0.485,
        "exposure_score": 33.8,
        "lon": 88.73072,
        "lat": 27.22562,
        "rank_area": 838,
        "rank_exposure": 763,
        "past_slides": 0
      },
      "geometry": {
        "type": "Point",
        "coordinates": [
          88.73072,
          27.22562
        ]
      }
    },
    {
      "type": "Feature",
      "id": 839,
      "properties": {
        "area_ha": 1.17,
        "area_km2": 0.0117,
        "mean_index": 0.6748,
        "max_index": 0.7188,
        "mean_slope_deg": 38.9,
        "max_slope_deg": 42.8,
        "min_dist_road_m": 644,
        "builtup_ha": 0.0,
        "cropland_ha": 0.0,
        "ntl_sum": 0.685,
        "exposure_score": 37.2,
        "lon": 88.51155,
        "lat": 27.22518,
        "rank_area": 839,
        "rank_exposure": 705,
        "past_slides": 0
      },
      "geometry": {
        "type": "Point",
        "coordinates": [
          88.51155,
          27.22518
        ]
      }
    },
    {
      "type": "Feature",
      "id": 840,
      "properties": {
        "area_ha": 1.17,
        "area_km2": 0.0117,
        "mean_index": 0.6644,
        "max_index": 0.7029,
        "mean_slope_deg": 27.7,
        "max_slope_deg": 31.7,
        "min_dist_road_m": 446,
        "builtup_ha": 0.0,
        "cropland_ha": 0.0,
        "ntl_sum": 0.357,
        "exposure_score": 29.9,
        "lon": 88.71061,
        "lat": 27.22194,
        "rank_area": 840,
        "rank_exposure": 800,
        "past_slides": 0
      },
      "geometry": {
        "type": "Point",
        "coordinates": [
          88.71061,
          27.22194
        ]
      }
    },
    {
      "type": "Feature",
      "id": 841,
      "properties": {
        "area_ha": 1.17,
        "area_km2": 0.0117,
        "mean_index": 0.6676,
        "max_index": 0.7005,
        "mean_slope_deg": 27.0,
        "max_slope_deg": 34.3,
        "min_dist_road_m": 1706,
        "builtup_ha": 0.0,
        "cropland_ha": 0.0,
        "ntl_sum": 0.544,
        "exposure_score": 22.5,
        "lon": 88.52536,
        "lat": 27.22259,
        "rank_area": 841,
        "rank_exposure": 858,
        "past_slides": 0
      },
      "geometry": {
        "type": "Point",
        "coordinates": [
          88.52536,
          27.22259
        ]
      }
    },
    {
      "type": "Feature",
      "id": 842,
      "properties": {
        "area_ha": 1.17,
        "area_km2": 0.0117,
        "mean_index": 0.657,
        "max_index": 0.6927,
        "mean_slope_deg": 35.3,
        "max_slope_deg": 40.6,
        "min_dist_road_m": 0,
        "builtup_ha": 0.0,
        "cropland_ha": 0.0,
        "ntl_sum": 0.412,
        "exposure_score": 36.3,
        "lon": 88.72658,
        "lat": 27.22012,
        "rank_area": 842,
        "rank_exposure": 727,
        "past_slides": 0
      },
      "geometry": {
        "type": "Point",
        "coordinates": [
          88.72658,
          27.22012
        ]
      }
    },
    {
      "type": "Feature",
      "id": 843,
      "properties": {
        "area_ha": 1.17,
        "area_km2": 0.0117,
        "mean_index": 0.6645,
        "max_index": 0.6873,
        "mean_slope_deg": 29.4,
        "max_slope_deg": 34.9,
        "min_dist_road_m": 785,
        "builtup_ha": 0.0,
        "cropland_ha": 0.0,
        "ntl_sum": 0.386,
        "exposure_score": 29.3,
        "lon": 88.71271,
        "lat": 27.21921,
        "rank_area": 843,
        "rank_exposure": 808,
        "past_slides": 0
      },
      "geometry": {
        "type": "Point",
        "coordinates": [
          88.71271,
          27.21921
        ]
      }
    },
    {
      "type": "Feature",
      "id": 844,
      "properties": {
        "area_ha": 1.17,
        "area_km2": 0.0117,
        "mean_index": 0.6641,
        "max_index": 0.6789,
        "mean_slope_deg": 14.2,
        "max_slope_deg": 16.9,
        "min_dist_road_m": 934,
        "builtup_ha": 0.0,
        "cropland_ha": 0.0,
        "ntl_sum": 0.495,
        "exposure_score": 30.9,
        "lon": 88.58029,
        "lat": 27.21806,
        "rank_area": 844,
        "rank_exposure": 786,
        "past_slides": 0
      },
      "geometry": {
        "type": "Point",
        "coordinates": [
          88.58029,
          27.21806
        ]
      }
    },
    {
      "type": "Feature",
      "id": 845,
      "properties": {
        "area_ha": 1.17,
        "area_km2": 0.0117,
        "mean_index": 0.6627,
        "max_index": 0.6847,
        "mean_slope_deg": 33.5,
        "max_slope_deg": 44.8,
        "min_dist_road_m": 469,
        "builtup_ha": 0.0,
        "cropland_ha": 0.0,
        "ntl_sum": 1.421,
        "exposure_score": 51.9,
        "lon": 88.66935,
        "lat": 27.21066,
        "rank_area": 845,
        "rank_exposure": 475,
        "past_slides": 0
      },
      "geometry": {
        "type": "Point",
        "coordinates": [
          88.66935,
          27.21066
        ]
      }
    },
    {
      "type": "Feature",
      "id": 846,
      "properties": {
        "area_ha": 1.17,
        "area_km2": 0.0117,
        "mean_index": 0.6877,
        "max_index": 0.7197,
        "mean_slope_deg": 24.5,
        "max_slope_deg": 28.1,
        "min_dist_road_m": 577,
        "builtup_ha": 0.0,
        "cropland_ha": 0.0,
        "ntl_sum": 1.08,
        "exposure_score": 46.9,
        "lon": 88.47495,
        "lat": 27.20837,
        "rank_area": 846,
        "rank_exposure": 563,
        "past_slides": 0
      },
      "geometry": {
        "type": "Point",
        "coordinates": [
          88.47495,
          27.20837
        ]
      }
    },
    {
      "type": "Feature",
      "id": 847,
      "properties": {
        "area_ha": 1.17,
        "area_km2": 0.0117,
        "mean_index": 0.6763,
        "max_index": 0.7107,
        "mean_slope_deg": 34.4,
        "max_slope_deg": 39.9,
        "min_dist_road_m": 319,
        "builtup_ha": 0.0,
        "cropland_ha": 0.09,
        "ntl_sum": 0.478,
        "exposure_score": 32.1,
        "lon": 88.44654,
        "lat": 27.19594,
        "rank_area": 847,
        "rank_exposure": 779,
        "past_slides": 0
      },
      "geometry": {
        "type": "Point",
        "coordinates": [
          88.44654,
          27.19594
        ]
      }
    },
    {
      "type": "Feature",
      "id": 848,
      "properties": {
        "area_ha": 1.17,
        "area_km2": 0.0117,
        "mean_index": 0.6694,
        "max_index": 0.6944,
        "mean_slope_deg": 22.9,
        "max_slope_deg": 25.0,
        "min_dist_road_m": 3827,
        "builtup_ha": 0.0,
        "cropland_ha": 0.09,
        "ntl_sum": 0.506,
        "exposure_score": 16.4,
        "lon": 88.26116,
        "lat": 27.19245,
        "rank_area": 848,
        "rank_exposure": 893,
        "past_slides": 0
      },
      "geometry": {
        "type": "Point",
        "coordinates": [
          88.26116,
          27.19245
        ]
      }
    },
    {
      "type": "Feature",
      "id": 849,
      "properties": {
        "area_ha": 1.17,
        "area_km2": 0.0117,
        "mean_index": 0.6825,
        "max_index": 0.7246,
        "mean_slope_deg": 28.4,
        "max_slope_deg": 33.5,
        "min_dist_road_m": 3034,
        "builtup_ha": 0.0,
        "cropland_ha": 0.0,
        "ntl_sum": 0.226,
        "exposure_score": 8.2,
        "lon": 88.1264,
        "lat": 27.1825,
        "rank_area": 849,
        "rank_exposure": 912,
        "past_slides": 0
      },
      "geometry": {
        "type": "Point",
        "coordinates": [
          88.1264,
          27.1825
        ]
      }
    },
    {
      "type": "Feature",
      "id": 850,
      "properties": {
        "area_ha": 1.17,
        "area_km2": 0.0117,
        "mean_index": 0.6663,
        "max_index": 0.679,
        "mean_slope_deg": 33.7,
        "max_slope_deg": 40.9,
        "min_dist_road_m": 1034,
        "builtup_ha": 0.0,
        "cropland_ha": 0.27,
        "ntl_sum": 0.879,
        "exposure_score": 35.4,
        "lon": 88.28281,
        "lat": 27.17533,
        "rank_area": 850,
        "rank_exposure": 742,
        "past_slides": 0
      },
      "geometry": {
        "type": "Point",
        "coordinates": [
          88.28281,
          27.17533
        ]
      }
    },
    {
      "type": "Feature",
      "id": 851,
      "properties": {
        "area_ha": 1.17,
        "area_km2": 0.0117,
        "mean_index": 0.6695,
        "max_index": 0.6937,
        "mean_slope_deg": 31.1,
        "max_slope_deg": 35.6,
        "min_dist_road_m": 1740,
        "builtup_ha": 0.0,
        "cropland_ha": 0.0,
        "ntl_sum": 0.703,
        "exposure_score": 24.1,
        "lon": 88.27572,
        "lat": 27.1735,
        "rank_area": 851,
        "rank_exposure": 854,
        "past_slides": 0
      },
      "geometry": {
        "type": "Point",
        "coordinates": [
          88.27572,
          27.1735
        ]
      }
    },
    {
      "type": "Feature",
      "id": 852,
      "properties": {
        "area_ha": 1.17,
        "area_km2": 0.0117,
        "mean_index": 0.6629,
        "max_index": 0.6829,
        "mean_slope_deg": 27.3,
        "max_slope_deg": 31.2,
        "min_dist_road_m": 1980,
        "builtup_ha": 0.0,
        "cropland_ha": 0.45,
        "ntl_sum": 0.669,
        "exposure_score": 20.6,
        "lon": 88.27306,
        "lat": 27.17339,
        "rank_area": 852,
        "rank_exposure": 870,
        "past_slides": 0
      },
      "geometry": {
        "type": "Point",
        "coordinates": [
          88.27306,
          27.17339
        ]
      }
    },
    {
      "type": "Feature",
      "id": 853,
      "properties": {
        "area_ha": 1.17,
        "area_km2": 0.0117,
        "mean_index": 0.6796,
        "max_index": 0.7048,
        "mean_slope_deg": 25.8,
        "max_slope_deg": 29.1,
        "min_dist_road_m": 379,
        "builtup_ha": 0.0,
        "cropland_ha": 0.0,
        "ntl_sum": 0.473,
        "exposure_score": 32.4,
        "lon": 88.45059,
        "lat": 27.17031,
        "rank_area": 853,
        "rank_exposure": 778,
        "past_slides": 0
      },
      "geometry": {
        "type": "Point",
        "coordinates": [
          88.45059,
          27.17031
        ]
      }
    },
    {
      "type": "Feature",
      "id": 854,
      "properties": {
        "area_ha": 1.17,
        "area_km2": 0.0117,
        "mean_index": 0.6775,
        "max_index": 0.7213,
        "mean_slope_deg": 33.2,
        "max_slope_deg": 40.7,
        "min_dist_road_m": 330,
        "builtup_ha": 0.0,
        "cropland_ha": 0.0,
        "ntl_sum": 0.508,
        "exposure_score": 35.2,
        "lon": 88.44905,
        "lat": 27.16288,
        "rank_area": 854,
        "rank_exposure": 745,
        "past_slides": 0
      },
      "geometry": {
        "type": "Point",
        "coordinates": [
          88.44905,
          27.16288
        ]
      }
    },
    {
      "type": "Feature",
      "id": 855,
      "properties": {
        "area_ha": 1.17,
        "area_km2": 0.0117,
        "mean_index": 0.6571,
        "max_index": 0.6811,
        "mean_slope_deg": 30.5,
        "max_slope_deg": 36.6,
        "min_dist_road_m": 853,
        "builtup_ha": 0.0,
        "cropland_ha": 0.0,
        "ntl_sum": 1.188,
        "exposure_score": 44.2,
        "lon": 88.27972,
        "lat": 27.16155,
        "rank_area": 855,
        "rank_exposure": 604,
        "past_slides": 0
      },
      "geometry": {
        "type": "Point",
        "coordinates": [
          88.27972,
          27.16155
        ]
      }
    },
    {
      "type": "Feature",
      "id": 856,
      "properties": {
        "area_ha": 1.17,
        "area_km2": 0.0117,
        "mean_index": 0.6855,
        "max_index": 0.7199,
        "mean_slope_deg": 30.8,
        "max_slope_deg": 36.9,
        "min_dist_road_m": 853,
        "builtup_ha": 0.0,
        "cropland_ha": 0.0,
        "ntl_sum": 0.535,
        "exposure_score": 29.7,
        "lon": 88.11022,
        "lat": 27.1416,
        "rank_area": 856,
        "rank_exposure": 803,
        "past_slides": 0
      },
      "geometry": {
        "type": "Point",
        "coordinates": [
          88.11022,
          27.1416
        ]
      }
    },
    {
      "type": "Feature",
      "id": 857,
      "properties": {
        "area_ha": 1.08,
        "area_km2": 0.0108,
        "mean_index": 0.6593,
        "max_index": 0.678,
        "mean_slope_deg": 30.2,
        "max_slope_deg": 34.6,
        "min_dist_road_m": 0,
        "builtup_ha": 0.0,
        "cropland_ha": 0.18,
        "ntl_sum": 0.259,
        "exposure_score": 37.0,
        "lon": 88.65618,
        "lat": 27.61319,
        "rank_area": 857,
        "rank_exposure": 712,
        "past_slides": 1
      },
      "geometry": {
        "type": "Point",
        "coordinates": [
          88.65618,
          27.61319
        ]
      }
    },
    {
      "type": "Feature",
      "id": 858,
      "properties": {
        "area_ha": 1.08,
        "area_km2": 0.0108,
        "mean_index": 0.6623,
        "max_index": 0.6798,
        "mean_slope_deg": 33.2,
        "max_slope_deg": 37.0,
        "min_dist_road_m": 1148,
        "builtup_ha": 0.0,
        "cropland_ha": 0.0,
        "ntl_sum": 0.364,
        "exposure_score": 29.9,
        "lon": 88.5033,
        "lat": 27.40751,
        "rank_area": 858,
        "rank_exposure": 801,
        "past_slides": 0
      },
      "geometry": {
        "type": "Point",
        "coordinates": [
          88.5033,
          27.40751
        ]
      }
    },
    {
      "type": "Feature",
      "id": 859,
      "properties": {
        "area_ha": 1.08,
        "area_km2": 0.0108,
        "mean_index": 0.6907,
        "max_index": 0.7338,
        "mean_slope_deg": 28.5,
        "max_slope_deg": 33.3,
        "min_dist_road_m": 888,
        "builtup_ha": 0.0,
        "cropland_ha": 0.0,
        "ntl_sum": 0.365,
        "exposure_score": 32.7,
        "lon": 88.6007,
        "lat": 27.4025,
        "rank_area": 859,
        "rank_exposure": 774,
        "past_slides": 0
      },
      "geometry": {
        "type": "Point",
        "coordinates": [
          88.6007,
          27.4025
        ]
      }
    },
    {
      "type": "Feature",
      "id": 860,
      "properties": {
        "area_ha": 1.08,
        "area_km2": 0.0108,
        "mean_index": 0.6741,
        "max_index": 0.6984,
        "mean_slope_deg": 40.7,
        "max_slope_deg": 44.8,
        "min_dist_road_m": 376,
        "builtup_ha": 0.0,
        "cropland_ha": 0.0,
        "ntl_sum": 0.372,
        "exposure_score": 37.2,
        "lon": 88.60864,
        "lat": 27.39483,
        "rank_area": 860,
        "rank_exposure": 706,
        "past_slides": 0
      },
      "geometry": {
        "type": "Point",
        "coordinates": [
          88.60864,
          27.39483
        ]
      }
    },
    {
      "type": "Feature",
      "id": 861,
      "properties": {
        "area_ha": 1.08,
        "area_km2": 0.0108,
        "mean_index": 0.6661,
        "max_index": 0.6953,
        "mean_slope_deg": 38.0,
        "max_slope_deg": 46.8,
        "min_dist_road_m": 300,
        "builtup_ha": 0.0,
        "cropland_ha": 0.0,
        "ntl_sum": 0.22,
        "exposure_score": 30.9,
        "lon": 88.20505,
        "lat": 27.37209,
        "rank_area": 861,
        "rank_exposure": 787,
        "past_slides": 0
      },
      "geometry": {
        "type": "Point",
        "coordinates": [
          88.20505,
          27.37209
        ]
      }
    },
    {
      "type": "Feature",
      "id": 862,
      "properties": {
        "area_ha": 1.08,
        "area_km2": 0.0108,
        "mean_index": 0.67,
        "max_index": 0.6971,
        "mean_slope_deg": 27.6,
        "max_slope_deg": 34.6,
        "min_dist_road_m": 1898,
        "builtup_ha": 0.0,
        "cropland_ha": 0.0,
        "ntl_sum": 0.28,
        "exposure_score": 17.0,
        "lon": 88.4443,
        "lat": 27.36305,
        "rank_area": 862,
        "rank_exposure": 890,
        "past_slides": 0
      },
      "geometry": {
        "type": "Point",
        "coordinates": [
          88.4443,
          27.36305
        ]
      }
    },
    {
      "type": "Feature",
      "id": 863,
      "properties": {
        "area_ha": 1.08,
        "area_km2": 0.0108,
        "mean_index": 0.6627,
        "max_index": 0.6951,
        "mean_slope_deg": 27.9,
        "max_slope_deg": 35.4,
        "min_dist_road_m": 0,
        "builtup_ha": 0.36,
        "cropland_ha": 0.63,
        "ntl_sum": 0.253,
        "exposure_score": 44.5,
        "lon": 88.83827,
        "lat": 27.34677,
        "rank_area": 863,
        "rank_exposure": 597,
        "past_slides": 0
      },
      "geometry": {
        "type": "Point",
        "coordinates": [
          88.83827,
          27.34677
        ]
      }
    },
    {
      "type": "Feature",
      "id": 864,
      "properties": {
        "area_ha": 1.08,
        "area_km2": 0.0108,
        "mean_index": 0.6619,
        "max_index": 0.6956,
        "mean_slope_deg": 29.4,
        "max_slope_deg": 34.9,
        "min_dist_road_m": 1657,
        "builtup_ha": 0.0,
        "cropland_ha": 0.36,
        "ntl_sum": 0.527,
        "exposure_score": 25.8,
        "lon": 88.24766,
        "lat": 27.34639,
        "rank_area": 864,
        "rank_exposure": 841,
        "past_slides": 0
      },
      "geometry": {
        "type": "Point",
        "coordinates": [
          88.24766,
          27.34639
        ]
      }
    },
    {
      "type": "Feature",
      "id": 865,
      "properties": {
        "area_ha": 1.08,
        "area_km2": 0.0108,
        "mean_index": 0.6617,
        "max_index": 0.6897,
        "mean_slope_deg": 28.8,
        "max_slope_deg": 34.0,
        "min_dist_road_m": 175,
        "builtup_ha": 0.0,
        "cropland_ha": 0.0,
        "ntl_sum": 0.37,
        "exposure_score": 44.1,
        "lon": 88.28912,
        "lat": 27.33884,
        "rank_area": 865,
        "rank_exposure": 605,
        "past_slides": 0
      },
      "geometry": {
        "type": "Point",
        "coordinates": [
          88.28912,
          27.33884
        ]
      }
    },
    {
      "type": "Feature",
      "id": 866,
      "properties": {
        "area_ha": 1.08,
        "area_km2": 0.0108,
        "mean_index": 0.6731,
        "max_index": 0.7047,
        "mean_slope_deg": 32.4,
        "max_slope_deg": 38.1,
        "min_dist_road_m": 446,
        "builtup_ha": 0.0,
        "cropland_ha": 0.0,
        "ntl_sum": 0.65,
        "exposure_score": 45.7,
        "lon": 88.55686,
        "lat": 27.32325,
        "rank_area": 866,
        "rank_exposure": 579,
        "past_slides": 0
      },
      "geometry": {
        "type": "Point",
        "coordinates": [
          88.55686,
          27.32325
        ]
      }
    },
    {
      "type": "Feature",
      "id": 867,
      "properties": {
        "area_ha": 1.08,
        "area_km2": 0.0108,
        "mean_index": 0.6708,
        "max_index": 0.6994,
        "mean_slope_deg": 24.8,
        "max_slope_deg": 28.2,
        "min_dist_road_m": 331,
        "builtup_ha": 0.0,
        "cropland_ha": 0.0,
        "ntl_sum": 0.677,
        "exposure_score": 47.9,
        "lon": 88.55838,
        "lat": 27.32188,
        "rank_area": 867,
        "rank_exposure": 544,
        "past_slides": 0
      },
      "geometry": {
        "type": "Point",
        "coordinates": [
          88.55838,
          27.32188
        ]
      }
    },
    {
      "type": "Feature",
      "id": 868,
      "properties": {
        "area_ha": 1.08,
        "area_km2": 0.0108,
        "mean_index": 0.6692,
        "max_index": 0.7126,
        "mean_slope_deg": 19.4,
        "max_slope_deg": 22.9,
        "min_dist_road_m": 190,
        "builtup_ha": 0.0,
        "cropland_ha": 0.0,
        "ntl_sum": 0.322,
        "exposure_score": 40.5,
        "lon": 88.42342,
        "lat": 27.31804,
        "rank_area": 868,
        "rank_exposure": 662,
        "past_slides": 0
      },
      "geometry": {
        "type": "Point",
        "coordinates": [
          88.42342,
          27.31804
        ]
      }
    },
    {
      "type": "Feature",
      "id": 869,
      "properties": {
        "area_ha": 1.08,
        "area_km2": 0.0108,
        "mean_index": 0.678,
        "max_index": 0.6955,
        "mean_slope_deg": 34.9,
        "max_slope_deg": 41.7,
        "min_dist_road_m": 0,
        "builtup_ha": 0.0,
        "cropland_ha": 0.0,
        "ntl_sum": 0.301,
        "exposure_score": 40.7,
        "lon": 88.50767,
        "lat": 27.31675,
        "rank_area": 869,
        "rank_exposure": 660,
        "past_slides": 0
      },
      "geometry": {
        "type": "Point",
        "coordinates": [
          88.50767,
          27.31675
        ]
      }
    },
    {
      "type": "Feature",
      "id": 870,
      "properties": {
        "area_ha": 1.08,
        "area_km2": 0.0108,
        "mean_index": 0.6714,
        "max_index": 0.7117,
        "mean_slope_deg": 26.1,
        "max_slope_deg": 29.3,
        "min_dist_road_m": 124,
        "builtup_ha": 0.0,
        "cropland_ha": 0.0,
        "ntl_sum": 0.511,
        "exposure_score": 46.8,
        "lon": 88.25711,
        "lat": 27.31747,
        "rank_area": 870,
        "rank_exposure": 565,
        "past_slides": 0
      },
      "geometry": {
        "type": "Point",
        "coordinates": [
          88.25711,
          27.31747
        ]
      }
    },
    {
      "type": "Feature",
      "id": 871,
      "properties": {
        "area_ha": 1.08,
        "area_km2": 0.0108,
        "mean_index": 0.6738,
        "max_index": 0.7155,
        "mean_slope_deg": 23.7,
        "max_slope_deg": 26.1,
        "min_dist_road_m": 192,
        "builtup_ha": 0.0,
        "cropland_ha": 0.0,
        "ntl_sum": 0.456,
        "exposure_score": 44.8,
        "lon": 88.2333,
        "lat": 27.31714,
        "rank_area": 871,
        "rank_exposure": 591,
        "past_slides": 0
      },
      "geometry": {
        "type": "Point",
        "coordinates": [
          88.2333,
          27.31714
        ]
      }
    },
    {
      "type": "Feature",
      "id": 872,
      "properties": {
        "area_ha": 1.08,
        "area_km2": 0.0108,
        "mean_index": 0.6666,
        "max_index": 0.7004,
        "mean_slope_deg": 26.3,
        "max_slope_deg": 35.4,
        "min_dist_road_m": 1357,
        "builtup_ha": 0.0,
        "cropland_ha": 0.0,
        "ntl_sum": 0.482,
        "exposure_score": 33.2,
        "lon": 88.34799,
        "lat": 27.31391,
        "rank_area": 872,
        "rank_exposure": 771,
        "past_slides": 0
      },
      "geometry": {
        "type": "Point",
        "coordinates": [
          88.34799,
          27.31391
        ]
      }
    },
    {
      "type": "Feature",
      "id": 873,
      "properties": {
        "area_ha": 1.08,
        "area_km2": 0.0108,
        "mean_index": 0.6635,
        "max_index": 0.6778,
        "mean_slope_deg": 0.0,
        "max_slope_deg": 0.0,
        "min_dist_road_m": 1026,
        "builtup_ha": 0.0,
        "cropland_ha": 0.0,
        "ntl_sum": 1.638,
        "exposure_score": 57.8,
        "lon": 88.27896,
        "lat": 27.3105,
        "rank_area": 873,
        "rank_exposure": 385,
        "past_slides": 0
      },
      "geometry": {
        "type": "Point",
        "coordinates": [
          88.27896,
          27.3105
        ]
      }
    },
    {
      "type": "Feature",
      "id": 874,
      "properties": {
        "area_ha": 1.08,
        "area_km2": 0.0108,
        "mean_index": 0.669,
        "max_index": 0.6891,
        "mean_slope_deg": 26.1,
        "max_slope_deg": 31.1,
        "min_dist_road_m": 1944,
        "builtup_ha": 0.0,
        "cropland_ha": 0.0,
        "ntl_sum": 0.446,
        "exposure_score": 27.4,
        "lon": 88.33986,
        "lat": 27.30817,
        "rank_area": 874,
        "rank_exposure": 822,
        "past_slides": 0
      },
      "geometry": {
        "type": "Point",
        "coordinates": [
          88.33986,
          27.30817
        ]
      }
    },
    {
      "type": "Feature",
      "id": 875,
      "properties": {
        "area_ha": 1.08,
        "area_km2": 0.0108,
        "mean_index": 0.6691,
        "max_index": 0.699,
        "mean_slope_deg": 22.6,
        "max_slope_deg": 24.9,
        "min_dist_road_m": 1071,
        "builtup_ha": 0.0,
        "cropland_ha": 0.0,
        "ntl_sum": 0.44,
        "exposure_score": 36.3,
        "lon": 88.32047,
        "lat": 27.3074,
        "rank_area": 875,
        "rank_exposure": 728,
        "past_slides": 0
      },
      "geometry": {
        "type": "Point",
        "coordinates": [
          88.32047,
          27.3074
        ]
      }
    },
    {
      "type": "Feature",
      "id": 876,
      "properties": {
        "area_ha": 1.08,
        "area_km2": 0.0108,
        "mean_index": 0.6566,
        "max_index": 0.6742,
        "mean_slope_deg": 28.5,
        "max_slope_deg": 35.5,
        "min_dist_road_m": 1702,
        "builtup_ha": 0.0,
        "cropland_ha": 0.0,
        "ntl_sum": 0.395,
        "exposure_score": 28.5,
        "lon": 88.33025,
        "lat": 27.30691,
        "rank_area": 876,
        "rank_exposure": 817,
        "past_slides": 0
      },
      "geometry": {
        "type": "Point",
        "coordinates": [
          88.33025,
          27.30691
        ]
      }
    },
    {
      "type": "Feature",
      "id": 877,
      "properties": {
        "area_ha": 1.08,
        "area_km2": 0.0108,
        "mean_index": 0.6709,
        "max_index": 0.697,
        "mean_slope_deg": 25.8,
        "max_slope_deg": 33.5,
        "min_dist_road_m": 1583,
        "builtup_ha": 0.0,
        "cropland_ha": 0.0,
        "ntl_sum": 0.272,
        "exposure_score": 25.2,
        "lon": 88.54211,
        "lat": 27.30161,
        "rank_area": 877,
        "rank_exposure": 844,
        "past_slides": 0
      },
      "geometry": {
        "type": "Point",
        "coordinates": [
          88.54211,
          27.30161
        ]
      }
    },
    {
      "type": "Feature",
      "id": 878,
      "properties": {
        "area_ha": 1.08,
        "area_km2": 0.0108,
        "mean_index": 0.6621,
        "max_index": 0.6981,
        "mean_slope_deg": 30.4,
        "max_slope_deg": 36.1,
        "min_dist_road_m": 983,
        "builtup_ha": 0.0,
        "cropland_ha": 0.0,
        "ntl_sum": 0.596,
        "exposure_score": 41.8,
        "lon": 88.34832,
        "lat": 27.30186,
        "rank_area": 878,
        "rank_exposure": 646,
        "past_slides": 0
      },
      "geometry": {
        "type": "Point",
        "coordinates": [
          88.34832,
          27.30186
        ]
      }
    },
    {
      "type": "Feature",
      "id": 879,
      "properties": {
        "area_ha": 1.08,
        "area_km2": 0.0108,
        "mean_index": 0.6751,
        "max_index": 0.7012,
        "mean_slope_deg": 35.1,
        "max_slope_deg": 47.9,
        "min_dist_road_m": 891,
        "builtup_ha": 0.0,
        "cropland_ha": 0.0,
        "ntl_sum": 0.397,
        "exposure_score": 37.1,
        "lon": 88.39992,
        "lat": 27.29959,
        "rank_area": 879,
        "rank_exposure": 708,
        "past_slides": 0
      },
      "geometry": {
        "type": "Point",
        "coordinates": [
          88.39992,
          27.29959
        ]
      }
    },
    {
      "type": "Feature",
      "id": 880,
      "properties": {
        "area_ha": 1.08,
        "area_km2": 0.0108,
        "mean_index": 0.6492,
        "max_index": 0.6613,
        "mean_slope_deg": 23.5,
        "max_slope_deg": 26.2,
        "min_dist_road_m": 0,
        "builtup_ha": 0.0,
        "cropland_ha": 0.0,
        "ntl_sum": 2.487,
        "exposure_score": 55.4,
        "lon": 88.58934,
        "lat": 27.29256,
        "rank_area": 880,
        "rank_exposure": 422,
        "past_slides": 0
      },
      "geometry": {
        "type": "Point",
        "coordinates": [
          88.58934,
          27.29256
        ]
      }
    },
    {
      "type": "Feature",
      "id": 881,
      "properties": {
        "area_ha": 1.08,
        "area_km2": 0.0108,
        "mean_index": 0.7055,
        "max_index": 0.7751,
        "mean_slope_deg": 18.4,
        "max_slope_deg": 22.8,
        "min_dist_road_m": 0,
        "builtup_ha": 0.18,
        "cropland_ha": 0.0,
        "ntl_sum": 1.094,
        "exposure_score": 63.4,
        "lon": 88.41743,
        "lat": 27.29427,
        "rank_area": 881,
        "rank_exposure": 303,
        "past_slides": 0
      },
      "geometry": {
        "type": "Point",
        "coordinates": [
          88.41743,
          27.29427
        ]
      }
    },
    {
      "type": "Feature",
      "id": 882,
      "properties": {
        "area_ha": 1.08,
        "area_km2": 0.0108,
        "mean_index": 0.6628,
        "max_index": 0.6944,
        "mean_slope_deg": 24.1,
        "max_slope_deg": 26.1,
        "min_dist_road_m": 0,
        "builtup_ha": 0.0,
        "cropland_ha": 0.63,
        "ntl_sum": 0.625,
        "exposure_score": 35.5,
        "lon": 88.43508,
        "lat": 27.29219,
        "rank_area": 882,
        "rank_exposure": 738,
        "past_slides": 0
      },
      "geometry": {
        "type": "Point",
        "coordinates": [
          88.43508,
          27.29219
        ]
      }
    },
    {
      "type": "Feature",
      "id": 883,
      "properties": {
        "area_ha": 1.08,
        "area_km2": 0.0108,
        "mean_index": 0.6825,
        "max_index": 0.729,
        "mean_slope_deg": 15.9,
        "max_slope_deg": 22.0,
        "min_dist_road_m": 256,
        "builtup_ha": 0.0,
        "cropland_ha": 0.09,
        "ntl_sum": 0.502,
        "exposure_score": 29.7,
        "lon": 88.36007,
        "lat": 27.28861,
        "rank_area": 883,
        "rank_exposure": 804,
        "past_slides": 0
      },
      "geometry": {
        "type": "Point",
        "coordinates": [
          88.36007,
          27.28861
        ]
      }
    },
    {
      "type": "Feature",
      "id": 884,
      "properties": {
        "area_ha": 1.08,
        "area_km2": 0.0108,
        "mean_index": 0.6588,
        "max_index": 0.6955,
        "mean_slope_deg": 27.1,
        "max_slope_deg": 30.5,
        "min_dist_road_m": 150,
        "builtup_ha": 0.0,
        "cropland_ha": 0.0,
        "ntl_sum": 0.677,
        "exposure_score": 36.4,
        "lon": 88.43332,
        "lat": 27.28693,
        "rank_area": 884,
        "rank_exposure": 724,
        "past_slides": 0
      },
      "geometry": {
        "type": "Point",
        "coordinates": [
          88.43332,
          27.28693
        ]
      }
    },
    {
      "type": "Feature",
      "id": 885,
      "properties": {
        "area_ha": 1.08,
        "area_km2": 0.0108,
        "mean_index": 0.6669,
        "max_index": 0.6972,
        "mean_slope_deg": 33.9,
        "max_slope_deg": 43.6,
        "min_dist_road_m": 2676,
        "builtup_ha": 0.0,
        "cropland_ha": 0.0,
        "ntl_sum": 0.221,
        "exposure_score": 5.4,
        "lon": 88.16178,
        "lat": 27.28877,
        "rank_area": 885,
        "rank_exposure": 917,
        "past_slides": 0
      },
      "geometry": {
        "type": "Point",
        "coordinates": [
          88.16178,
          27.28877
        ]
      }
    },
    {
      "type": "Feature",
      "id": 886,
      "properties": {
        "area_ha": 1.08,
        "area_km2": 0.0108,
        "mean_index": 0.6657,
        "max_index": 0.6908,
        "mean_slope_deg": 29.4,
        "max_slope_deg": 35.8,
        "min_dist_road_m": 1953,
        "builtup_ha": 0.0,
        "cropland_ha": 0.0,
        "ntl_sum": 0.238,
        "exposure_score": 7.3,
        "lon": 88.1566,
        "lat": 27.28259,
        "rank_area": 886,
        "rank_exposure": 916,
        "past_slides": 0
      },
      "geometry": {
        "type": "Point",
        "coordinates": [
          88.1566,
          27.28259
        ]
      }
    },
    {
      "type": "Feature",
      "id": 887,
      "properties": {
        "area_ha": 1.08,
        "area_km2": 0.0108,
        "mean_index": 0.6654,
        "max_index": 0.689,
        "mean_slope_deg": 27.2,
        "max_slope_deg": 32.6,
        "min_dist_road_m": 4729,
        "builtup_ha": 0.0,
        "cropland_ha": 0.63,
        "ntl_sum": 0.294,
        "exposure_score": 7.5,
        "lon": 88.05145,
        "lat": 27.28261,
        "rank_area": 887,
        "rank_exposure": 913,
        "past_slides": 0
      },
      "geometry": {
        "type": "Point",
        "coordinates": [
          88.05145,
          27.28261
        ]
      }
    },
    {
      "type": "Feature",
      "id": 888,
      "properties": {
        "area_ha": 1.08,
        "area_km2": 0.0108,
        "mean_index": 0.6604,
        "max_index": 0.6947,
        "mean_slope_deg": 31.0,
        "max_slope_deg": 37.5,
        "min_dist_road_m": 153,
        "builtup_ha": 0.0,
        "cropland_ha": 0.09,
        "ntl_sum": 0.692,
        "exposure_score": 37.9,
        "lon": 88.57442,
        "lat": 27.27445,
        "rank_area": 888,
        "rank_exposure": 690,
        "past_slides": 0
      },
      "geometry": {
        "type": "Point",
        "coordinates": [
          88.57442,
          27.27445
        ]
      }
    },
    {
      "type": "Feature",
      "id": 889,
      "properties": {
        "area_ha": 1.08,
        "area_km2": 0.0108,
        "mean_index": 0.6672,
        "max_index": 0.6903,
        "mean_slope_deg": 32.3,
        "max_slope_deg": 42.2,
        "min_dist_road_m": 1464,
        "builtup_ha": 0.0,
        "cropland_ha": 0.0,
        "ntl_sum": 0.42,
        "exposure_score": 11.3,
        "lon": 88.21525,
        "lat": 27.27017,
        "rank_area": 889,
        "rank_exposure": 905,
        "past_slides": 0
      },
      "geometry": {
        "type": "Point",
        "coordinates": [
          88.21525,
          27.27017
        ]
      }
    },
    {
      "type": "Feature",
      "id": 890,
      "properties": {
        "area_ha": 1.08,
        "area_km2": 0.0108,
        "mean_index": 0.6668,
        "max_index": 0.7154,
        "mean_slope_deg": 26.5,
        "max_slope_deg": 35.0,
        "min_dist_road_m": 417,
        "builtup_ha": 0.0,
        "cropland_ha": 0.0,
        "ntl_sum": 3.236,
        "exposure_score": 50.0,
        "lon": 88.59077,
        "lat": 27.26533,
        "rank_area": 890,
        "rank_exposure": 503,
        "past_slides": 0
      },
      "geometry": {
        "type": "Point",
        "coordinates": [
          88.59077,
          27.26533
        ]
      }
    },
    {
      "type": "Feature",
      "id": 891,
      "properties": {
        "area_ha": 1.08,
        "area_km2": 0.0108,
        "mean_index": 0.666,
        "max_index": 0.7021,
        "mean_slope_deg": 26.2,
        "max_slope_deg": 31.4,
        "min_dist_road_m": 1061,
        "builtup_ha": 0.0,
        "cropland_ha": 0.0,
        "ntl_sum": 0.421,
        "exposure_score": 16.3,
        "lon": 88.40942,
        "lat": 27.26619,
        "rank_area": 891,
        "rank_exposure": 894,
        "past_slides": 0
      },
      "geometry": {
        "type": "Point",
        "coordinates": [
          88.40942,
          27.26619
        ]
      }
    },
    {
      "type": "Feature",
      "id": 892,
      "properties": {
        "area_ha": 1.08,
        "area_km2": 0.0108,
        "mean_index": 0.7011,
        "max_index": 0.7301,
        "mean_slope_deg": 27.8,
        "max_slope_deg": 31.7,
        "min_dist_road_m": 671,
        "builtup_ha": 0.0,
        "cropland_ha": 0.0,
        "ntl_sum": 0.595,
        "exposure_score": 25.2,
        "lon": 88.22284,
        "lat": 27.26171,
        "rank_area": 892,
        "rank_exposure": 845,
        "past_slides": 0
      },
      "geometry": {
        "type": "Point",
        "coordinates": [
          88.22284,
          27.26171
        ]
      }
    },
    {
      "type": "Feature",
      "id": 893,
      "properties": {
        "area_ha": 1.08,
        "area_km2": 0.0108,
        "mean_index": 0.6629,
        "max_index": 0.6797,
        "mean_slope_deg": 30.9,
        "max_slope_deg": 37.4,
        "min_dist_road_m": 1790,
        "builtup_ha": 0.0,
        "cropland_ha": 0.0,
        "ntl_sum": 0.284,
        "exposure_score": 4.5,
        "lon": 88.08168,
        "lat": 27.26288,
        "rank_area": 893,
        "rank_exposure": 918,
        "past_slides": 0
      },
      "geometry": {
        "type": "Point",
        "coordinates": [
          88.08168,
          27.26288
        ]
      }
    },
    {
      "type": "Feature",
      "id": 894,
      "properties": {
        "area_ha": 1.08,
        "area_km2": 0.0108,
        "mean_index": 0.6728,
        "max_index": 0.715,
        "mean_slope_deg": 20.7,
        "max_slope_deg": 25.1,
        "min_dist_road_m": 0,
        "builtup_ha": 0.0,
        "cropland_ha": 0.0,
        "ntl_sum": 0.363,
        "exposure_score": 26.3,
        "lon": 88.69776,
        "lat": 27.2466,
        "rank_area": 894,
        "rank_exposure": 835,
        "past_slides": 0
      },
      "geometry": {
        "type": "Point",
        "coordinates": [
          88.69776,
          27.2466
        ]
      }
    },
    {
      "type": "Feature",
      "id": 895,
      "properties": {
        "area_ha": 1.08,
        "area_km2": 0.0108,
        "mean_index": 0.6588,
        "max_index": 0.6799,
        "mean_slope_deg": 19.5,
        "max_slope_deg": 27.6,
        "min_dist_road_m": 0,
        "builtup_ha": 0.0,
        "cropland_ha": 0.0,
        "ntl_sum": 0.929,
        "exposure_score": 40.8,
        "lon": 88.52528,
        "lat": 27.24602,
        "rank_area": 895,
        "rank_exposure": 658,
        "past_slides": 0
      },
      "geometry": {
        "type": "Point",
        "coordinates": [
          88.52528,
          27.24602
        ]
      }
    },
    {
      "type": "Feature",
      "id": 896,
      "properties": {
        "area_ha": 1.08,
        "area_km2": 0.0108,
        "mean_index": 0.6588,
        "max_index": 0.6809,
        "mean_slope_deg": 51.5,
        "max_slope_deg": 61.3,
        "min_dist_road_m": 1657,
        "builtup_ha": 0.0,
        "cropland_ha": 0.0,
        "ntl_sum": 0.458,
        "exposure_score": 11.3,
        "lon": 88.55582,
        "lat": 27.24351,
        "rank_area": 896,
        "rank_exposure": 906,
        "past_slides": 0
      },
      "geometry": {
        "type": "Point",
        "coordinates": [
          88.55582,
          27.24351
        ]
      }
    },
    {
      "type": "Feature",
      "id": 897,
      "properties": {
        "area_ha": 1.08,
        "area_km2": 0.0108,
        "mean_index": 0.6669,
        "max_index": 0.7071,
        "mean_slope_deg": 42.2,
        "max_slope_deg": 52.5,
        "min_dist_road_m": 150,
        "builtup_ha": 0.0,
        "cropland_ha": 0.0,
        "ntl_sum": 0.28,
        "exposure_score": 22.3,
        "lon": 88.68344,
        "lat": 27.24163,
        "rank_area": 897,
        "rank_exposure": 860,
        "past_slides": 0
      },
      "geometry": {
        "type": "Point",
        "coordinates": [
          88.68344,
          27.24163
        ]
      }
    },
    {
      "type": "Feature",
      "id": 898,
      "properties": {
        "area_ha": 1.08,
        "area_km2": 0.0108,
        "mean_index": 0.6642,
        "max_index": 0.7036,
        "mean_slope_deg": 20.0,
        "max_slope_deg": 25.7,
        "min_dist_road_m": 0,
        "builtup_ha": 0.18,
        "cropland_ha": 0.0,
        "ntl_sum": 1.062,
        "exposure_score": 62.4,
        "lon": 88.44974,
        "lat": 27.24086,
        "rank_area": 898,
        "rank_exposure": 319,
        "past_slides": 0
      },
      "geometry": {
        "type": "Point",
        "coordinates": [
          88.44974,
          27.24086
        ]
      }
    },
    {
      "type": "Feature",
      "id": 899,
      "properties": {
        "area_ha": 1.08,
        "area_km2": 0.0108,
        "mean_index": 0.6683,
        "max_index": 0.7168,
        "mean_slope_deg": 18.4,
        "max_slope_deg": 25.3,
        "min_dist_road_m": 1936,
        "builtup_ha": 0.0,
        "cropland_ha": 0.0,
        "ntl_sum": 0.232,
        "exposure_score": 7.4,
        "lon": 88.19066,
        "lat": 27.23789,
        "rank_area": 899,
        "rank_exposure": 914,
        "past_slides": 0
      },
      "geometry": {
        "type": "Point",
        "coordinates": [
          88.19066,
          27.23789
        ]
      }
    },
    {
      "type": "Feature",
      "id": 900,
      "properties": {
        "area_ha": 1.08,
        "area_km2": 0.0108,
        "mean_index": 0.6717,
        "max_index": 0.7055,
        "mean_slope_deg": 24.9,
        "max_slope_deg": 28.0,
        "min_dist_road_m": 175,
        "builtup_ha": 0.0,
        "cropland_ha": 0.0,
        "ntl_sum": 0.691,
        "exposure_score": 42.9,
        "lon": 88.42375,
        "lat": 27.23233,
        "rank_area": 900,
        "rank_exposure": 629,
        "past_slides": 0
      },
      "geometry": {
        "type": "Point",
        "coordinates": [
          88.42375,
          27.23233
        ]
      }
    },
    {
      "type": "Feature",
      "id": 901,
      "properties": {
        "area_ha": 1.08,
        "area_km2": 0.0108,
        "mean_index": 0.6559,
        "max_index": 0.6725,
        "mean_slope_deg": 28.6,
        "max_slope_deg": 36.1,
        "min_dist_road_m": 0,
        "builtup_ha": 0.0,
        "cropland_ha": 0.0,
        "ntl_sum": 0.436,
        "exposure_score": 35.4,
        "lon": 88.74592,
        "lat": 27.22692,
        "rank_area": 901,
        "rank_exposure": 743,
        "past_slides": 0
      },
      "geometry": {
        "type": "Point",
        "coordinates": [
          88.74592,
          27.22692
        ]
      }
    },
    {
      "type": "Feature",
      "id": 902,
      "properties": {
        "area_ha": 1.08,
        "area_km2": 0.0108,
        "mean_index": 0.665,
        "max_index": 0.7341,
        "mean_slope_deg": 24.1,
        "max_slope_deg": 26.7,
        "min_dist_road_m": 309,
        "builtup_ha": 0.0,
        "cropland_ha": 0.0,
        "ntl_sum": 0.281,
        "exposure_score": 28.9,
        "lon": 88.39964,
        "lat": 27.22878,
        "rank_area": 902,
        "rank_exposure": 811,
        "past_slides": 0
      },
      "geometry": {
        "type": "Point",
        "coordinates": [
          88.39964,
          27.22878
        ]
      }
    },
    {
      "type": "Feature",
      "id": 903,
      "properties": {
        "area_ha": 1.08,
        "area_km2": 0.0108,
        "mean_index": 0.6738,
        "max_index": 0.6965,
        "mean_slope_deg": 28.9,
        "max_slope_deg": 40.2,
        "min_dist_road_m": 2673,
        "builtup_ha": 0.0,
        "cropland_ha": 0.0,
        "ntl_sum": 0.246,
        "exposure_score": 9.5,
        "lon": 88.20346,
        "lat": 27.22871,
        "rank_area": 903,
        "rank_exposure": 910,
        "past_slides": 0
      },
      "geometry": {
        "type": "Point",
        "coordinates": [
          88.20346,
          27.22871
        ]
      }
    },
    {
      "type": "Feature",
      "id": 904,
      "properties": {
        "area_ha": 1.08,
        "area_km2": 0.0108,
        "mean_index": 0.6557,
        "max_index": 0.7073,
        "mean_slope_deg": 28.5,
        "max_slope_deg": 37.9,
        "min_dist_road_m": 1149,
        "builtup_ha": 0.0,
        "cropland_ha": 0.0,
        "ntl_sum": 0.52,
        "exposure_score": 26.7,
        "lon": 88.23319,
        "lat": 27.22696,
        "rank_area": 904,
        "rank_exposure": 831,
        "past_slides": 0
      },
      "geometry": {
        "type": "Point",
        "coordinates": [
          88.23319,
          27.22696
        ]
      }
    },
    {
      "type": "Feature",
      "id": 905,
      "properties": {
        "area_ha": 1.08,
        "area_km2": 0.0108,
        "mean_index": 0.6649,
        "max_index": 0.6901,
        "mean_slope_deg": 24.0,
        "max_slope_deg": 28.9,
        "min_dist_road_m": 2385,
        "builtup_ha": 0.0,
        "cropland_ha": 0.0,
        "ntl_sum": 0.422,
        "exposure_score": 17.1,
        "lon": 88.54865,
        "lat": 27.21936,
        "rank_area": 905,
        "rank_exposure": 888,
        "past_slides": 0
      },
      "geometry": {
        "type": "Point",
        "coordinates": [
          88.54865,
          27.21936
        ]
      }
    },
    {
      "type": "Feature",
      "id": 906,
      "properties": {
        "area_ha": 1.08,
        "area_km2": 0.0108,
        "mean_index": 0.6654,
        "max_index": 0.6841,
        "mean_slope_deg": 28.8,
        "max_slope_deg": 33.6,
        "min_dist_road_m": 990,
        "builtup_ha": 0.0,
        "cropland_ha": 0.0,
        "ntl_sum": 0.389,
        "exposure_score": 26.5,
        "lon": 88.7066,
        "lat": 27.21427,
        "rank_area": 906,
        "rank_exposure": 833,
        "past_slides": 0
      },
      "geometry": {
        "type": "Point",
        "coordinates": [
          88.7066,
          27.21427
        ]
      }
    },
    {
      "type": "Feature",
      "id": 907,
      "properties": {
        "area_ha": 1.08,
        "area_km2": 0.0108,
        "mean_index": 0.6633,
        "max_index": 0.6853,
        "mean_slope_deg": 30.8,
        "max_slope_deg": 39.9,
        "min_dist_road_m": 853,
        "builtup_ha": 0.0,
        "cropland_ha": 0.0,
        "ntl_sum": 0.615,
        "exposure_score": 35.2,
        "lon": 88.52287,
        "lat": 27.21341,
        "rank_area": 907,
        "rank_exposure": 746,
        "past_slides": 0
      },
      "geometry": {
        "type": "Point",
        "coordinates": [
          88.52287,
          27.21341
        ]
      }
    },
    {
      "type": "Feature",
      "id": 908,
      "properties": {
        "area_ha": 1.08,
        "area_km2": 0.0108,
        "mean_index": 0.6683,
        "max_index": 0.7003,
        "mean_slope_deg": 37.9,
        "max_slope_deg": 43.7,
        "min_dist_road_m": 330,
        "builtup_ha": 0.0,
        "cropland_ha": 0.0,
        "ntl_sum": 0.586,
        "exposure_score": 38.4,
        "lon": 88.70395,
        "lat": 27.20713,
        "rank_area": 908,
        "rank_exposure": 680,
        "past_slides": 0
      },
      "geometry": {
        "type": "Point",
        "coordinates": [
          88.70395,
          27.20713
        ]
      }
    },
    {
      "type": "Feature",
      "id": 909,
      "properties": {
        "area_ha": 1.08,
        "area_km2": 0.0108,
        "mean_index": 0.6736,
        "max_index": 0.7037,
        "mean_slope_deg": 24.0,
        "max_slope_deg": 33.3,
        "min_dist_road_m": 247,
        "builtup_ha": 0.0,
        "cropland_ha": 0.0,
        "ntl_sum": 0.763,
        "exposure_score": 43.8,
        "lon": 88.53464,
        "lat": 27.20313,
        "rank_area": 909,
        "rank_exposure": 614,
        "past_slides": 0
      },
      "geometry": {
        "type": "Point",
        "coordinates": [
          88.53464,
          27.20313
        ]
      }
    },
    {
      "type": "Feature",
      "id": 910,
      "properties": {
        "area_ha": 1.08,
        "area_km2": 0.0108,
        "mean_index": 0.6795,
        "max_index": 0.706,
        "mean_slope_deg": 40.8,
        "max_slope_deg": 46.5,
        "min_dist_road_m": 306,
        "builtup_ha": 0.0,
        "cropland_ha": 0.0,
        "ntl_sum": 0.804,
        "exposure_score": 43.0,
        "lon": 88.7074,
        "lat": 27.19978,
        "rank_area": 910,
        "rank_exposure": 627,
        "past_slides": 0
      },
      "geometry": {
        "type": "Point",
        "coordinates": [
          88.7074,
          27.19978
        ]
      }
    },
    {
      "type": "Feature",
      "id": 911,
      "properties": {
        "area_ha": 1.08,
        "area_km2": 0.0108,
        "mean_index": 0.6581,
        "max_index": 0.6722,
        "mean_slope_deg": 25.6,
        "max_slope_deg": 28.6,
        "min_dist_road_m": 997,
        "builtup_ha": 0.0,
        "cropland_ha": 0.0,
        "ntl_sum": 0.594,
        "exposure_score": 30.2,
        "lon": 88.72155,
        "lat": 27.19811,
        "rank_area": 911,
        "rank_exposure": 796,
        "past_slides": 0
      },
      "geometry": {
        "type": "Point",
        "coordinates": [
          88.72155,
          27.19811
        ]
      }
    },
    {
      "type": "Feature",
      "id": 912,
      "properties": {
        "area_ha": 1.08,
        "area_km2": 0.0108,
        "mean_index": 0.6858,
        "max_index": 0.7266,
        "mean_slope_deg": 28.8,
        "max_slope_deg": 42.7,
        "min_dist_road_m": 1206,
        "builtup_ha": 0.0,
        "cropland_ha": 0.18,
        "ntl_sum": 0.339,
        "exposure_score": 18.3,
        "lon": 88.16225,
        "lat": 27.19696,
        "rank_area": 912,
        "rank_exposure": 884,
        "past_slides": 0
      },
      "geometry": {
        "type": "Point",
        "coordinates": [
          88.16225,
          27.19696
        ]
      }
    },
    {
      "type": "Feature",
      "id": 913,
      "properties": {
        "area_ha": 1.08,
        "area_km2": 0.0108,
        "mean_index": 0.6801,
        "max_index": 0.7173,
        "mean_slope_deg": 23.6,
        "max_slope_deg": 29.5,
        "min_dist_road_m": 3687,
        "builtup_ha": 0.0,
        "cropland_ha": 0.0,
        "ntl_sum": 0.468,
        "exposure_score": 13.7,
        "lon": 88.26351,
        "lat": 27.1923,
        "rank_area": 913,
        "rank_exposure": 901,
        "past_slides": 0
      },
      "geometry": {
        "type": "Point",
        "coordinates": [
          88.26351,
          27.1923
        ]
      }
    },
    {
      "type": "Feature",
      "id": 914,
      "properties": {
        "area_ha": 1.08,
        "area_km2": 0.0108,
        "mean_index": 0.6618,
        "max_index": 0.6787,
        "mean_slope_deg": 26.3,
        "max_slope_deg": 31.5,
        "min_dist_road_m": 120,
        "builtup_ha": 0.0,
        "cropland_ha": 0.0,
        "ntl_sum": 0.56,
        "exposure_score": 35.7,
        "lon": 88.67416,
        "lat": 27.18339,
        "rank_area": 914,
        "rank_exposure": 734,
        "past_slides": 0
      },
      "geometry": {
        "type": "Point",
        "coordinates": [
          88.67416,
          27.18339
        ]
      }
    },
    {
      "type": "Feature",
      "id": 915,
      "properties": {
        "area_ha": 1.08,
        "area_km2": 0.0108,
        "mean_index": 0.668,
        "max_index": 0.6896,
        "mean_slope_deg": 28.1,
        "max_slope_deg": 37.2,
        "min_dist_road_m": 1622,
        "builtup_ha": 0.0,
        "cropland_ha": 0.54,
        "ntl_sum": 0.8,
        "exposure_score": 26.4,
        "lon": 88.27844,
        "lat": 27.17862,
        "rank_area": 915,
        "rank_exposure": 834,
        "past_slides": 0
      },
      "geometry": {
        "type": "Point",
        "coordinates": [
          88.27844,
          27.17862
        ]
      }
    },
    {
      "type": "Feature",
      "id": 916,
      "properties": {
        "area_ha": 1.08,
        "area_km2": 0.0108,
        "mean_index": 0.6507,
        "max_index": 0.6574,
        "mean_slope_deg": 41.1,
        "max_slope_deg": 43.0,
        "min_dist_road_m": 2324,
        "builtup_ha": 0.0,
        "cropland_ha": 0.0,
        "ntl_sum": 0.472,
        "exposure_score": 14.8,
        "lon": 88.26696,
        "lat": 27.16789,
        "rank_area": 916,
        "rank_exposure": 896,
        "past_slides": 0
      },
      "geometry": {
        "type": "Point",
        "coordinates": [
          88.26696,
          27.16789
        ]
      }
    },
    {
      "type": "Feature",
      "id": 917,
      "properties": {
        "area_ha": 1.08,
        "area_km2": 0.0108,
        "mean_index": 0.6619,
        "max_index": 0.68,
        "mean_slope_deg": 29.1,
        "max_slope_deg": 32.2,
        "min_dist_road_m": 484,
        "builtup_ha": 0.0,
        "cropland_ha": 0.0,
        "ntl_sum": 0.584,
        "exposure_score": 35.7,
        "lon": 88.48678,
        "lat": 27.15626,
        "rank_area": 917,
        "rank_exposure": 735,
        "past_slides": 0
      },
      "geometry": {
        "type": "Point",
        "coordinates": [
          88.48678,
          27.15626
        ]
      }
    },
    {
      "type": "Feature",
      "id": 918,
      "properties": {
        "area_ha": 1.08,
        "area_km2": 0.0108,
        "mean_index": 0.6532,
        "max_index": 0.6694,
        "mean_slope_deg": 36.0,
        "max_slope_deg": 43.0,
        "min_dist_road_m": 2123,
        "builtup_ha": 0.0,
        "cropland_ha": 0.0,
        "ntl_sum": 0.488,
        "exposure_score": 15.3,
        "lon": 88.48647,
        "lat": 27.13473,
        "rank_area": 918,
        "rank_exposure": 895,
        "past_slides": 0
      },
      "geometry": {
        "type": "Point",
        "coordinates": [
          88.48647,
          27.13473
        ]
      }
    }
  ]
}